연번,유형,동명,주소,도로명 주소,X좌표,Y좌표
1,의류수거함,강일동,676-2,강동구 아리수로91길 38 (강일동),127.1727419,37.56548781
2,의류수거함,강일동,675-4,강동구 아리수로93길 9 (강일동),127.174352,37.56523776
3,의류수거함,강일동,675-1,강동구 아리수로93길 27 (강일동),127.1738158,37.56562147
4,의류수거함,상일동,337-7,강동구 상암로81길 14 (상일동) ,127.167804,37.54635078
5,의류수거함,상일동,319-3,강동구 상암로81길 45 (상일동),127.169015,37.54634128
6,의류수거함,상일동,345-2,강동구 상암로81길 32 (상일동),127.1682342,37.54633579
7,의류수거함,상일동,337,강동구 상암로81길 22 (상일동),127.1677459,37.54648553
8,의류수거함,상일동,346-1,"강동구 상암로81길 10-1 (상일동, 태건빌)",127.1680205,37.54621715
9,의류수거함,상일동,452,강동구 상암로81길 10-9 (상일동),127.16835,37.54609332
10,의류수거함,상일동,307,강동구 천호대로219길 30 (상일동),127.1702957,37.54718825
11,의류수거함,상일동,292-3,강동구 천호대로219길 40 (상일동),127.1705738,37.54762271
12,의류수거함,상일동,280-4,강동구 천호대로219길 72 (상일동),127.1711249,37.54896014
13,의류수거함,상일동,199,강동구 천호대로219길 90 (상일동),127.1709456,37.54982389
14,의류수거함,명일1동,305-11,강동구 양재대로151길 8-10 (명일동),127.1435962,37.5543956
15,의류수거함,명일1동,305-24,강동구 양재대로151길 20 (명일동),127.1430223,37.5541031
16,의류수거함,명일1동,312-222,강동구 고덕로38길 34-4 (명일동),127.1424449,37.55313479
17,의류수거함,명일1동,312-31,강동구 고덕로38길 39-10 (명일동),127.1432093,37.5525997
18,의류수거함,명일1동,312-129,"강동구 고덕로38길 40-5 (명일동, 명일그린빌)",127.1423828,37.55262975
19,의류수거함,명일1동,312-180,"강동구 구천면로65길 32 (명일동, 임성아트빌)",127.1415037,37.552308
20,의류수거함,명일1동,312-186,"강동구 양재대로145길 32 (명일동, 청일하이츠빌라)",127.1421398,37.55210537
21,의류수거함,명일1동,289-13,강동구 구천면로 431-6 (명일동),127.1467307,37.55047163
22,의류수거함,명일1동,334-6,강동구 상암로47길 65 (명일동),127.1442075,37.5494262
23,의류수거함,명일1동,345-14,강동구 상암로47길 13 (명일동),127.1438835,37.54708111
24,의류수거함,명일1동,337-30,강동구 양재대로134길 25 (명일동),127.1449508,37.54776462
25,의류수거함,명일1동,342-11,강동구 양재대로134길 34 (명일동),127.1454846,37.54759728
26,의류수거함,명일1동,339-27,강동구 양재대로134길 55 (명일동),127.1466925,37.5478583
27,의류수거함,명일1동,339-11,강동구 양재대로136길 58 (명일동),127.1469032,37.54823826
28,의류수거함,명일1동,338-13,강동구 양재대로136길 44 (명일동),127.1461328,37.5483138
29,의류수거함,명일1동,338-1,강동구 양재대로136길 36 (명일동),127.1457023,37.54835574
30,의류수거함,명일1동,337-1,강동구 양재대로136길 24 (명일동),127.1450568,37.54838712
31,의류수거함,명일1동,337-26,"강동구 상암로49길 34 (명일동, 선샤일빌2차)",127.1450042,37.54804434
32,의류수거함,명일1동,343-1,강동구 상암로49길 12 (명일동),127.1449937,37.54698101
33,의류수거함,명일1동,342-20,"강동구 상암로49길 12-7 (명일동, 대원빌라)",127.1453196,37.5471816
34,의류수거함,명일1동,268-2,강동구 양재대로130길 47 (명일동),127.1458985,37.54603243
35,의류수거함,명일1동,348-1,"강동구 양재대로130길 36 (명일동, 다성이즈빌아파트)",127.1452111,37.54577517
36,의류수거함,명일1동,349-1,강동구 천중로51길 102 (명일동),127.1452155,37.54538775
37,의류수거함,명일1동,268-19,강동구 상암로 210-29 (명일동),127.1460443,37.54515045
38,의류수거함,명일1동,268-20,"강동구 천중로51길 96 (명일동, 동은아트빌)",127.1452868,37.54509092
39,의류수거함,명일2동,257-1,강동구 상암로 257 (명일동),127.1511404,37.54682706
40,의류수거함,명일2동,246-4,강동구 상암로61길 32 (명일동),127.1527672,37.54808218
41,의류수거함,명일2동,91,강동구 상암로63길 36 (명일동),127.1542157,37.54808354
42,의류수거함,명일2동,228,강동구 상암로63길 6 (명일동),127.1541063,37.54674919
43,의류수거함,명일2동,228-10,강동구 상암로67길 5 (명일동),127.1555567,37.54657935
44,의류수거함,명일2동,151,강동구 상암로67길 41 (명일동),127.1556519,37.5481749
45,의류수거함,고덕1동,584-24,강동구 아리수로61길 15 (고덕동),127.1501365,37.56250722
46,의류수거함,고덕1동,664,강동구 아리수로 212-1 (고덕동),127.1517749,37.5617621
47,의류수거함,고덕1동,610,"강동구 아리수로 220-1 (고덕동, 벧엘빌라)",127.1527352,37.56192216
48,의류수거함,고덕1동,542,강동구 아리수로 228 (고덕동),127.1536958,37.56205519
49,의류수거함,고덕1동,567,강동구 아리수로 242 (고덕동),127.1550406,37.56225402
50,의류수거함,고덕1동,558,강동구 아리수로 250 (고덕동),127.1559203,37.56253062
51,의류수거함,고덕1동,556,강동구 아리수로 254-1 (고덕동),127.1563716,37.56265999
52,의류수거함,고덕1동,502-7,강동구 아리수로68길 44 (고덕동),127.156437,37.56087637
53,의류수거함,고덕1동,526,강동구 동남로85길 10-19 (고덕동),127.1560253,37.56225204
54,의류수거함,고덕1동,518,강동구 아리수로68길 10 (고덕동),127.1564429,37.56236315
55,의류수거함,고덕1동,507-4,강동구 동남로85길 41 (고덕동),127.1546948,37.56079184
56,의류수거함,고덕1동,533,강동구 동남로87길 39 (고덕동),127.1545471,37.56184502
57,의류수거함,고덕1동,535,강동구 동남로85길 48-24 (고덕동),127.1541406,37.56176102
58,의류수거함,고덕1동,535-5,강동구 동남로85길 48-8 (고덕동),127.1541593,37.56110338
59,의류수거함,고덕1동,505,강동구 아리수로64길 39 (고덕동),127.154064,37.56052603
60,의류수거함,고덕1동,629-8,강동구 아리수로64길 12 (고덕동),127.1534288,37.5616478
61,의류수거함,고덕1동,633,강동구 아리수로62길 27 (고덕동),127.1524879,37.56076704
62,의류수거함,고덕1동,638,강동구 동남로83길 56-24 (고덕동),127.1526069,37.56025429
63,의류수거함,고덕1동,639,강동구 동남로83길 68-10 (고덕동),127.1530161,37.56010404
64,의류수거함,고덕1동,646,강동구 동남로81길 100 (고덕동),127.1517045,37.55898634
65,의류수거함,고덕1동,649-5,강동구 동남로83길 94 (고덕동),127.1518592,37.55931183
66,의류수거함,고덕1동,649,강동구 동남로83길 90-5 (고덕동),127.1518578,37.55943797
67,의류수거함,고덕1동,659,강동구 고덕로61길 154 (고덕동),127.1512677,37.56156924
68,의류수거함,고덕2동,282,강동구 아리수로 286 (고덕동),127.1600154,37.562749
69,의류수거함,고덕2동,281,강동구 아리수로 296 (고덕동),127.160978,37.56271078
70,의류수거함,고덕2동,281-7,강동구 아리수로 304 (고덕동),127.1618843,37.56263611
71,의류수거함,고덕2동,233-4,강동구 아리수로 316 (고덕동),127.1631646,37.56252804
72,의류수거함,고덕2동,233-10,강동구 아리수로 322 (고덕동),127.1639234,37.56248836
73,의류수거함,고덕2동,233-12,강동구 아리수로 324 (고덕동),127.1641726,37.5624721
74,의류수거함,고덕2동,142-8,강동구 아리수로 352 (고덕동),127.1672201,37.56223229
75,의류수거함,고덕2동,165-1,강동구 아리수로 368 (고덕동),127.1691122,37.5620744
76,의류수거함,고덕2동,165-4,강동구 아리수로 372 (고덕동),127.1694858,37.56206802
77,의류수거함,고덕2동,123-4,강동구 고덕비즈밸리로6가길 33 (고덕동),127.166088,37.56530592
78,의류수거함,고덕2동,182-5,강동구 상일로 145 (고덕동),127.170607,37.55996741
79,의류수거함,고덕2동,179-6,강동구 상일로21길 14-4 (고덕동),127.1699518,37.55984568
80,의류수거함,고덕2동,186-3,강동구 상일로21길 25 (고덕동),127.1693665,37.55955323
81,의류수거함,고덕2동,187,강동구 고덕로83길 58 (고덕동),127.1688451,37.55962165
82,의류수거함,고덕2동,200-2,"강동구 상일로15길 6-10 (고덕동, 스퀘어원)",127.170667,37.55863427
83,의류수거함,고덕2동,195-5,강동구 상일로15길 34-23 (고덕동),127.1699762,37.55866547
84,의류수거함,고덕2동,176-4,강동구 상일로21길 14-24 (고덕동),127.1697605,37.56077242
85,의류수거함,고덕2동,176-3,강동구 고덕로83길 88 (고덕동),127.1697481,37.56087145
86,의류수거함,고덕2동,159-5,강동구 고덕로83길 132 (고덕동),127.1675578,37.56138768
87,의류수거함,고덕2동,156-4,강동구 아리수로82길 14-9 (고덕동),127.1669104,37.56158135
88,의류수거함,고덕2동,156-7,강동구 아리수로82길 18 (고덕동),127.167307,37.5615481
89,의류수거함,고덕2동,163,강동구 아리수로82길 5 (고덕동),127.1675956,37.56205473
90,의류수거함,고덕2동,225-10,강동구 동남로82길 147 (고덕동),127.1650686,37.56027985
91,의류수거함,고덕2동,228-1,강동구 아리수로78길 43-20 (고덕동),127.1646099,37.56081725
92,의류수거함,고덕2동,228,강동구 아리수로78길 43-16 (고덕동),127.1645428,37.56074469
93,의류수거함,고덕2동,249-2,강동구 아리수로78길 38 (고덕동),127.1635319,37.56106192
94,의류수거함,고덕2동,249,강동구 아리수로78길 32 (고덕동),127.1635297,37.56126014
95,의류수거함,고덕2동,245-5,강동구 아리수로78길 24 (고덕동),127.1637296,37.56160395
96,의류수거함,고덕2동,234-12,강동구 아리수로72길 83 (고덕동),127.1641628,37.56233687
97,의류수거함,고덕2동,247,강동구 아리수로78길 12 (고덕동),127.1640518,37.56214687
98,의류수거함,고덕2동,238,강동구 아리수로72길 64 (고덕동),127.1630098,37.56220257
99,의류수거함,고덕2동,260-3,강동구 아리수로76길 34 (고덕동),127.1622966,37.56119735
100,의류수거함,고덕2동,263-3,강동구 아리수로74길 35-17 (고덕동),127.1617421,37.56118441
101,의류수거함,고덕2동,262-4,강동구 아리수로74길 35-19 (고덕동),127.1619013,37.56112246
102,의류수거함,고덕2동,262,강동구 아리수로72길 46-18 (고덕동),127.1618966,37.56153692
103,의류수거함,고덕2동,285-2,강동구 아리수로72길 18-11 (고덕동),127.1605772,37.56211324
104,의류수거함,고덕2동,271-4,"강동구 아리수로74길 17 (고덕동, 연희 펠리시티 고덕3차)",127.160975,37.56196289
105,의류수거함,고덕2동,270,강동구 아리수로74길 27 (고덕동),127.1609678,37.5615934
106,의류수거함,고덕2동,270-2,강동구 아리수로74길 31 (고덕동),127.1609477,37.561368
107,의류수거함,천호1동,50-32,"강동구 양재대로121길 16 (천호동, 광남벨라스 643V)",127.1408333,37.54266184
108,의류수거함,천호1동,50-10,강동구 양재대로 1535 (천호동),127.1412596,37.54298931
109,의류수거함,천호1동,52-11,강동구 양재대로121길 25-5 (천호동),127.1402488,37.54231519
110,의류수거함,천호1동,49-14,"강동구 양재대로123길 31 (천호동, 대명사이버아파트)",127.140032,37.54345796
111,의류수거함,천호1동,49-8,"강동구 양재대로123길 31 (천호동, 대명사이버아파트)",127.140032,37.54345796
112,의류수거함,천호1동,53-9,"강동구 천중로39길 33 (천호동, 다성씨티아파트)",127.1392493,37.54264131
113,의류수거함,천호1동,53-32,"강동구 양재대로121길 49-7 (천호동, 광남벨라스2차아파트)",127.138809,37.542548
114,의류수거함,천호1동,49-4,"강동구 양재대로121길 50 (천호동, 천호동1차 예전이룸아파트)",127.1391075,37.54316289
115,의류수거함,천호1동,48-2,강동구 천중로35길 60 (천호동),127.1385008,37.54377119
116,의류수거함,천호1동,47-34,"강동구 양재대로125길 45 (천호동, 다미소빌)",127.1398038,37.54460965
117,의류수거함,천호1동,21-27,강동구 상암로35길 28 (천호동),127.1384297,37.54699645
118,의류수거함,천호1동,39-20,강동구 양재대로127길 52 (천호동),127.1398045,37.54553774
119,의류수거함,천호1동,39-2,강동구 상암로 150 (천호동),127.1390465,37.54552321
120,의류수거함,천호1동,74-23,강동구 천중로35길 99-16 (천호동),127.1383339,37.54549099
121,의류수거함,천호1동,77-1,강동구 천중로35길 73-7 (천호동),127.1381298,37.5445434
122,의류수거함,천호1동,83-13,강동구 천중로29길 49 (천호동),127.1380064,37.54346123
123,의류수거함,천호1동,98-27,강동구 천중로27길 2 (천호동),127.1350655,37.54334965
124,의류수거함,천호1동,218-31,강동구 천중로27길 10-6 (천호동),127.135639,37.54366021
125,의류수거함,천호1동,221-3,강동구 구천면로42길 60 (천호동),127.1362797,37.54501647
126,의류수거함,천호1동,225-1,강동구 상암로 130 (천호동),127.1368336,37.54605673
127,의류수거함,천호1동,231-17,강동구 상암로27나길 22 (천호동),127.1371388,37.54805029
128,의류수거함,천호1동,231-21,"강동구 상암로27나길 2-16 (천호동, 더-티움2차)",127.137375,37.54817816
129,의류수거함,천호1동,37-10,강동구 상암로41나길 14-1 (천호동),127.1393049,37.54765159
130,의류수거함,천호1동,37-39,강동구 상암로41가길 34 (천호동),127.1393464,37.54699412
131,의류수거함,천호1동,35-1,강동구 상암로39길 24 (천호동),127.1403876,37.54699268
132,의류수거함,천호1동,35-14,강동구 상암로 163 (천호동),127.1406361,37.54604838
133,의류수거함,천호1동,28-21,강동구 상암로39길 30-6 (천호동),127.1406327,37.54732785
134,의류수거함,천호1동,28-10,"강동구 양재대로133길 45 (천호동, 청우아트빌)",127.1407392,37.54791431
135,의류수거함,천호1동,27-10,"강동구 상암로41길 67-9 (천호동, 포스트캠프)",127.1406356,37.54904889
136,의류수거함,천호1동,22-12,"강동구 상암로39길 86 (천호동, 대경하이츠빌라)",127.1406154,37.54982365
137,의류수거함,천호1동,22-15,"강동구 상암로41길 89-12 (천호동, 삼성베스트빌)",127.1408139,37.55028463
138,의류수거함,천호1동,22-11,"강동구 상암로41길 89 (천호동, 고려아파트)",127.1412696,37.55001762
139,의류수거함,천호1동,27-4,강동구 상암로41길 75 (천호동),127.1411963,37.54950349
140,의류수거함,천호1동,33-19,강동구 양재대로131가길 7 (천호동),127.1416657,37.54705602
141,의류수거함,천호1동,29-21,강동구 양재대로133길 20 (천호동),127.1422206,37.54800616
142,의류수거함,천호1동,31-1,"강동구 구천면로68길 65 (천호동, 장미빌라)",127.1428347,37.54774931
143,의류수거함,천호1동,26-17,강동구 구천면로68길 44 (천호동),127.1426426,37.54871204
144,의류수거함,천호1동,26-15,강동구 구천면로68길 46 (천호동),127.1424622,37.54865667
145,의류수거함,천호1동,26-14,"강동구 구천면로68가길 11 (천호동, 명성하이츠빌라)",127.1421524,37.54902386
146,의류수거함,천호1동,25-5,강동구 양재대로 1611 (천호동,127.1434486,37.54948378
147,의류수거함,천호1동,21-27,강동구 상암로35길 28 (천호동),127.1384297,37.54699645
148,의류수거함,천호2동,330-11,강동구 올림픽로79길 66 (천호동),127.1224459,37.54545527
149,의류수거함,천호2동,330-6,"강동구 올림픽로79길 56 (천호동, 선도빌라)",127.1227324,37.54515103
150,의류수거함,천호2동,337-2,강동구 천중로2길 35 (천호동),127.1223093,37.5445532
151,의류수거함,천호2동,337-30,"강동구 천중로2길 43-1 (천호동, 강촌아트빌)",127.1221214,37.54417336
152,의류수거함,천호2동,338-27,"강동구 구천면로11길 20-28 (천호동, 현대파크빌)",127.1223126,37.54330977
153,의류수거함,천호2동,339-2,강동구 구천면로13길 24 (천호동),127.122883,37.54291753
154,의류수거함,천호2동,462-35,"강동구 선사로 20 (천호동, 리버하임아파트)",127.119453,37.54108994
155,의류수거함,천호2동,338-33,"강동구 구천면로11길 6-3 (천호동, 영도빌라)",127.1217895,37.54255801
156,의류수거함,천호2동,337-131,강동구 구천면로11길 20-9 (천호동),127.1213207,37.54296901
157,의류수거함,천호2동,337-58,강동구 선사로 58-8 (천호동),127.1214123,37.54384371
158,의류수거함,천호2동,331-9,"강동구 천중로2길 1 (천호동, 청운명가)",127.1236324,37.54559922
159,의류수거함,천호2동,363-27,"강동구 천중로16길 20 (천호동, 광채빌라)",127.12907,37.54414364
160,의류수거함,천호2동,333-12,강동구 올림픽로79길 32 (천호동),127.1236932,37.54427512
161,의류수거함,천호2동,333-11,강동구 올림픽로79길 34 (천호동),127.1236584,37.54434695
162,의류수거함,천호2동,333-13,"강동구 올림픽로79길 22-7 (천호동, 하우징허브)",127.1238854,37.54428556
163,의류수거함,천호2동,362-3,강동구 올림픽로80길 31 (천호동),127.127188,37.54347199
164,의류수거함,천호2동,363-4,강동구 천중로 60-15 (천호동),127.1285363,37.5443019
165,의류수거함,천호2동,400-7,강동구 천중로18길 65 (천호동),127.1295937,37.54192189
166,의류수거함,천호2동,361-30,강동구 천중로 60-26 (천호동),127.1281332,37.54392949
167,의류수거함,천호2동,291-45,강동구 상암로 88-8 (천호동),127.1324362,37.5476014
168,의류수거함,천호2동,309-7,강동구 천중로15길 16 (천호동),127.128586,37.54586109
169,의류수거함,천호2동,304-2,강동구 상암로16길 29 (천호동),127.130527,37.54730805
170,의류수거함,천호2동,292-10,"강동구 천중로21길 58 (천호동, 신주 리버빌)",127.1326666,37.54725168
171,의류수거함,천호2동,294-7,강동구 천중로23길 36 (천호동),127.1330314,37.54603793
172,의류수거함,천호2동,296-14,강동구 천중로21길 8 (천호동),127.1320028,37.54495813
173,의류수거함,천호2동,300-2,강동구 천중로 81-8 (천호동),127.1314016,37.54507986
174,의류수거함,천호2동,302-17,강동구 구천면로39길 28-14 (천호동),127.1311615,37.54626749
175,의류수거함,천호2동,313,"강동구 천중로11길 24 (천호동, 신주아파트)",127.1274944,37.54631258
176,의류수거함,천호2동,314-8,"강동구 천중로9길 9 (천호동, 제이디파크빌)",127.1265599,37.54590021
177,의류수거함,천호2동,302-6,"강동구 천중로21길 31 (천호동, 한강하이츠빌라)",127.1321705,37.54611271
178,의류수거함,천호2동,315-31,강동구 천중로9길 41 (천호동),127.1270645,37.54727353
179,의류수거함,천호2동,288-14,강동구 올림픽로92길 29-3 (천호동),127.1283586,37.54790481
180,의류수거함,천호2동,317-29,강동구 올림픽로89길 32 (천호동),127.1247269,37.54781491
181,의류수거함,천호2동,321-9,강동구 올림픽로89길 27-12 (천호동),127.1243927,37.54736191
182,의류수거함,천호2동,326-34,강동구 천중로 7-10 (천호동),127.1230361,37.54627059
183,의류수거함,천호2동,326-32,강동구 천중로 7 (천호동),127.1228123,37.54605268
184,의류수거함,천호3동,214-60,강동구 구천면로34길 55-6 (천호동),127.1343593,37.54276781
185,의류수거함,천호3동,280-9,강동구 구천면로 258-6 (천호동),127.1322519,37.54298664
186,의류수거함,천호3동,275-1,"강동구 구천면로 262-7 (천호동, 신성화인빌리지)",127.1325169,37.54355625
187,의류수거함,천호3동,199-1,강동구 진황도로27길 81 (천호동),127.1330907,37.54189351
188,의류수거함,천호3동,194-3,강동구 진황도로27길 60 (천호동),127.1328408,37.54099062
189,의류수거함,천호3동,193-7,강동구 진황도로27길 56 (천호동),127.1327531,37.54074669
190,의류수거함,천호3동,192-32,강동구 진황도로27다길 8 (천호동),127.1324893,37.54105112
191,의류수거함,천호3동,145-13,강동구 성안로31길 23 (천호동),127.1353699,37.54050454
192,의류수거함,천호3동,121-27,강동구 성안로31길 9 (천호동),127.1361302,37.54031187
193,의류수거함,천호3동,180-21,강동구 진황도로33길 39 (천호동),127.1346867,37.53890468
194,의류수거함,천호3동,167-89,"강동구 진황도로31길 34 (천호동, 성호빌라)",127.134029,37.53902601
195,의류수거함,천호3동,169-1,강동구 진황도로31길 19 (천호동),127.1334924,37.53846343
196,의류수거함,천호3동,165-1,강동구 진황도로29길 8 (천호동),127.1321114,37.53850736
197,의류수거함,천호3동,167-102,강동구 성안로25길 64 (천호동),127.1322858,37.53908532
198,의류수거함,천호3동,166-79,강동구 진황도로27가길 6-6 (천호동),127.1315392,37.53906182
199,의류수거함,천호3동,166-20,강동구 진황도로 35 (천호동),127.1310565,37.53872488
200,의류수거함,천호3동,166-112,강동구 진황도로 37 (천호동),127.1313746,37.53861909
201,의류수거함,천호3동,566,"강동구 천호대로 1055 (천호동, 천호태영아파트)",127.1294199,37.53837045
202,의류수거함,성내1동,421-19,강동구 성내로17길 26 (성내동),127.1301167,37.52804946
203,의류수거함,성내1동,529-2,"강동구 성안로9길 18-8 (성내동, 강동서영스윗홈3)",127.1303704,37.52958312
204,의류수거함,성내1동,518-11,"강동구 성내로15길 64-9 (성내동, 성지다세대)",127.1301145,37.53019396
205,의류수거함,성내1동,518-13,"강동구 성내로15길 68 (성내동, 그린파크빌)",127.129785,37.53030867
206,의류수거함,성내1동,522-14,강동구 풍성로42길 29 (성내동),127.1271722,37.53024437
207,의류수거함,성내1동,532-6,강동구 성내로13길 33-5 (성내동),127.1273383,37.52957881
208,의류수거함,성내1동,544-13,"강동구 성내로15길 10-11 (성내동, 위드미하우스)",127.1291796,37.52788037
209,의류수거함,성내1동,534-16,강동구 성내로9길 41 (성내동),127.1247576,37.53064101
210,의류수거함,성내1동,534-4,강동구 성내로3가길 39 (성내동),127.1248538,37.53015516
211,의류수거함,성내1동,538-9,강동구 성내로3길 16 (성내동),127.1227203,37.53070702
212,의류수거함,성내1동,537-20,강동구 성내로3길 24 (성내동),127.1230681,37.53095288
213,의류수거함,성내1동,537-1,"강동구 성내로5길 41 (성내동, 쌍봉빌라)",127.1238207,37.53142701
214,의류수거함,성내1동,560-2,"강동구 성내로10길 17 (성내동, 씨피빌라)",127.1246176,37.528099
215,의류수거함,성내1동,461-12,강동구 성내로14길 48 (성내동),127.1259427,37.52603636
216,의류수거함,성내1동,557-9,강동구 성내로8길 9-6 (성내동),127.1237948,37.52879573
217,의류수거함,성내1동,552-12,강동구 성내로6길 14-26 (성내동),127.1215421,37.5298693
218,의류수거함,성내1동,455-13,강동구 올림픽로48길 28 (성내동),127.1215085,37.52886888
219,의류수거함,성내1동,455-8,강동구 성내로6길 34-24 (성내동),127.1210218,37.52889229
220,의류수거함,성내1동,454-17,"강동구 성내로6길 42-22 (성내동, 올림픽빌라)",127.1208334,37.52854849
221,의류수거함,성내1동,453-9,"강동구 성내로6길 50-10 (성내동, 다성그랜드빌)",127.1211459,37.52795612
222,의류수거함,성내1동,459-1,"강동구 성내로6다길 6 (성내동, 장미연립)",127.1220587,37.52729611
223,의류수거함,성내1동,462-5,"강동구 성내로14길 42-36 (성내동, 올림픽파크 포레)",127.1244274,37.52694424
224,의류수거함,성내1동,464-2,"강동구 성안로3길 95 (성내동, 그린파크빌)",127.1246813,37.52748675
225,의류수거함,성내1동,462-32,"강동구 성내로14길 42-16 (성내동, 도원아트빌)",127.1253939,37.52652789
226,의류수거함,성내1동,462-22,"강동구 성내로6가길 54 (성내동, 삼성아트빌)",127.1248686,37.5269475
227,의류수거함,성내1동,464-15,강동구 성내로6가길 39 (성내동),127.1242743,37.5274567
228,의류수거함,성내1동,457-17,강동구 성내로6가길 20 (성내동),127.1232195,37.52768317
229,의류수거함,성내1동,461-3,"강동구 성내로6다길 55 (성내동, 서도휴빌)",127.1244438,37.52650284
230,의류수거함,성내1동,466-14,"강동구 성내로14길 41-17 (성내동, 신진아트빌라)",127.1270428,37.5258012
231,의류수거함,성내1동,466-17,강동구 성내로14길 41-29 (성내동),127.1275776,37.52554384
232,의류수거함,성내1동,466-4,"강동구 성내로14길 41-35 (성내동, 나라키움 강동 대학생주택)",127.1279185,37.5254112
233,의류수거함,성내1동,465-1,"강동구 성안로3길 51 (성내동, 코랜드빌리지)",127.1268305,37.52654751
234,의류수거함,성내1동,465-2,강동구 성안로3길 39 (성내동),127.1275695,37.52623759
235,의류수거함,성내1동,465-6,"강동구 성안로3길 27 (성내동, 주문진빌딩)",127.1281155,37.52598031
236,의류수거함,성내1동,447-6,강동구 성안로 7-12 (성내동),127.1286355,37.52504704
237,의류수거함,성내2동,199-4,"강동구 천호대로170길 13 (성내동, 한솔브리즈아파트)",127.1334783,37.53478701
238,의류수거함,성내2동,384-10,강동구 성안로 99 (성내동),127.1326241,37.53232988
239,의류수거함,성내2동,515-4,"강동구 천호대로170길 106-6 (성내동, 건양월드빌)",127.1310222,37.53094851
240,의류수거함,성내2동,517-18,"강동구 풍성로45길 7-5 (성내동, 시온주택)",127.1296969,37.53107393
241,의류수거함,성내2동,511-11,"강동구 성안로13길 45-10 (성내동, 다원빌)",127.1295897,37.53154169
242,의류수거함,성내2동,510-9,"강동구 성안로13길 53 (성내동, 덕현빌라)",127.1293021,37.53194505
243,의류수거함,성내2동,505-4,강동구 성안로13길 38 (성내동),127.1302417,37.5319069
244,의류수거함,성내2동,512,강동구 풍성로45길 11 (성내동),127.1299211,37.53125579
245,의류수거함,성내2동,517-24,"강동구 풍성로 155-1 (성내동, 동산빌라)",127.1293927,37.53096356
246,의류수거함,성내2동,229-8,"강동구 풍성로 143-13 (성내동, 삼성아트빌)",127.1279576,37.53178196
247,의류수거함,성내2동,226-53,강동구 풍성로41길 16 (성내동),127.1280348,37.53195373
248,의류수거함,성내2동,276-2,강동구 풍성로 135 (성내동),127.1272247,37.5315603
249,의류수거함,성내2동,502,강동구 풍성로45길 54 (성내동),127.1313434,37.53251871
250,의류수거함,성내2동,500-8,강동구 천호대로168길 67 (성내동),127.1314526,37.53286191
251,의류수거함,성내2동,201,강동구 천호대로168길 41 (성내동),127.1319511,37.53378465
252,의류수거함,성내2동,178-8,강동구 천호대로168길 18 (성내동),127.1320734,37.53494791
253,의류수거함,성내2동,178-2,"강동구 천호대로168길 18-12 (성내동, 청명씨티빌라)",127.1315505,37.53515132
254,의류수거함,성내2동,203-28,강동구 천호대로168나길 38-3 (성내동),127.1303345,37.53365564
255,의류수거함,성내2동,203-22,강동구 천호대로168나길 40 (성내동),127.1304375,37.53355728
256,의류수거함,성내2동,13-5,강동구 천호옛14길 37 (성내동),127.1276471,37.53610474
257,의류수거함,성내2동,19-8,강동구 천호대로162길 17 (성내동),127.1286093,37.53606678
258,의류수거함,성내2동,23-16,강동구 천호대로162길 45-11 (성내동),127.1287355,37.53494139
259,의류수거함,성내2동,224-12,"강동구 천호대로162길 71-7 (성내동, 에바다하우스)",127.12814,37.53361245
260,의류수거함,성내2동,284-9,강동구 풍성로37길 40-10 (성내동),127.1270555,37.53346028
261,의류수거함,성내2동,139-4,강동구 풍성로37길 41 (성내동),127.1263171,37.53371614
262,의류수거함,성내2동,142,강동구 천호옛12길 46 (성내동),127.126929,37.5346127
263,의류수거함,성내2동,136-9,강동구 풍성로35길 52 (성내동),127.1257574,37.53417154
264,의류수거함,성내2동,135-17,"강동구 천호옛길 60-23 (성내동, 엘림 힐 하우스)",127.1252536,37.53370828
265,의류수거함,성내2동,37-87,강동구 천호대로158길 48 (성내동),127.1257195,37.53547779
266,의류수거함,성내2동,37-80,강동구 천호대로158길 44 (성내동),127.1258308,37.53564081
267,의류수거함,성내2동,37-67,강동구 천호옛12길 9-8 (성내동),127.1254396,37.53522343
268,의류수거함,성내2동,47-1,"강동구 천호옛17길 17 (성내동, 성내드림팰리스)",127.1249985,37.53714843
269,의류수거함,성내2동,80-14,강동구 올림픽로62길 5 (성내동),127.1231847,37.53646821
270,의류수거함,성내2동,118-36,강동구 천호옛길 55 (성내동),127.1237087,37.53422847
271,의류수거함,성내2동,111-31,강동구 풍성로 89-8 (성내동),127.1224882,37.53313815
272,의류수거함,성내3동,382-8,강동구 천호대로174길 40-4 (성내동),127.1339595,37.53328577
273,의류수거함,성내3동,386-1,강동구 천호대로174길 57 (성내동),127.1339589,37.53235768
274,의류수거함,성내3동,405-1,"강동구 양재대로97길 61 (성내동, 장안빌라)",127.133808,37.53170781
275,의류수거함,성내3동,407-2,"강동구 양재대로95길 74 (성내동, 동방아파트)",127.1330764,37.53137807
276,의류수거함,성내3동,405-6,"강동구 풍성로51길 30 (성내동, 헤세드)",127.1332494,37.531091
277,의류수거함,성내3동,404-26,"강동구 양재대로95길 36 (성내동, 강동아트빌라)",127.1348499,37.53064318
278,의류수거함,성내3동,413-4,강동구 풍성로55길 16 (성내동),127.1355826,37.52990066
279,의류수거함,성내3동,412,"강동구 풍성로 203 (성내동, 둔촌역아치스톤)",127.1344758,37.52973037
280,의류수거함,성내3동,409-8,"강동구 풍성로51길 11 (성내동, 운암화인빌아파트)",127.1326779,37.53061826
281,의류수거함,성내3동,407-33,"강동구 양재대로95길 78 (성내동, 참밝은집)",127.1327273,37.53124035
282,의류수거함,성내3동,386-4,강동구 양재대로97길 60 (성내동),127.1340772,37.53191702
283,의류수거함,성내3동,386-6,"강동구 양재대로101길 51-16 (성내동, 우성아파트)",127.1343114,37.53220708
284,의류수거함,성내3동,386-71,"강동구 양재대로101길 51-10 (성내동, 우성아파트)",127.134355,37.53235157
285,의류수거함,성내3동,386-18,강동구 양재대로101길 41 (성내동),127.1355516,37.53259459
286,의류수거함,성내3동,380-15,강동구 양재대로103길 7 (성내동),127.1373708,37.53280611
287,의류수거함,성내3동,387-40,"강동구 양재대로99길 4-5 (성내동, 선린)",127.1372998,37.53209375
288,의류수거함,성내3동,404-3,"강동구 풍성로55길 43 (성내동, 스페이스88)",127.1358174,37.53112781
289,의류수거함,성내3동,403-3,"강동구 풍성로55길 36 (성내동, 리치몬빌)",127.1359122,37.53075006
290,의류수거함,성내3동,597,"강동구 풍성로54길 7 (성내동, 한솔애리즈 2차아파트)",127.1341562,37.52898917
291,의류수거함,성내3동,424,강동구 양재대로91길 59 (성내동),127.1327249,37.52851013
292,의류수거함,성내3동,437,"강동구 양재대로91나길 57 (성내동, 그린빌라)",127.1315875,37.52609596
293,의류수거함,성내3동,444-1,"강동구 양재대로85길 55 (성내동, 백룡도원아파트)",127.1316145,37.52473556
294,의류수거함,성내3동,445-3,강동구 양재대로81길 60 (성내동),127.1312272,37.52399385
295,의류수거함,성내3동,443-27,"강동구 양재대로85길 37 (성내동, 연희연립)",127.1325567,37.52446314
296,의류수거함,성내3동,443-26,"강동구 양재대로91가길 98 (성내동, 광남캐스빌)",127.132436,37.52413788
297,의류수거함,성내3동,441-4,강동구 강동대로55길 26 (성내동),127.1332135,37.52343174
298,의류수거함,성내3동,449-9,강동구 강동대로55길 10 (성내동),127.132904,37.52279873
299,의류수거함,성내3동,445-6,강동구 양재대로81길 60 (성내동),127.1312272,37.52399385
300,의류수거함,성내3동,446-11,"강동구 양재대로81길 76 (성내동, 동남아파트)",127.1304413,37.52444761
301,의류수거함,성내3동,448-14,"강동구 강동대로51길 12 (성내동, 하나플러스)",127.1300162,37.52403
302,의류수거함,성내3동,446-22,강동구 성안로 14 (성내동),127.1296649,37.52505462
303,의류수거함,길동,107,"강동구 천호대로197길 70 (길동, 동삼빌라트)",127.1476764,37.53895394
304,의류수거함,길동,107,"강동구 천호대로197길 70 (길동, 동삼빌라트)",127.1476764,37.53895394
305,의류수거함,길동,157-18,강동구 천호대로199길 75 (길동),127.1479264,37.5398568
306,의류수거함,길동,157-2,강동구 천호대로199길 75 (길동),127.1479264,37.5398568
307,의류수거함,길동,106-7,강동구 명일로 230 (길동),127.1468146,37.53911893
308,의류수거함,길동,343-5,"강동구 천중로 233 (길동, 길동빌)",127.1461498,37.54085317
309,의류수거함,길동,46-4,강동구 양재대로126길 87 (길동),127.1472331,37.54311363
310,의류수거함,길동,83-2,"강동구 명일로24길 11-9 (길동, 태천해오름아파트)",127.1480904,37.54235391
311,의류수거함,길동,326-14,강동구 양재대로128길 72-1 (길동),127.1465459,37.54383853
312,의류수거함,길동,331-1,강동구 천중로51길 58 (길동),127.1449893,37.54339478
313,의류수거함,길동,333-6,강동구 양재대로124길 41 (길동),127.1444982,37.54279653
314,의류수거함,길동,331-9,강동구 양재대로124길 49-12 (길동),127.145208,37.54307198
315,의류수거함,길동,340-13,강동구 천중로51길 28-9 (길동),127.1450606,37.54209777
316,의류수거함,길동,342-4,강동구 천중로53길 26 (길동),127.1456168,37.54194861
317,의류수거함,길동,342-29,강동구 천중로53길 14 (길동),127.1454757,37.54142498
318,의류수거함,길동,343-1,"강동구 천중로53길 6 (길동, 현대웰하임1단지)",127.1454669,37.54119965
319,의류수거함,길동,344-4,강동구 천중로 215 (길동),127.1443268,37.54095714
320,의류수거함,길동,346-5,"강동구 천중로49가길 17 (길동, 동심빌라)",127.1438786,37.5415576
321,의류수거함,길동,344-2,강동구 천중로49가길 26 (길동),127.1443682,37.54129984
322,의류수거함,길동,344-5,"강동구 천중로 221 (길동, 길동대상아파트)",127.1447335,37.54101414
323,의류수거함,길동,346-16,강동구 양재대로122길 32 (길동),127.1435131,37.54186131
324,의류수거함,길동,339-1,"강동구 양재대로124길 32 (길동, 동서울오네뜨)",127.1436629,37.54261028
325,의류수거함,길동,334-20,강동구 천중로49길 51 (길동),127.1432931,37.54328339
326,의류수거함,길동,321-10,"강동구 천중로49길 73 (길동, 우촌빌라)",127.1435457,37.54396101
327,의류수거함,길동,323-4,강동구 양재대로126길 29 (길동),127.1442373,37.54383987
328,의류수거함,길동,325-2,"강동구 천중로51길 78 (길동, 루나에코빌)",127.1453313,37.54416315
329,의류수거함,길동,321-9,"강동구 천중로49길 79-1 (길동, 이한트레비엥)",127.1436421,37.54443026
330,의류수거함,길동,320-5,강동구 양재대로 1554 (길동),127.1428197,37.54410893
331,의류수거함,길동,335-5,강동구 양재대로 1544 (길동),127.1423749,37.5434209
332,의류수거함,길동,350-3,"강동구 천중로 208 (길동, 더힐스빌)",127.143232,37.54070593
333,의류수거함,길동,351-2,강동구 천중로 220 (길동),127.1446595,37.54056308
334,의류수거함,길동,351-3,강동구 천중로 222 (길동),127.1449537,37.54055619
335,의류수거함,길동,352-10,"강동구 천중로54길 9-5 (길동, 에덴빌라)",127.1453527,37.54029777
336,의류수거함,길동,97-6,"강동구 천중로56길 13 (길동, SM해그린12차아파트)",127.1464936,37.53948605
337,의류수거함,길동,353-8,강동구 명일로19길 14 (길동),127.1457907,37.53959811
338,의류수거함,길동,361-14,"강동구 천중로56길 40 (길동, 엠엑스아뜨리에빌아파트)",127.1455487,37.53899265
339,의류수거함,길동,126-4,강동구 명일로17길 3 (길동),127.1459632,37.53836491
340,의류수거함,길동,126-5,강동구 명일로 217-3 (길동),127.1459303,37.53827456
341,의류수거함,길동,143-1,"강동구 양재대로116길 94 (길동, 은혜빌)",127.1455098,37.53744255
342,의류수거함,길동,144-1,강동구 천호대로193길 42 (길동),127.1453222,37.5370177
343,의류수거함,길동,401-5,강동구 천호대로193길 23 (길동),127.1447432,37.53619356
344,의류수거함,길동,401-1,"강동구 양재대로112길 77 (길동, 길동하나플러스)",127.1441778,37.53616243
345,의류수거함,길동,402-1,강동구 양재대로112길 76 (길동),127.1438416,37.53588067
346,의류수거함,길동,406-1,강동구 천호대로187길 31 (길동),127.1420243,37.53548906
347,의류수거함,길동,407-13,강동구 양재대로110길 43-9 (길동),127.1418202,37.53553263
348,의류수거함,길동,405-21,강동구 양재대로112길 52 (길동),127.1425705,37.53621387
349,의류수거함,길동,404-3,강동구 양재대로112길 66 (길동),127.1432862,37.53596676
350,의류수거함,길동,228,"강동구 진황도로49길 64 (길동, 해맞이아파트)",127.1434429,37.5351209
351,의류수거함,길동,228,"강동구 진황도로49길 64 (길동, 해맞이아파트)",127.1434429,37.5351209
352,의류수거함,길동,241-2,강동구 양재대로110길 20-13 (길동),127.1404253,37.53481968
353,의류수거함,길동,409-11,강동구 양재대로110길 15-7 (길동),127.1403568,37.5358554
354,의류수거함,길동,364-18,강동구 천중로50길 48 (길동),127.1422249,37.53872531
355,의류수거함,길동,357-6,강동구 천중로48길 19 (길동),127.1417127,37.53998307
356,의류수거함,길동,358-1,"강동구 천중로48길 27 (길동, 에스엠이로빌아파트)",127.1416369,37.53968518
357,의류수거함,길동,366-13,"강동구 양재대로 1500 (길동, 백천이스트하임)",127.1409945,37.53945525
358,의류수거함,길동,385-6,"강동구 양재대로113길 51 (길동, 우성아트빌)",127.1371251,37.53842691
359,의류수거함,길동,383-4,"강동구 천중로38가길 26 (길동, 멘토하우스)",127.1370001,37.5394532
360,의류수거함,길동,373-12,"강동구 천중로38가길 12 (길동, 오공빌)",127.1372416,37.54010372
361,의류수거함,길동,375-1,강동구 양재대로117길 45 (길동),127.1381455,37.54021844
362,의류수거함,길동,371-22,강동구 천중로38길 5 (길동),127.1383764,37.54080581
363,의류수거함,길동,371-21,"강동구 천중로40길 8 (길동, 진성하이빌 에이동)",127.1385921,37.54074431
364,의류수거함,길동,376-19,"강동구 양재대로117길 31 (길동, 재경빌라)",127.1388495,37.54000732
365,의류수거함,길동,376-7,"강동구 양재대로117길 27 (길동, 대농가든빌라)",127.1390543,37.53990969
366,의류수거함,길동,380-7,"강동구 천중로42길 54 (길동, 광남아파트)",127.1387164,37.53878992
367,의류수거함,암사1동,457-1,강동구 고덕로 82 (암사동),127.1343592,37.55453559
368,의류수거함,암사1동,472-13,"강동구 고덕로20마길 11 (암사동, 홍익주택)",127.1329484,37.55223658
369,의류수거함,암사1동,459-38,강동구 고덕로20나길 24 (암사동),127.1323352,37.55339444
370,의류수거함,암사1동,470-19,"강동구 고덕로20나길 29 (암사동, 하우징허브 힐크레스트)",127.1319752,37.55320258
371,의류수거함,암사1동,470-7,강동구 고덕로20마길 38 (암사동),127.1315435,37.55237044
372,의류수거함,암사1동,470-1,강동구 고덕로14길 31 (암사동),127.1316349,37.55327216
373,의류수거함,암사1동,461-11,강동구 고덕로 52-18 (암사동),127.1306315,37.55391355
374,의류수거함,암사1동,468-17,"강동구 암사1가길 22 (암사동, 현대 그린빌)",127.1306833,37.55237313
375,의류수거함,암사1동,497-6,"강동구 암사1길 9 (암사동, 한건브리앙아파트)",127.1300973,37.55117943
376,의류수거함,암사1동,497-3,강동구 올림픽로98길 25-7 (암사동),127.1297453,37.55128496
377,의류수거함,암사1동,484-6,"강동구 구천면로47가길 14-21 (암사동, 삼성빌라)",127.133707,37.55025081
378,의류수거함,암사1동,468-4,강동구 고덕로14길 56 (암사동),127.1310808,37.55225891
379,의류수거함,암사1동,468-6,강동구 고덕로14길 52-1 (암사동),127.1309767,37.55244737
380,의류수거함,암사1동,470-1,강동구 고덕로14길 31 (암사동),127.1316349,37.55327216
381,의류수거함,암사1동,458-50,"강동구 고덕로16길 13 (암사동, 규암A하이츠빌)",127.1329726,37.55405688
382,의류수거함,암사1동,493-1,강동구 암사길 18 (암사동),127.1314544,37.5512705
383,의류수거함,암사1동,493-14,"강동구 올림픽로98가길 47 (암사동, 중앙하이츠아파트)",127.1320095,37.55122051
384,의류수거함,암사1동,490-36,강동구 상암로21길 7 (암사동),127.1331446,37.54799405
385,의류수거함,암사1동,489-38,"강동구 상암로23길 15-7 (암사동, 명가아트빌)",127.1342035,37.54841629
386,의류수거함,암사1동,489-11,강동구 상암로21길 20-9 (암사동),127.133555,37.5487179
387,의류수거함,암사1동,481-23,"강동구 올림픽로98가길 68-21 (암사동, 수정빌라)",127.133691,37.55065616
388,의류수거함,암사1동,480-2,강동구 구천면로47길 69-19 (암사동),127.1345905,37.55116734
389,의류수거함,암사1동,473-3,강동구 고덕로24길 50 (암사동),127.1350971,37.55237846
390,의류수거함,암사1동,474-2,강동구 고덕로24나길 6 (암사동),127.1356605,37.55259883
391,의류수거함,암사1동,454-1,"강동구 고덕로24가길 8 (암사동, 라온프라이빗)",127.1359356,37.55327663
392,의류수거함,암사1동,453-5,강동구 고덕로24길 19-5 (암사동),127.1359298,37.55378118
393,의류수거함,암사1동,437-21,강동구 고덕로28길 34 (암사동),127.1376237,37.55311775
394,의류수거함,암사1동,421-71,"강동구 암사길 86 (암사동, 우주맨션)",127.1387996,37.55223428
395,의류수거함,암사1동,435-1,강동구 고덕로28길 36 (암사동),127.138002,37.55270603
396,의류수거함,암사1동,418-19,"강동구 암사19길 37 (암사동, 한양빌라)",127.1414639,37.5528123
397,의류수거함,암사1동,419,"강동구 암사19길 25 (암사동, 암사동한솔아파트)",127.1403549,37.5518221
398,의류수거함,암사1동,421-76,강동구 암사18길 20 (암사동),127.1388053,37.55173874
399,의류수거함,암사1동,433-30,"강동구 암사18길 29 (암사동, 그랑밸리)",127.1382418,37.5515364
400,의류수거함,암사1동,487,"강동구 상암로23길 60 (암사동, 정우홈타운)",127.1358644,37.54963585
401,의류수거함,암사2동,516-24,"강동구 올림픽로93길 48 (암사동, 썬빌리지)",127.1246549,37.55010306
402,의류수거함,암사2동,515-1,"강동구 상암로 12-21 (암사동, 조이빌)",127.1249599,37.55015037
403,의류수거함,암사2동,516-30,강동구 상암로4가길 27 (암사동),127.1249226,37.55043843
404,의류수거함,암사2동,510-23,강동구 상암로4가길 32 (암사동),127.1248626,37.55073533
405,의류수거함,암사2동,516-31,"강동구 상암로4가길 43 (암사동, 모닝리버빌)",127.1240697,37.55079253
406,의류수거함,암사2동,512-14,강동구 상암로 32 (암사동),127.1270195,37.55016559
407,의류수거함,암사2동,503-5,강동구 상암로3길 40 (암사동),127.1273576,37.5522315
408,의류수거함,암사2동,504-8,"강동구 상암로3길 54 (암사동, 한건새봄아파트)",127.1276787,37.55284658
409,의류수거함,암사2동,505-1,강동구 상암로3길 86 (암사동),127.1281369,37.55431868
410,의류수거함,암사2동,507,"강동구 고덕로3길 9 (암사동, 써니빌1)",127.1282842,37.55527488
411,의류수거함,암사2동,608-8,강동구 고덕로1길 22-13 (암사동),127.1264049,37.55628821
412,의류수거함,암사2동,608-5,강동구 고덕로1길 34 (암사동),127.1256317,37.55562473
413,의류수거함,암사2동,598-10,강동구 고덕로1길 10 (암사동),127.1266321,37.55524467
414,의류수거함,암사2동,178-23,강동구 올림픽로107길 54 (암사동),127.1276322,37.55781104
415,의류수거함,암사3동,449-15,"강동구 고덕로27길 43 (암사동, 현대타운)",127.1377855,37.5567682
416,의류수거함,암사3동,449-9,"강동구 고덕로27길 33-14 (암사동, 삼성베스트빌)",127.1370071,37.55654627
417,의류수거함,암사3동,490-9,강동구 상암로 79-9 (암사동),127.1320617,37.54867091
418,의류수거함,암사3동,490-3,강동구 상암로17길 6 (암사동),127.1319038,37.54862469
419,의류수거함,암사3동,490-11,강동구 구천면로47가길 45 (암사동),127.1321383,37.54889673
420,의류수거함,암사3동,451-16,"강동구 고덕로27길 7 (암사동, 금정 우리가)",127.1375306,37.55531565
421,의류수거함,암사3동,447-9,"강동구 고덕로25길 13 (암사동, 양지리슈빌3)",127.1363409,37.5554241
422,의류수거함,암사3동,447-1,강동구 고덕로25길 13-19 (암사동),127.1353676,37.55541699
423,의류수거함,암사3동,445-27,강동구 고덕로23길 23 (암사동),127.1350006,37.5558378
424,의류수거함,암사3동,445,"강동구 고덕로19길 30 (암사동, 한강포스파크아파트)",127.1344179,37.5563111
425,의류수거함,암사3동,446-16,강동구 고덕로 77 (암사동),127.1339925,37.55492937
426,의류수거함,암사3동,444,강동구 고덕로 65 (암사동),127.1335796,37.55637704
427,의류수거함,암사3동,443-2,강동구 올림픽로104길 29 (암사동),127.1313354,37.55567578
428,의류수거함,암사3동,440 (건너편),강동구 올림픽로 836 (암사동),127.129999,37.55575606
429,의류수거함,암사3동,104-2,강동구 올림픽로112길 17 (암사동),127.1347006,37.56417936
430,의류수거함,암사3동,109-5,강동구 올림픽로112길 45 (암사동),127.1340342,37.5630752
431,의류수거함,암사3동,264-25,강동구 아리수로25길 73 (암사동),127.1360645,37.55976516
432,의류수거함,암사3동,267-1,강동구 아리수로25길 57 (암사동),127.1363861,37.55936204
433,의류수거함,둔촌2동,426-15,강동구 진황도로 144 (둔촌동),127.1409434,37.53304836
434,의류수거함,둔촌2동,446-5,"강동구 양재대로102가길 5 (둔촌동, 대신빌라)",127.1405024,37.53203597
435,의류수거함,둔촌2동,70-48,강동구 풍성로65길 46 (둔촌동),127.140527,37.52989163
436,의류수거함,둔촌2동,544-1,강동구 양재대로96길 38 (둔촌동),127.1392791,37.52919775
437,의류수거함,둔촌2동,161-1,강동구 풍성로 251 (둔촌동),127.1403008,37.52889882
438,의류수거함,둔촌2동,70-5,"강동구 풍성로65길 34 (둔촌동, 2차현대아파트)",127.1404866,37.52946784
439,의류수거함,둔촌2동,630,"강동구 명일로 172 (둔촌동, 둔촌푸르지오아파트)",127.1450721,37.53414152
440,의류수거함,둔촌2동,76-6,강동구 진황도로 180 (둔촌동),127.1425267,37.53014943
441,의류수거함,둔촌2동,518-1,"강동구 풍성로61길 10-14 (둔촌동, 그랜드아파트)",127.1382307,37.52886574
442,의류수거함,둔촌2동,517-2,강동구 양재대로 1382 (둔촌동),127.1372749,37.52933633
443,의류수거함,둔촌2동,513-3,"강동구 양재대로96길 14 (둔촌동, 영일파크빌라)",127.1378725,37.52951189
444,의류수거함,둔촌2동,71-5,강동구 풍성로65길 15 (둔촌동),127.1393515,37.52880182
445,의류수거함,둔촌2동,490-19,강동구 풍성로63길 37 (둔촌동),127.1391681,37.52999889
446,의류수거함,둔촌2동,488-5,강동구 양재대로98길 21-7 (둔촌동),127.1388744,37.53094286
447,의류수거함,둔촌2동,470-14,강동구 양재대로100길 38 (둔촌동),127.1400354,37.53132074
448,의류수거함,둔촌2동,469-23,"강동구 양재대로100길 48 (둔촌동, 주원조경 주식회사)",127.1406023,37.53121673
449,의류수거함,둔촌2동,470-2,강동구 양재대로98길 43-13 (둔촌동),127.140265,37.53103407
450,의류수거함,둔촌2동,488-7,"강동구 양재대로 1404-18 (둔촌동, 영성아트빌)",127.1387934,37.53109545
451,의류수거함,둔촌2동,442-1,"강동구 양재대로100길 13-8 (둔촌동, 금강트레조빌)",127.1392692,37.53203601
452,의류수거함,둔촌2동,61-5,"강동구 천호대로186길 23 (둔촌동, Hwells PARK 둔촌1)",127.1422259,37.53270625
453,의류수거함,둔촌2동,451-4,강동구 천호대로186길 44 (둔촌동),127.1423603,37.5318332
454,의류수거함,둔촌2동,451-11,강동구 진황도로 165 (둔촌동),127.1422295,37.53139975
455,의류수거함,둔촌2동,87-1,"강동구 명일로 128 (둔촌동, 지하우스)",127.143407,37.53033602
456,의류수거함,둔촌2동,446-26,강동구 천호대로188길 50 (둔촌동),127.1428921,37.53183706
457,의류수거함,둔촌2동,108-1,강동구 진황도로 215-13 (둔촌동),127.1452679,37.52688942
458,의류수거함,둔촌2동,98-44,"강동구 진황도로 203-24 (둔촌동, 삼성베네스트)",127.1450765,37.5277981
459,의류수거함,둔촌2동,603-4,강동구 천호대로200길 54 (둔촌동),127.1485632,37.53459921
460,의류수거함,둔촌2동,82-5,"강동구 진황도로61길 25-43 (둔촌동, 한강빌라트)",127.1454275,37.53075611
461,의류수거함,둔촌2동,37-1,강동구 명일로10나길 11 (둔촌동),127.1446618,37.53142637
462,의류수거함,둔촌2동,38-5,강동구 명일로10나길 12 (둔촌동),127.1446754,37.53122824
463,의류수거함,둔촌2동,39-2,"강동구 명일로10나길 1 (둔촌동, 트라움하우스)",127.1446592,37.53165162
464,의류수거함,둔촌2동,27,강동구 동남로49길 67-32 (둔촌동),127.1453969,37.53145872
465,의류수거함,둔촌2동,614-3,강동구 동남로49길 30-3 (둔촌동),127.1479429,37.5324322
466,의류수거함,둔촌2동,609-6,강동구 천호대로 1210 (둔촌동),127.1456628,37.53492971
467,의류수거함,둔촌2동,610-1,"강동구 천호대로 1212-10 (둔촌동, 세일빌라)",127.1459473,37.5347876
468,의류수거함,둔촌2동,605-15,강동구 천호대로198길 12 (둔촌동),127.1471187,37.5352646
469,의류수거함,둔촌2동,611-4,"강동구 천호대로198길 42 (둔촌동, 일자산파크빌)",127.1484522,37.53440919
470,의류수거함,둔촌2동,589-1,강동구 동남로53길 20-7 (둔촌동),127.1492912,37.53426205
