행정동,도로명주소,지번주소,위도,경도,데이터기준일자
영등포본동,서울특별시 영등포구 신길로 252,서울특별시 영등포구 영등포동 580-8,37.5141173000,126.9117672000,2024-08-23
영등포본동,서울특별시 영등포구 도신로51길 9,서울특별시 영등포구 신길동 186-230,37.5124624458,126.9133785249,2024-08-23
영등포본동,서울특별시 영등포구 영신로9라길 6,서울특별시 영등포구 영등포동 631-8,37.5128401800,126.9058885000,2024-08-23
영등포본동,서울특별시 영등포구 영신로9나길 16,서울특별시 영등포구 영등포동 618-463,37.5135664214,126.9061520051,2024-08-23
영등포본동,서울특별시 영등포구 신길로61길 17,서울특별시 영등포구 영등포동 592-70,37.5146663300,126.9093394000,2024-08-23
영등포본동,서울특별시 영등포구 신길로 276-1,,,,2024-08-23
영등포본동,서울특별시 영등포구 영등포로60길 29,서울특별시 영등포구 신길동 35,37.5167980943,126.9150171867,2024-08-23
영등포본동,서울특별시 영등포구 영등포로60길 17,서울특별시 영등포구 신길동 31-20,37.5168072096,126.9164274936,2024-08-23
영등포본동,서울특별시 영등포구 신길로62나길 9,서울특별시 영등포구 신길동 184-13,37.5147579471,126.9160178254,2024-08-23
영등포본동,서울특별시 영등포구 신길로62길 37,서울특별시 영등포구 신길동 187-14,37.5142850643,126.9154620747,2024-08-23
영등포본동,서울특별시 영등포구 신길로60길 25,서울특별시 영등포구 신길동 186-182,37.5130349967,126.9130827611,2024-08-23
영등포본동,서울특별시 영등포구 신길로62길 17,서울특별시 영등포구 신길동 185-1,37.5148515782,126.9136666876,2024-08-23
영등포본동,서울특별시 영등포구 영등포로 62길 7,,,,2024-08-23
영등포본동,서울특별시 영등포구 도신로65길 5,서울특별시 영등포구 신길동 169-10,37.5129503370,126.9168863799,2024-08-23
영등포본동,서울특별시 영등포구 도신로53길 14,서울특별시 영등포구 신길동 159-1,37.5120035108,126.9150413991,2024-08-23
영등포본동,서울특별시 영등포구 도신로 191,서울특별시 영등포구 신길동 216-10,37.5114065843,126.9123134873,2024-08-23
영등포본동,서울특별시 영등포구 신길로60길 32,서울특별시 영등포구 신길동 186-268,37.5132638670,126.9137180585,2024-08-23
영등포본동,서울특별시 영등포구 영신로20가길 11,서울특별시 영등포구 영등포동 592-57,37.5146813300,126.9090342000,2024-08-23
영등포본동,서울특별시 영등포구 영등포로60길 25,서울특별시 영등포구 신길동 34-5,37.5168255851,126.9155338648,2024-08-23
영등포본동,서울특별시 영등포구 영등포로60길 7,서울특별시 영등포구 신길동 45-21,37.5161698824,126.9167428874,2024-08-23
영등포동,서울특별시 영등포구 국회대로54길 65,서울특별시 영등포구 영등포동2가 28-117,37.5203931000,126.9112306000,2024-08-23
영등포동,서울특별시 영등포구 국회대로54길 37-11,서울특별시 영등포구 영등포동2가 94-268,37.5225718633,126.9098621549,2024-08-23
영등포동,서울특별시 영등포구 국회대로55길 4,서울특별시 영등포구 영등포동7가 94-57,37.5256744088,126.9086176305,2024-08-23
영등포동,서울특별시 영등포구 영신로42길 15,서울특별시 영등포구 영등포동6가 49-19,37.5217728800,126.9031784000,2024-08-23
영등포동,서울특별시 영등포구 영신로40길 11,서울특별시 영등포구 영등포동6가 61-2,37.5213809620,126.9027614588,2024-08-23
영등포동,서울특별시 영등포구 영등포로34길 12,서울특별시 영등포구 영등포동4가 162-1,37.5192599400,126.9020293000,2024-08-23
영등포동,서울특별시 영등포구 영중로27길 3,서울특별시 영등포구 영등포동7가 49-1,37.5240888375,126.9047555220,2024-08-23
영등포동,서울특별시 영등포구 버드나루로15길 7,서울특별시 영등포구 영등포동7가 94-291,37.5259167100,126.9079496000,2024-08-23
영등포동,서울특별시 영등포구 영등포로 264-11,서울특별시 영등포구 영등포동3가 1-32,37.5183685800,126.9106683000,2024-08-23
영등포동,서울특별시 영등포구 경인로114가길 12,서울특별시 영등포구 영등포동1가 76,37.5176415966,126.9137507992,2024-08-23
영등포동,서울특별시 영등포구 버드나루로7길 12-15,서울특별시 영등포구 영등포동7가 29-123,37.5236965600,126.9087774000,2024-08-23
영등포동,서울특별시 영등포구 경인로114길 14,서울특별시 영등포구 영등포동1가 28,37.5182321300,126.9146353000,2024-08-23
영등포동,서울특별시 영등포구 경인로114길 42,서울특별시 영등포구 영등포동1가 44,37.5173047100,126.9148708000,2024-08-23
영등포동,서울특별시 영등포구 버드나루로 85,서울특별시 영등포구 영등포동7가 94-51,37.5257473100,126.9088578000,2024-08-23
영등포동,서울특별시 영등포구 영신로227-6,,,,2024-08-23
당산1동,서울특별시 영등포구 국회대로38길 18,서울특별시 영등포구 당산동3가 80-3,37.5254538400,126.8986723000,2024-08-23
당산1동,서울특별시 영등포구 양산로25길 3-1,서울특별시 영등포구 당산동3가 13,37.5241143400,126.8983853000,2024-08-23
당산1동,서울특별시 영등포구 당산로10길 21,서울특별시 영등포구 당산동1가 113,37.5216911100,126.8982972000,2024-08-23
당산1동,서울특별시 영등포구 당산로14길 10-1,서울특별시 영등포구 당산동1가 255-28,37.5222772700,126.8970150000,2024-08-23
당산1동,서울특별시 영등포구 양산로23길 11,서울특별시 영등포구 당산동3가 250,37.5251281100,126.8974049000,2024-08-23
당산1동,서울특별시 영등포구 양산로23길 14,,,,2024-08-23
당산1동,서울특별시 영등포구 당산로32길 7-4,서울특별시 영등포구 당산동3가 158-1,37.5265203100,126.8977862000,2024-08-23
당산1동,서울특별시 영등포구 선유동1로 20-10,서울특별시 영등포구 당산동2가 147-7,37.5236306335,126.8923274875,2024-08-23
당산1동,서울특별시 영등포구 양산로17길 14-1,서울특별시 영등포구 당산동3가 427-3,37.5257653800,126.8938227000,2024-08-23
당산1동,서울특별시 영등포구 당산로27길 7,서울특별시 영등포구 당산동3가 363,37.5249830977,126.8955040808,2024-08-23
당산1동,서울특별시 영등포구 국회대로30길 14,서울특별시 영등포구 당산동3가 395-3,37.5269891100,126.8953256000,2024-08-23
당산1동,서울특별시 영등포구 영신로39길 14-1,서울특별시 영등포구 당산동1가 155-2,37.5218244700,126.8996821000,2024-08-23
당산1동,서울특별시 영등포구 영등포로28길 5,서울특별시 영등포구 당산동1가 9-1,37.5199566805,126.8992420043,2024-08-23
당산2동,서울특별시 영등포구 버드나루로16길 5,서울특별시 영등포구 당산동 121-140,37.5267048800,126.9092014000,2024-08-23
당산2동,서울특별시 영등포구 당산로40길 4,서울특별시 영등포구 당산동4가 32-1,37.5297579600,126.8993447000,2024-08-23
당산2동,서울특별시 영등포구 당산로40길 12,서울특별시 영등포구 당산동4가 32-198,37.5294394435,126.8999691465,2024-08-23
당산2동,서울특별시 영등포구 당산로36길 9-6,서울특별시 영등포구 당산동4가 32-81,37.5283294900,126.8991051000,2024-08-23
당산2동,서울특별시 영등포구 당산로36길 13,서울특별시 영등포구 당산동4가 32-95,37.5279553400,126.8992552000,2024-08-23
당산2동,서울특별시 영등포구 당산로35길 8,서울특별시 영등포구 당산동4가 73-13,37.5290741488,126.8970006731,2024-08-23
당산2동,서울특별시 영등포구 당산로41가길 7,서울특별시 영등포구 당산동4가 80-5,37.5310115134,126.8973478267,2024-08-23
당산2동,서울특별시 영등포구 당산로50길 7-5,서울특별시 영등포구 당산동6가 103-17,37.5348132397,126.9043764357,2024-08-23
당산2동,서울특별시 영등포구 당산로50길 9,서울특별시 영등포구 당산동6가 104-46,37.5346346200,126.9039976000,2024-08-23
당산2동,서울특별시 영등포구 당산로46가길 7,서울특별시 영등포구 당산동6가 237-17,37.5340708058,126.9039207465,2024-08-23
당산2동,서울특별시 영등포구 당산로50길 18,서울특별시 영등포구 당산동6가 237-5,37.5338868800,126.9043267000,2024-08-23
당산2동,서울특별시 영등포구 양평로12가길 2,서울특별시 영등포구 당산동6가 346-2,37.5363005800,126.9007368000,2024-08-23
당산2동,서울특별시 영등포구 국회대로55길 29,서울특별시 영등포구 당산동 121-119,37.5278020300,126.9073376000,2024-08-23
당산2동,서울특별시 영등포구 국회대로53길 28-4,서울특별시 영등포구 당산동 173-20,37.5278819800,126.9068099000,2024-08-23
당산2동,서울특별시 영등포구 당산로54길 32,서울특별시 영등포구 당산동6가 110-71,37.5335042100,126.9059909000,2024-08-23
당산2동,서울특별시 영등포구 당산역 6번출구 앞 ,,,,2024-08-23
당산2동,서울특별시 영등포구 국회대로53길 24-10,서울특별시 영등포구 당산동 171-30,37.5274573566,126.9069994184,2024-08-23
도림동,서울특별시 영등포구 도신로25길 5,서울특별시 영등포구 도림동 147-34,37.5078836492,126.9025313901,2024-08-23
도림동,서울특별시 영등포구 도림로112길 18,서울특별시 영등포구 도림동 144-185,37.5090379452,126.9020100669,2024-08-23
도림동,서울특별시 영등포구 도림로112길 6,서울특별시 영등포구 도림동 154-21,37.5086294903,126.9008946175,2024-08-23
도림동,서울특별시 영등포구 도림로108가길 3,서울특별시 영등포구 도림동 152-33,37.5076768109,126.9012685453,2024-08-23
도림동,서울특별시 영등포구 도림로113길 3,서울특별시 영등포구 도림동 156-3,37.5086793376,126.8995338134,2024-08-23
도림동,서울특별시 영등포구 도림로113길 17,서울특별시 영등포구 도림동 234-1,37.5088299665,126.8979351283,2024-08-23
도림동,서울특별시 영등포구 도신로19길 5,서울특별시 영등포구 도림동 251-3,37.5068206624,126.9003933751,2024-08-23
도림동,서울특별시 영등포구 도신로15나길 13-9,서울특별시 영등포구 도림동 247-31,37.5070202469,126.8990278778,2024-08-23
도림동,서울특별시 영등포구 도신로15가길 2,서울특별시 영등포구 도림동 250-11,37.5060810731,126.8989617359,2024-08-23
도림동,서울특별시 영등포구 도신로15라길 2,서울특별시 영등포구 도림동 232,37.5070224152,126.8978818309,2024-08-23
도림동,서울특별시 영등포구 도신로15라길 5-7,서울특별시 영등포구 도림동 231-1,37.5078533391,126.8973820348,2024-08-23
도림동,서울특별시 영등포구 도신로15길 29-3,서울특별시 영등포구 도림동 265-11,37.5075415645,126.8964220083,2024-08-23
도림동,서울특별시 영등포구 도신로15길 36,서울특별시 영등포구 도림동 226-13,37.5082030858,126.8967350653,2024-08-23
도림동,서울특별시 영등포구 도영로7길 12-7,서울특별시 영등포구 도림동 202-43,37.5097824767,126.8960392207,2024-08-23
도림동,서울특별시 영등포구 도영로11길 13,서울특별시 영등포구 도림동 201-2,37.5107164492,126.8968518343,2024-08-23
도림동,서울특별시 영등포구 도영로11길 6,서울특별시 영등포구 도림동 187-51,37.5104243527,126.8976910251,2024-08-23
도림동,서울특별시 영등포구 영신로1가길 12-25,서울특별시 영등포구 도림동 7-23,37.5114011100,126.9092390000,2024-08-23
도림동,서울특별시 영등포구 도신로29라길 6,서울특별시 영등포구 도림동 113-2,37.5095007208,126.9055742710,2024-08-23
문래동,서울특별시 영등포구 도림로141길 17,서울특별시 영등포구 문래동2가 56-3,37.5138121577,126.8921546231,2024-08-23
문래동,서울특별시 영등포구 선유로3길 21,서울특별시 영등포구 문래동5가 19-8,37.5160554289,126.8853136664,2024-08-23
문래동,서울특별시 영등포구 선유로 28,서울특별시 영등포구 문래동4가 10-4,37.5164052081,126.8887147048,2024-08-23
문래동,서울특별시 영등포구 영등포로20길 22-8,서울특별시 영등포구 문래동3가 82-12,37.5199500610,126.8918586920,2024-08-23
문래동,서울특별시 영등포구 도림로128가길 1,서울특별시 영등포구 문래동3가 54-5,37.5144240292,126.8957676497,2024-08-23
양평1동,서울특별시 영등포구 양평동1가 30,,,,2024-08-23
양평1동,서울특별시 영등포구 선유서로30길30,,,,2024-08-23
양평1동,서울특별시 영등포구 선유서로24길 21,서울특별시 영등포구 양평동1가 211-1,37.5236254373,126.8883802167,2024-08-23
양평1동,서울특별시 영등포구 선유동1로 120 뒤,,,,2024-08-23
양평1동,서울특별시 영등포구 선유서로 103-3,서울특별시 영등포구 양평동2가 33-48,37.5249177612,126.8857592843,2024-08-23
양평1동,서울특별시 영등포구 문래북로 57,서울특별시 영등포구 양평동1가 1-42,37.5209160176,126.8915548120,2024-08-23
양평1동,서울특별시 영등포구 선유서로25길 16-1,서울특별시 영등포구 양평동2가 36-36,37.5246762858,126.8840877516,2024-08-23
양평1동,서울특별시 영등포구 양산로 5,서울특별시 영등포구 양평동3가 30-17,37.5261465535,126.8835513946,2024-08-23
양평1동,서울특별시 영등포구 양산로3길 7,서울특별시 영등포구 양평동3가 30-31,37.5264220919,126.8850352245,2024-08-23
양평1동,서울특별시 영등포구 선유서로31길 1,서울특별시 영등포구 양평동3가 23-3,37.5263847140,126.8861655575,2024-08-23
양평1동,서울특별시 영등포구 선유서로 129,서울특별시 영등포구 양평동3가 32-1,37.5272259092,126.8864672432,2024-08-23
양평1동,서울특별시 영등포구 선유서로34길 11-2,서울특별시 영등포구 양평동3가 56-9,37.5274117589,126.8875694224,2024-08-23
양평1동,서울특별시 영등포구 영등포로 14-3,서울특별시 영등포구 양평동2가 22-1,37.5227796466,126.8833252893,2024-08-23
양평1동,서울특별시 영등포구 선유로33길 22,서울특별시 영등포구 양평동3가 55-1,37.5271356665,126.8878267562,2024-08-23
양평1동,서울특별시 영등포구 국회대로22길 35,서울특별시 영등포구 양평동3가 49-8,37.5268593406,126.8906245380,2024-08-23
양평1동,서울특별시 영등포구 문래북로 31,서울특별시 영등포구 양평동1가 13-25,37.5213926934,126.8887937228,2024-08-23
양평1동,서울특별시 영등포구 선유동1로 35,서울특별시 영등포구 양평동3가 3-1,37.5254761629,126.8919405393,2024-08-23
양평2동,서울특별시 영등포구 양평로28가길 50,서울특별시 영등포구 양평동6가 88,37.5441918986,126.8890000963,2024-08-23
양평2동,서울특별시 영등포구 양평로28사길 31,서울특별시 영등포구 양평동6가 86,37.5438776255,126.8891870431,2024-08-23
양평2동,서울특별시 영등포구 양평로30나길 12,서울특별시 영등포구 양평동6가 65-1,37.5432067432,126.8893809650,2024-08-23
양평2동,서울특별시 영등포구 양평로30나길 6,서울특별시 영등포구 양평동6가 82-3,37.5428664380,126.8887119339,2024-08-23
양평2동,서울특별시 영등포구 양평로28사길 9,서울특별시 영등포구 양평동6가 20,37.5429663351,126.8912981563,2024-08-23
양평2동,서울특별시 영등포구 양평로28길 33,서울특별시 영등포구 양평동6가 20-5,37.5424410042,126.8919325794,2024-08-23
양평2동,서울특별시 영등포구 양평로22사길 35,서울특별시 영등포구 양평동5가 131-7,37.5422258274,126.8926040023,2024-08-23
양평2동,서울특별시 영등포구 양평로24길 32,서울특별시 영등포구 양평동5가 121-7,37.5408465923,126.8946205253,2024-08-23
양평2동,서울특별시 영등포구 양평로22바길 6,서울특별시 영등포구 양평동5가 124-7,37.5404207451,126.8950874182,2024-08-23
양평2동,서울특별시 영등포구 양평로24길 16,서울특별시 영등포구 양평동5가 94,37.5396387345,126.8937404518,2024-08-23
양평2동,서울특별시 영등포구 선유로53길 34-14,서울특별시 영등포구 양평동4가 210-3,37.5388741871,126.8956046359,2024-08-23
양평2동,서울특별시 영등포구 선유로53길 34-1,서울특별시 영등포구 양평동4가 205,37.5385222408,126.8949771567,2024-08-23
양평2동,서울특별시 영등포구 양평로23길 3,서울특별시 영등포구 양평동5가 28,37.5380684984,126.8925503157,2024-08-23
양평2동,서울특별시 영등포구 선유로53길 19-1,서울특별시 영등포구 양평동4가 169,37.5376412915,126.8962551362,2024-08-23
양평2동,서울특별시 영등포구 양평로18길 14,서울특별시 영등포구 양평동4가 276-1,37.5376187766,126.8974011137,2024-08-23
양평2동,서울특별시 영등포구 양평로18길 19,서울특별시 영등포구 양평동4가 322-1,37.5382568089,126.8976482584,2024-08-23
양평2동,서울특별시 영등포구 선유로55길 5,서울특별시 영등포구 양평동4가 266-6,37.5376130196,126.8982450802,2024-08-23
양평2동,서울특별시 영등포구 선유로55길 19,서울특별시 영등포구 양평동4가 245-1,37.5382956249,126.8970067729,2024-08-23
양평2동,서울특별시 영등포구 선유로 277-5,서울특별시 영등포구 양평동4가 275-2,37.5372712924,126.8979574753,2024-08-23
양평2동,서울특별시 영등포구 양평로30길 4-1,서울특별시 영등포구 양평동6가 7,37.5403422644,126.8897429787,2024-08-23
양평2동,서울특별시 영등포구 선유로47길 15,서울특별시 영등포구 양평동4가 22-1,37.5354055418,126.8950227117,2024-08-23
양평2동,서울특별시 영등포구 양평로28라길 2,서울특별시 영등포구 양평동6가 13-6,37.5417720126,126.8914418968,2024-08-23
양평2동,서울특별시 영등포구 양평로24길 3,서울특별시 영등포구 양평동5가 53,37.5388941982,126.8927986437,2024-08-23
양평2동,서울특별시 영등포구 양평로14길 9,서울특별시 영등포구 양평동4가 278-3,37.5362596525,126.8995372169,2024-08-23
양평2동,서울특별시 영등포구 선유동2로 71,서울특별시 영등포구 양평동4가 33-4,37.5349814187,126.8982921026,2024-08-23
양평2동,서울특별시 영등포구 양평로28길 11,서울특별시 영등포구 양평동6가 8,37.5408768077,126.8904964580,2024-08-23
양평2동,서울특별시 영등포구 양평로17길 9,서울특별시 영등포구 양평동4가 51-1,37.5356705885,126.8962147586,2024-08-23
양평2동,서울특별시 영등포구 양평로20길 20,서울특별시 영등포구 양평동4가 319-6,37.5386786197,126.8965713053,2024-08-23
신길1동,서울특별시 영등포구 영등포로74길 14,서울특별시 영등포구 신길동 95-51,37.5133052842,126.9186286669,2024-08-23
신길1동,서울특별시 영등포구 영등포로84길 38,서울특별시 영등포구 신길동 456-7,37.5099620300,126.9219778000,2024-08-23
신길1동,서울특별시 영등포구 여의대방로47다길 16-9,서울특별시 영등포구 신길동 465-16,37.5108008540,126.9214241962,2024-08-23
신길1동,서울특별시 영등포구 영등포로84길 24-14,서울특별시 영등포구 신길동 466-3,37.5115780184,126.9214969011,2024-08-23
신길1동,서울특별시 영등포구 도신로62길 36,서울특별시 영등포구 신길동 124-10,37.5093696676,126.9197696317,2024-08-23
신길1동,서울특별시 영등포구 도신로62길 26-1,서울특별시 영등포구 신길동 124-30,37.5100858691,126.9189675176,2024-08-23
신길1동,서울특별시 영등포구 도신로58길 34,서울특별시 영등포구 신길동 146-16,37.5091097004,126.9168634936,2024-08-23
신길1동,서울특별시 영등포구 영등포로72길 35,서울특별시 영등포구 신길동 119-2,37.5109584376,126.9187574411,2024-08-23
신길1동,서울특별시 영등포구 영등포로79길 9,서울특별시 영등포구 신길동 65-103,37.5146072812,126.9212225996,2024-08-23
신길1동,서울특별시 영등포구 여의대방로59길 42-4,서울특별시 영등포구 신길동 7-39,37.5152612997,126.9218706130,2024-08-23
신길1동,서울특별시 영등포구 여의대방로61길 42,서울특별시 영등포구 신길동 10-40,37.5159630200,126.9220353668,2024-08-23
신길1동,서울특별시 영등포구 영등포로81길 6,서울특별시 영등포구 신길동 69-15,37.5138598701,126.9221306446,2024-08-23
신길1동,서울특별시 영등포구 도신로52길 11,서울특별시 영등포구 신길동 158-30,37.5104205458,126.9141815570,2024-08-23
신길3동,서울특별시 영등포구 신길로37길 13-1,서울특별시 영등포구 신길동 230-4,37.5073609145,126.9104192591,2024-08-23
신길3동,서울특별시 영등포구 가마산로61다길 9,서울특별시 영등포구 신길동 312-23,37.5061762200,126.9041495000,2024-08-23
신길3동,서울특별시 영등포구 신길로41나길 11,서울특별시 영등포구 신길동 271-10,37.5072575000,126.9089153000,2024-08-23
신길3동,서울특별시 영등포구 도신로 165,서울특별시 영등포구 도림동 45-9,37.5105970134,126.9096583762,2024-08-23
신길3동,서울특별시 영등포구 신길로39길 28,서울특별시 영등포구 신길동 268-13,37.5071820400,126.9079205000,2024-08-23
신길3동,서울특별시 영등포구 신길로41길 34,서울특별시 영등포구 신길동 287-12,37.5089032700,126.9074029000,2024-08-23
신길3동,서울특별시 영등포구 신길로41길 28-5,서울특별시 영등포구 신길동 287-42,37.5088075007,126.9079879677,2024-08-23
신길3동,서울특별시 영등포구 신길로41라길 13-7,서울특별시 영등포구 신길동 281-22,37.5075224500,126.9079429000,2024-08-23
신길3동,서울특별시 영등포구 가마산로63길 25,서울특별시 영등포구 신길동 307-3,37.5076255724,126.9050399683,2024-08-23
신길3동,서울특별시 영등포구 가마산로61길 24-7,서울특별시 영등포구 신길동 308-14,37.5073566200,126.9047068000,2024-08-23
신길3동,서울특별시 영등포구 가마산로61길 26,서울특별시 영등포구 신길동 296-44,37.5073080600,126.9042644000,2024-08-23
신길3동,서울특별시 영등포구 도신로 160,서울특별시 영등포구 신길동 276-77,37.5099484200,126.9092385000,2024-08-23
신길4동,서울특별시 영등포구 도신로48길 13,서울특별시 영등포구 신길동 204-9,37.5099244612,126.9133292035,2024-08-23
신길4동,서울특별시 영등포구 신길로42가길 13-4,서울특별시 영등포구 신길동 207-4,37.5089381119,126.9128126712,2024-08-23
신길4동,서울특별시 영등포구 도신로48길 30,서울특별시 영등포구 신길동 205-167,37.5085149593,126.9136155120,2024-08-23
신길4동,서울특별시 영등포구 신길로42나길 24,서울특별시 영등포구 신길동 4934-19,37.5078787825,126.9138931175,2024-08-23
신길4동,서울특별시 영등포구 신길로42라길 1,서울특별시 영등포구 신길동 4934-3,37.5076528200,126.9127992000,2024-08-23
신길4동,서울특별시 영등포구 신길로42길 30-1,서울특별시 영등포구 신길동 4912,37.5068419100,126.9137717000,2024-08-23
신길4동,서울특별시 영등포구 신길로38가길 6-1,서울특별시 영등포구 신길동 4908-1,37.5062609786,126.9125985215,2024-08-23
신길4동,서울특별시 영등포구 신길로38길 6,서울특별시 영등포구 신길동 235-1,37.5059162146,126.9118179782,2024-08-23
신길4동,서울특별시 영등포구 신길로38길 3-12,서울특별시 영등포구 신길동 4903-4,37.5065210000,126.9117362000,2024-08-23
신길4동,서울특별시 영등포구 신길로38길 16,서울특별시 영등포구 신길동 235-6,37.5056625724,126.9126993171,2024-08-23
신길4동,서울특별시 영등포구 가마산로77길 14-1,서울특별시 영등포구 신길동 4920-7,37.5060682978,126.9148799477,2024-08-23
신길5동,서울특별시 영등포구 가마산로50길 5-1,서울특별시 영등포구 신길동 387-17,37.5027139100,126.9012806000,2024-08-23
신길5동,서울특별시 영등포구 가마산로50길 13,서울특별시 영등포구 신길동 388-24,37.5021441082,126.9019280373,2024-08-23
신길5동,서울특별시 영등포구 도림로69길 16,서울특별시 영등포구 신길동 420-120,37.5004495464,126.9040732009,2024-08-23
신길5동,서울특별시 영등포구 도림로69길 10,서울특별시 영등포구 신길동 420-143,37.5002277400,126.9045445000,2024-08-23
신길5동,서울특별시 영등포구 도림로69길 6-1,서울특별시 영등포구 신길동 420-133,37.5001263500,126.9048486000,2024-08-23
신길5동,서울특별시 영등포구 대방천로 109,서울특별시 영등포구 신길동 410-171,37.5005733700,126.9035511301,2024-08-23
신길5동,서울특별시 영등포구 신길로23길 33,,,,2024-08-23
신길5동,서울특별시 영등포구 신길로23길 11,서울특별시 영등포구 신길동 423-1,37.5005597034,126.9076460389,2024-08-23
신길5동,서울특별시 영등포구 신길로17길 6-1,서울특별시 영등포구 신길동 447-5,37.4982197600,126.9076071000,2024-08-23
신길5동,서울특별시 영등포구 대방천로 144,서울특별시 영등포구 신길동 430-48,37.4992791892,126.9067225521,2024-08-23
신길5동,서울특별시 영등포구 신길로15길 10,서울특별시 영등포구 신길동 448-46,37.4974401200,126.9071482000,2024-08-23
신길5동,서울특별시 영등포구 가마산로46길 21-3,서울특별시 영등포구 대림동 675-5,37.5009551800,126.9017626000,2024-08-23
신길6동,서울특별시 영등포구 신풍로19가길 13,서울특별시 영등포구 신길동 1560,37.5013906812,126.9173505437,2024-08-23
신길6동,서울특별시 영등포구 여의대방로31길 7,서울특별시 영등포구 신길동 507-1,37.5003414700,126.9195796000,2024-08-23
신길6동,서울특별시 영등포구 신풍로20길 1,서울특별시 영등포구 신길동 4145,37.4997096500,126.9169316000,2024-08-23
신길6동,서울특별시 영등포구 신길로16길 9-1,서울특별시 영등포구 신길동 4605,37.4981697700,126.9092554000,2024-08-23
신길6동,서울특별시 영등포구 여의대방로7길 9,서울특별시 영등포구 신길동 4507,37.4973215800,126.9127439000,2024-08-23
신길6동,서울특별시 영등포구 신길로8길 5,서울특별시 영등포구 신길동 4728,37.4956937399,126.9091698325,2024-08-23
신길6동,서울특별시 영등포구 신길로8길 9-15,서울특별시 영등포구 신길동 4692,37.4963108742,126.9090981814,2024-08-23
신길6동,서울특별시 영등포구 신풍로12가길 1-6,서울특별시 영등포구 신길동 3829,37.4993559200,126.9125699000,2024-08-23
신길6동,서울특별시 영등포구 신풍로14길 2,서울특별시 영등포구 신길동 3980-10,37.4997119600,126.9148528000,2024-08-23
신길6동,서울특별시 영등포구 여의대방로27길 2,서울특별시 영등포구 신길동 503,37.4994819100,126.9198425000,2024-08-23
신길6동,서울특별시 영등포구 신풍로22길 10,서울특별시 영등포구 신길동 4148,37.4995202000,126.9181331000,2024-08-23
신길6동,서울특별시 영등포구 신풍로 31-1,서울특별시 영등포구 신길동 3574-5,37.5006235500,126.9099333000,2024-08-23
신길6동,서울특별시 영등포구 신풍로14길 7,서울특별시 영등포구 신길동 3988,37.4990936400,126.9150473000,2024-08-23
신길6동,서울특별시 영등포구 가마산로51길 17,서울특별시 영등포구 신길동 355-79,37.5042173934,126.9019062121,2024-08-23
신길6동,서울특별시 영등포구 가마산로51길 6,서울특별시 영등포구 신길동 355-556,37.5036280666,126.9009591335,2024-08-23
신길6동,서울특별시 영등포구 가마산로49길 2,서울특별시 영등포구 신길동 370-17,37.5034313100,126.9005623000,2024-08-23
신길7동,서울특별시 영등포구 가마산로88길 19-1,서울특별시 영등포구 신길동 664,37.5022680900,126.9202523000,2024-08-23
신길7동,서울특별시 영등포구 가마산로89길 19,서울특별시 영등포구 신길동 875,37.5060796834,126.9219731498,2024-08-23
신길7동,서울특별시 영등포구 여의대방로43길 11-3,서울특별시 영등포구 신길동 889,37.5058088800,126.9213586000,2024-08-23
신길7동,서울특별시 영등포구 여의대방로43가길 17,서울특별시 영등포구 신길동 1065,37.5076493900,126.9226217000,2024-08-23
신길7동,서울특별시 영등포구 여의대방로45길 5,서울특별시 영등포구 신길동 1088,37.5076824779,126.9225160638,2024-08-23
신길7동,서울특별시 영등포구 여의대방로45길 15,서울특별시 영등포구 신길동 457-3,37.5082709400,126.9219878000,2024-08-23
신길7동,서울특별시 영등포구 여의대방로49길 15-1,서울특별시 영등포구 신길동 1222,37.5098993729,126.9223382341,2024-08-23
신길7동,서울특별시 영등포구 여의대방로53가길 22-1,서울특별시 영등포구 신길동 1206,37.5097007500,126.9226944000,2024-08-23
신길7동,서울특별시 영등포구 여의대방로 53가길,,,,2024-08-23
신길7동,서울특별시 영등포구 여의대방로53가길 10,서울특별시 영등포구 신길동 1272,37.5108334700,126.9232004000,2024-08-23
신길7동,서울특별시 영등포구 여의대방로49길 11,서울특별시 영등포구 신길동 1204,37.5099283935,126.9227630248,2024-08-23
신길7동,서울특별시 영등포구 여의대방로53가길 26-1,서울특별시 영등포구 신길동 1210,37.5093362149,126.9225666083,2024-08-23
신길7동,서울특별시 영등포구 여의대방로 249,서울특별시 영등포구 신길동 1164,37.5081360991,126.9228761637,2024-08-23
대림1동,서울특별시 영등포구 도림로 180,서울특별시 영등포구 대림동 824-97,37.4954716400,126.9013093000,2024-08-23
대림1동,서울특별시 영등포구 도림로52길 7,서울특별시 영등포구 대림동 844-33,37.4954149300,126.9019109000,2024-08-23
대림1동,서울특별시 영등포구 도림로54길 5-3,서울특별시 영등포구 대림동 758-10,37.4958907969,126.9026181079,2024-08-23
대림1동,서울특별시 영등포구 도림로54길 7,서울특별시 영등포구 대림동 758-3,37.4957094700,126.9026778000,2024-08-23
대림1동,서울특별시 영등포구 대림로22길 31,서울특별시 영등포구 대림동 885-1,37.4952220500,126.9038035000,2024-08-23
대림1동,서울특별시 영등포구 디지털로69가길 1,서울특별시 영등포구 대림동 881-3,37.4940050177,126.9040834794,2024-08-23
대림1동,서울특별시 영등포구 디지털로70길 16-3,서울특별시 영등포구 대림동 942-49,37.4929616300,126.9064211000,2024-08-23
대림1동,서울특별시 영등포구 대림로8길 31,서울특별시 영등포구 대림동 958-2,37.4922211600,126.9066173000,2024-08-23
대림1동,서울특별시 영등포구 시흥대로183길 7-6,서울특별시 영등포구 대림동 976-46,37.4907221057,126.9067812511,2024-08-23
대림1동,서울특별시 영등포구 대림로10길 5,서울특별시 영등포구 대림동 1018-18,37.4908806000,126.9038690000,2024-08-23
대림1동,서울특별시 영등포구 대림로 106,서울특별시 영등포구 대림동 870,37.4913317598,126.9030161764,2024-08-23
대림1동,서울특별시 영등포구 대림로22길 2,서울특별시 영등포구 대림동 834-1,37.4931431584,126.9016166272,2024-08-23
대림1동,서울특별시 영등포구 도림로 202,서울특별시 영등포구 대림동 755-24,37.4967087300,126.9032719000,2024-08-23
대림1동,서울특별시 영등포구 도림로 213,,,,2024-08-23
대림2동,서울특별시 영등포구 시흥대로173길 18-1,서울특별시 영등포구 대림동 994-25,37.4871190400,126.9021747000,2024-08-23
대림2동,서울특별시 영등포구 도림천로19길 12,서울특별시 영등포구 대림동 1101-1,37.4868987464,126.9005633172,2024-08-23
대림2동,서울특별시 영등포구 디지털로38길 20-20,서울특별시 영등포구 대림동 1095-35,37.4872443636,126.9004451528,2024-08-23
대림2동,서울특별시 영등포구 디지털로38길 20-20,서울특별시 영등포구 대림동 1095-35,37.4872443636,126.9004451528,2024-08-23
대림2동,서울특별시 영등포구 디지털로38길 8-8,서울특별시 영등포구 대림동 1081-88,37.4881656776,126.8995270315,2024-08-23
대림2동,서울특별시 영등포구 디지털로 336-1,서울특별시 영등포구 대림동 1087-40,37.4879643778,126.8985608796,2024-08-23
대림2동,서울특별시 영등포구 디지털로48가길 12,서울특별시 영등포구 대림동 1023-13,37.4891446400,126.9021226000,2024-08-23
대림2동,서울특별시 영등포구 도림로 228,서울특별시 영등포구 신길동 435-20,37.4985376462,126.9048956432,2024-08-23
대림2동,서울특별시 영등포구 디지털로48길 23,서울특별시 영등포구 대림동 1025-73,37.4881506800,126.9016172000,2024-08-23
대림2동,서울특별시 영등포구 디지털로54가길 2,서울특별시 영등포구 대림동 1024-11,37.4888178447,126.9029982820,2024-08-23
대림2동,서울특별시 영등포구 시흥대로175가길 8,서울특별시 영등포구 대림동 993-31,37.4880166000,126.9036815000,2024-08-23
대림2동,서울특별시 영등포구 도림천로 425,서울특별시 영등포구 대림동 1117-2,37.4874924622,126.8984934491,2024-08-23
대림2동,서울특별시 영등포구 도림천로 411,서울특별시 영등포구 대림동 1116-39,37.4883754729,126.8975807806,2024-08-23
대림2동,서울특별시 영등포구 도림천로 401,서울특별시 영등포구 대림동 1116-31,37.4892145568,126.8970343955,2024-08-23
대림2동,서울특별시 영등포구 도림로 124-11,서울특별시 영등포구 대림동 1055-5,37.4918532600,126.8964316000,2024-08-23
대림2동,서울특별시 영등포구 디지털로56길 16,서울특별시 영등포구 대림동 1020-6,37.4902602000,126.9031404000,2024-08-23
대림2동,서울특별시 영등포구 디지털로53길 25-2,서울특별시 영등포구 대림동 1039-1,37.4926189400,126.8996744000,2024-08-23
대림2동,서울특별시 영등포구 대림로23가길 10-1,서울특별시 영등포구 대림동 704-8,37.4924225300,126.8992663000,2024-08-23
대림2동,서울특별시 영등포구 디지털로37나길 ,,,,2024-08-23
대림2동,서울특별시 영등포구 대림로23나길 7-1,서울특별시 영등포구 대림동 704-13,37.4924215900,126.8990073000,2024-08-23
대림2동,서울특별시 영등포구 대림로23나길 1,서울특별시 영등포구 대림동 704-18,37.4928755084,126.8985731222,2024-08-23
대림3동,서울특별시 영등포구 대림로 256,서울특별시 영등포구 대림동 650,37.5041515900,126.8966941000,2024-08-23
대림3동,서울특별시 영등포구 가마산로48길 22,서울특별시 영등포구 대림동 674-4,37.5011858546,126.9018867683,2024-08-23
대림3동,서울특별시 영등포구 도림로47길 35-1,서울특별시 영등포구 대림동 691,37.4982922971,126.8990266258,2024-08-23
대림3동,서울특별시 영등포구 도림로47길 24,서울특별시 영등포구 대림동 773-12,37.4973518000,126.8997384000,2024-08-23
대림3동,서울특별시 영등포구 도림로47가길 14,서울특별시 영등포구 대림동 754-8,37.4975278919,126.9010598078,2024-08-23
대림3동,서울특별시 영등포구 도림로31길 26-1,서울특별시 영등포구 대림동 807-1,37.4946841400,126.8950088000,2024-08-23
대림3동,서울특별시 영등포구 도림로31길 14-1,서울특별시 영등포구 대림동 808-4,37.4937108800,126.8956234000,2024-08-23
대림3동,서울특별시 영등포구 도림로39길 7,서울특별시 영등포구 대림동 812-10,37.4936981200,126.8966922000,2024-08-23
대림3동,서울특별시 영등포구 도림로39길 21,서울특별시 영등포구 대림동 713-7,37.4945988600,126.8979414000,2024-08-23
대림3동,서울특별시 영등포구 대림로29길 19,서울특별시 영등포구 대림동 714-1,37.4951099700,126.8973809000,2024-08-23
대림3동,서울특별시 영등포구 대림로29다길 12-3,서울특별시 영등포구 대림동 1112-6,37.4954390724,126.8956984857,2024-08-23
대림3동,서울특별시 영등포구 대림로35길 12,서울특별시 영등포구 대림동 775-13,37.4988064200,126.8967400000,2024-08-23
대림3동,서울특별시 영등포구 가마산로32가길 7,서울특별시 영등포구 대림동 795-1,37.4972460600,126.8953183000,2024-08-23
대림3동,서울특별시 영등포구 대림로41길 26,서울특별시 영등포구 대림동 801-6,37.5002799739,126.8943535587,2024-08-23
대림3동,서울특별시 영등포구 도신로4길 20,서울특별시 영등포구 대림동 786-4,37.5016993000,126.8959498000,2024-08-23
대림3동,서울특별시 영등포구 가마산로31길 36-22,서울특별시 영등포구 대림동 789-1,37.5017728200,126.8947207000,2024-08-23
대림3동,서울특별시 영등포구 가마산로31길 36-2,서울특별시 영등포구 대림동 792,37.5012819993,126.8937697257,2024-08-23
대림3동,서울특별시 영등포구 대림로39길 23,서울특별시 영등포구 대림동 778-8,37.4992163623,126.8951915720,2024-08-23
대림3동,서울특별시 영등포구 대림로44길 25,서울특별시 영등포구 대림동 656-3,37.5037574000,126.8989786000,2024-08-23
대림3동,서울특별시 영등포구 도신로12길 6,서울특별시 영등포구 대림동 1118-4,37.5046061030,126.8980935590,2024-08-23