연번,도로명주소,위도,경도,데이터기준일자,
1.0,서울특별시 마포구 공덕동 손기정로 2,37.5576854771307,126.960530155717,44911.0,
2.0,서울특별시 마포구 공덕동 마포대로 270,37.5572654745435,126.959902165024,44911.0,
3.0,서울특별시 마포구 공덕동 환일길 13,37.557006792593,126.96020002735,44911.0,
4.0,서울특별시 마포구 공덕동 환일길 43,37.5544369914099,126.96101661194,44911.0,
5.0,서울특별시 마포구 공덕동 환일7길 18,37.5554914170282,126.962065874457,44911.0,
6.0,서울특별시 마포구 공덕동 손기정로12길 4,37.5559441682198,126.962319916296,44911.0,
7.0,서울특별시 마포구 공덕동 마포대로24길 31-8,37.5531124215101,126.9610123419,44911.0,
8.0,서울특별시 마포구 공덕동 마포대로 236,37.5547703730367,126.957944867764,44911.0,
9.0,서울특별시 마포구 공덕동 환일길 58-1,37.5530875811283,126.961261672167,44911.0,
10.0,서울특별시 마포구 공덕동 환일길 66,37.5524418916309,126.961610145446,44911.0,
11.0,서울특별시 마포구 공덕동 마포대로28라길 14,37.555001347287,126.959616693997,44911.0,
12.0,서울특별시 마포구 공덕동 마포대로18길 12,37.5514347573544,126.956723714984,44911.0,
13.0,서울특별시 마포구 공덕동 만리재로20길 24,37.5505359137996,126.963119101467,44911.0,
14.0,서울특별시 마포구 공덕동 만리재로20길 8,37.5510451775817,126.962625414588,44911.0,
15.0,서울특별시 마포구 공덕동 효창원로95길 14,37.5489013524881,126.962700355814,44911.0,
16.0,서울특별시 마포구 공덕동 만리재로10안길 26,37.5487832079313,126.961558985149,44911.0,
17.0,서울특별시 마포구 공덕동 만리재로12길 25,37.5491303967807,126.961078863198,44911.0,
18.0,서울특별시 마포구 공덕동 만리재로12길 36,37.5488023810282,126.960664685115,44911.0,
19.0,서울특별시 마포구 공덕동 효창목5길 24,37.5480077092916,126.961490512293,44911.0,
20.0,서울특별시 마포구 공덕동 임정로25길 8,37.5465446746523,126.960084897873,44911.0,
21.0,서울특별시 마포구 공덕동 효창목길 31,37.5473457529496,126.961013067234,44911.0,
22.0,서울특별시 마포구 공덕동 효창목5길 1,37.5480771571039,126.960165486657,44911.0,
23.0,서울특별시 마포구 공덕동 효창목길 11,37.5475916976481,126.959266885094,44911.0,
24.0,서울특별시 마포구 공덕동 마포대로14라길 3,37.5477986852197,126.957193048218,44911.0,
25.0,서울특별시 마포구 공덕동 마포대로20길 6-11,37.5518481617406,126.957623347664,44911.0,
26.0,서울특별시 마포구 공덕동 마포대로 214,37.5528625224055,126.957190490585,44911.0,
27.0,서울특별시 마포구 공덕동 마포대로16나길 25,37.5509162791127,126.9582134869,44911.0,
28.0,서울특별시 마포구 공덕동 만리재옛길 84,37.5501754355,126.960034520706,44911.0,
29.0,서울특별시 마포구 공덕동 만리재로10길 4,37.5491674853188,126.960172993423,44911.0,
30.0,서울특별시 마포구 공덕동 만리재로10길 1-8,37.5493882860724,126.96069051105,44911.0,
31.0,서울특별시 마포구 공덕동 만리재로16길 20-9,37.5499441519495,126.962425630513,44911.0,
32.0,서울특별시 마포구 공덕동 만리재로14길 15,37.5504492390319,126.961456680889,44911.0,
33.0,서울특별시 마포구 공덕동 만리재로14길 34,37.5496146505165,126.961841707417,44911.0,
34.0,서울특별시 마포구 공덕동 만리재옛길 56,37.5485948984992,126.957566743293,44911.0,
35.0,서울특별시 마포구 공덕동 백범로39길 22,37.5420911886679,126.956751915943,44911.0,
36.0,서울특별시 마포구 아현동 신촌로34길 23,37.5561741808671,126.954677078446,44911.0,
37.0,서울특별시 마포구 도화동 마포대로4길 18,37.5387039991367,126.946671805603,44911.0,
38.0,서울특별시 마포구 도화동 마포대로4나길 64,37.5364611470741,126.944734502013,44911.0,
39.0,서울특별시 마포구 도화동 마포대로4나길 54,37.5369751823554,126.944783842922,44911.0,
40.0,서울특별시 마포구 도화동 마포대로4나길 23,37.5379669856145,126.945867462587,44911.0,
41.0,서울특별시 마포구 도화동 마포대로4라길 13,37.5376925373212,126.946414450612,44911.0,
42.0,서울특별시 마포구 도화동 마포대로4길 62,37.5369273508223,126.946493093299,44911.0,
43.0,서울특별시 마포구 도화동 삼개로5길 29,37.5377031657971,126.948620765262,44911.0,
44.0,서울특별시 마포구 도화동 도화2안길 29,37.5386873941504,126.948855901248,44911.0,
45.0,서울특별시 마포구 도화동 도화2안길 11,37.5392477819515,126.949051722389,44911.0,
46.0,서울특별시 마포구 도화동 도화2길 6,37.5401996511208,126.948687596249,44911.0,
47.0,서울특별시 마포구 도화동 도화2길 49,37.5388458147854,126.950460463413,44911.0,
48.0,서울특별시 마포구 도화동 도화4길 94,37.5382965475608,126.950502098125,44911.0,
49.0,서울특별시 마포구 도화동 도화4길 39,37.5402993497662,126.951797986816,44911.0,
50.0,서울특별시 마포구 도화동 새창로4길 12,37.5415853751445,126.951519742605,44911.0,
51.0,서울특별시 마포구 도화동 새창로6나길 30,37.5409791710442,126.954289251594,44911.0,
52.0,서울특별시 마포구 도화동 도화4길 13-1,37.5412016647289,126.950925375228,44911.0,
53.0,서울특별시 마포구 용강동 대흥로4길 49,37.5414716373808,126.939775566212,44911.0,
54.0,서울특별시 마포구 용강동 대흥로2길 21,37.5418091911116,126.938231841759,44911.0,
55.0,서울특별시 마포구 용강동 대흥로2길 75,37.5415779975049,126.938574589545,44911.0,
56.0,서울특별시 마포구 용강동 토정로25안길 12,37.5440114608612,126.940656252081,44911.0,
57.0,서울특별시 마포구 용강동 토정로 265-17,37.5435093585204,126.93992780317,44911.0,
58.0,서울특별시 마포구 용강동 대흥로4길 22,37.5420265314106,126.938353237755,44911.0,
59.0,서울특별시 마포구 대흥동 서강로16길 51,37.5518675192827,126.936527554078,44911.0,
60.0,서울특별시 마포구 대흥동 신촌로22길 9,37.5555875661002,126.940402066578,44911.0,
61.0,서울특별시 마포구 대흥동 서강로16길 21,37.5527215097596,126.935304466317,44911.0,
62.0,서울특별시 마포구 대흥동 신촌로 170,37.5563529533014,126.944375184122,44911.0,
63.0,서울특별시 마포구 대흥동 신촌로26길 10,37.5558484486533,126.942367698541,44911.0,
64.0,서울특별시 마포구 대흥동 고산3길 19,37.554688416097,126.93860393986,44911.0,
65.0,서울특별시 마포구 대흥동 신촌로20길 44,37.5533732671165,126.938645203538,44911.0,
66.0,서울특별시 마포구 대흥동 고산2길 50,37.5537027023414,126.940213685469,44911.0,
67.0,서울특별시 마포구 대흥동 고산2길 58,37.5535814405984,126.940758645005,44911.0,
68.0,서울특별시 마포구 대흥동 신촌로24안길 24,37.5556084375121,126.942733259258,44911.0,
69.0,서울특별시 마포구 대흥동 고산18길 44,37.5524764187046,126.945154110087,44911.0,
70.0,서울특별시 마포구 대흥동 고산2길 75,37.5542908530655,126.941495585147,44911.0,
71.0,서울특별시 마포구 대흥동 서강대길 18,37.5492153758,126.940197924297,44911.0,
72.0,서울특별시 마포구 대흥동 백범로15길 21,37.5484479847913,126.943049297302,44911.0,
73.0,서울특별시 마포구 대흥동 고산길 104,37.5544139426908,126.941154314717,44911.0,
74.0,서울특별시 마포구 대흥동 백범로 64,37.5490413337243,126.938876307314,44911.0,
75.0,서울특별시 마포구 염리동 마포대로11길 102,37.5490036539365,126.948779132809,44911.0,
76.0,서울특별시 마포구 염리동 백범로25길 82,37.5494023288659,126.948015303898,44911.0,
77.0,서울특별시 마포구 염리동 숭문길 32,37.5479389681939,126.945580109638,44911.0,
78.0,서울특별시 마포구 염리동 백범로17길 56,37.5482599920421,126.94419494449,44911.0,
79.0,서울특별시 마포구 염리동 백범로17길 18,37.547881399897,126.944177644213,44911.0,
80.0,서울특별시 마포구 염리동 숭문5길 16-4,37.5481110772475,126.944672346622,44911.0,
81.0,서울특별시 마포구 염리동 마포대로11가길 10,37.548387041397,126.94935362223,44911.0,
82.0,서울특별시 마포구 신수동 독막로 221,37.5475418332627,126.938456186742,44911.0,
83.0,서울특별시 마포구 신수동 독막로29길 15,37.5481093799375,126.937440956236,44911.0,
84.0,서울특별시 마포구 신수동 독막로29길 28,37.548034193051,126.938098393836,44911.0,
85.0,서울특별시 마포구 신수동 광성로 36-1,37.5496561256016,126.937102150906,44911.0,
86.0,서울특별시 마포구 신수동 독막로29길 29-4,37.5483956817134,126.938217756961,44911.0,
87.0,서울특별시 마포구 신수동 광성로42-1,37.5496164695397,126.937702513891,44911.0,
88.0,서울특별시 마포구 신수동 신수로 102,37.5501625295941,126.936302773564,44911.0,
89.0,서울특별시 마포구 신수동 신수로6길 21,37.5487455739381,126.935044079403,44911.0,
90.0,서울특별시 마포구 신수동 신수로 80,37.5486787370926,126.934626305769,44911.0,
91.0,서울특별시 마포구 신수동 신수로 90,37.5494154183642,126.935385386774,44911.0,
92.0,서울특별시 마포구 신수동 광성로 4,37.5498484409856,126.933444024368,44911.0,
93.0,서울특별시 마포구 신수동 독막로 174,37.5471496709095,126.932927915303,44911.0,
94.0,서울특별시 마포구 신수동 독막로24길 9,37.5466907094761,126.932991032202,44911.0,
95.0,서울특별시 마포구 신수동 독막로24길 25,37.5461649042894,126.932636390551,44911.0,
96.0,서울특별시 마포구 신수동 독막로 188,37.5472542544824,126.934533387935,44911.0,
97.0,서울특별시 마포구 신수동 독막로26길 22,37.5466060569998,126.935595040007,44911.0,
98.0,서울특별시 마포구 신수동 토정로15길 26,37.546107592846,126.935273941349,44911.0,
99.0,서울특별시 마포구 신수동 토정로15안길 5,37.5458026024465,126.935425387118,44911.0,
100.0,서울특별시 마포구 신수동 토정로 221,37.5449933985137,126.935617940636,44911.0,
101.0,서울특별시 마포구 신수동 독막로26길 42,37.5459185554819,126.936295105424,44911.0,
102.0,서울특별시 마포구 신수동 독막로28길 34,37.5457618842914,126.936908414832,44911.0,
103.0,서울특별시 마포구 신수동 독막로28길 53,37.5448632969964,126.937181433597,44911.0,
104.0,서울특별시 마포구 신수동 독막로28길 65,37.5442477164377,126.936861992588,44911.0,
105.0,서울특별시 마포구 신수동 독막로32길 43,37.5455706978981,126.937691956646,44911.0,
106.0,서울특별시 마포구 신수동 독막로28길 19,37.5463513522311,126.937330081121,44911.0,
107.0,서울특별시 마포구 신수동 독막로32길 15,37.5464370448151,126.938845278732,44911.0,
108.0,서울특별시 마포구 신수동 대흥로9길 24,37.5450394558279,126.937733434507,44911.0,
109.0,서울특별시 마포구 신수동 대흥로9길 10,37.5447556310732,126.938235372084,44911.0,
110.0,서울특별시 마포구 신수동 대흥로11길 5,37.5448861292506,126.938720123514,44911.0,
111.0,서울특별시 마포구 신수동 토정로16길 10,37.5447143563388,126.934648705655,44911.0,
112.0,서울특별시 마포구 신수동 토정로 210,37.5449434980252,126.934079634789,44911.0,
113.0,서울특별시 마포구 신수동 신수로 25-8,37.5439855574971,126.933765088894,44911.0,
114.0,서울특별시 마포구 신수동 토정로14길 23,37.5442617035065,126.932414535748,44911.0,
115.0,서울특별시 마포구 신수동 신수로3길 11,37.5426855702786,126.933489365152,44911.0,
116.0,서울특별시 마포구 신수동 신수로3길 3-13,37.5423133323256,126.93317781628,44911.0,
117.0,서울특별시 마포구 신수동 신수로8길 32,37.5492010834403,126.936599342712,44911.0,
118.0,서울특별시 마포구 서강동 서강로 36,37.5461978890991,126.93130057743,44911.0,
119.0,서울특별시 마포구 서강동 독막로22길 1-18,37.5469338873087,126.929988676518,44911.0,
120.0,서울특별시 마포구 서강동 독막로20길 42,37.5469575067294,126.927623173818,44911.0,
121.0,서울특별시 마포구 서강동 토정로167,37.5464374495228,126.928898062851,44911.0,
122.0,서울특별시 마포구 서강동 독막로21길 7,37.5482873031957,126.928203936131,44911.0,
123.0,서울특별시 마포구 서강동 독막로21길 23,37.5491974553254,126.929209442784,44911.0,
124.0,서울특별시 마포구 서강동 서강로1길 30,37.5491793398684,126.930194273501,44911.0,
125.0,서울특별시 마포구 서강동 서강로3길 33,37.5494388670955,126.929998180543,44911.0,
126.0,서울특별시 마포구 서강동 서강로5길 16-19,37.5506375048036,126.931022243484,44911.0,
127.0,서울특별시 마포구 서강동 와우산로32길 5,37.5548238338217,126.930634306801,44911.0,
128.0,서울특별시 마포구 서강동 와우산로30길 74,37.552297029015,126.928214492683,44911.0,
129.0,서울특별시 마포구 서강동 와우산로30길 56,37.5527802617918,126.928841358934,44911.0,
130.0,서울특별시 마포구 서강동 와우산로30길 36,37.5532668723017,126.929841663688,44911.0,
131.0,서울특별시 마포구 서강동 와우산로24길 23,37.5525211777262,126.926106246378,44911.0,
132.0,서울특별시 마포구 서강동 와우산로 59-1,37.549852033492,126.922907829001,44911.0,
133.0,서울특별시 마포구 서강동 와우산로 29,37.5471479261927,126.922799574869,44911.0,
134.0,서울특별시 마포구 서강동 독막로 95-21,37.5480156518495,126.924088527989,44911.0,
135.0,서울특별시 마포구 서강동 서강로 75-16,37.5495857760207,126.931297535834,44911.0,
136.0,서울특별시 마포구 서강동 독막로12길 5,37.547457112968,126.920147035026,44911.0,
137.0,서울특별시 마포구 서강동 와우산로3안길 49-6,37.5470648405312,126.920605350401,44911.0,
138.0,서울특별시 마포구 서강동 어울마당로 20,37.5470750045322,126.919745143123,44911.0,
139.0,서울특별시 마포구 서강동 어울마당로 13,37.5465644901046,126.919096143403,44911.0,
140.0,서울특별시 마포구 서강동 어울마당로 2,37.545571821045,126.918929397082,44911.0,
141.0,서울특별시 마포구 서강동 독막로12길 46,37.5459898656049,126.919319442352,44911.0,
142.0,서울특별시 마포구 서강동 어울마당로2길 9,37.5463186438293,126.919801310361,44911.0,
143.0,서울특별시 마포구 서강동 독막로12안길 27,37.5459955321325,126.920926293355,44911.0,
144.0,서울특별시 마포구 서강동 와우산로 15-3,37.5459576773288,126.922703516818,44911.0,
145.0,서울특별시 마포구 서강동 토정로 77,37.5456479290464,126.91936963794,44911.0,
146.0,서울특별시 마포구 서강동 토정로 95,37.5444482155657,126.927138528836,44911.0,
147.0,서울특별시 마포구 서강동 와우산로1길 21,37.545580356971,126.921837579762,44911.0,
148.0,서울특별시 마포구 서강동 와우산로1길 30,37.5456746075328,126.921304354143,44911.0,
149.0,서울특별시 마포구 서강동 토정로 104,37.5468168576088,126.931993378759,44911.0,
150.0,서울특별시 마포구 서강동 토정로 119,37.5451604465925,126.924208727403,44911.0,
151.0,서울특별시 마포구 서강동 와우산로 10,37.5452946023434,126.923109118408,44911.0,
152.0,서울특별시 마포구 서강동 토정로11길 42,37.5460909711565,126.924478282885,44911.0,
153.0,서울특별시 마포구 서강동 토정로11길 17,37.5457241049644,126.925750982966,44911.0,
154.0,서울특별시 마포구 서강동 토정로11길 11,37.5456810119818,126.925966611907,44911.0,
155.0,서울특별시 마포구 서강동 토정로 136-7,37.5450684866121,126.925986705119,44911.0,
156.0,서울특별시 마포구 서강동 독막로 68,37.5475987602442,126.920857944398,44911.0,
157.0,서울특별시 마포구 서강동 와우산로5길 29,37.5470074562078,126.9212285888,44911.0,
158.0,서울특별시 마포구 서교동 동교로 13길 8,37.554983558246,126.913564801598,44911.0,
159.0,서울특별시 마포구 서교동 동교로 120,37.5545779981453,126.915517329995,44911.0,
160.0,서울특별시 마포구 서교동 동교로 16길 26,37.5537793975142,126.915879733992,44911.0,
161.0,서울특별시 마포구 서교동 잔다리로7안길 41,37.5528496861075,126.915700788222,44911.0,
162.0,서울특별시 마포구 서교동 동교로 12길 21,37.5534707009891,126.912681332933,44911.0,
163.0,서울특별시 마포구 서교동 동교로 12길 42,37.5524165220941,126.912685312229,44911.0,
164.0,서울특별시 마포구 서교동 월드컵북로5길 49,37.5562521705789,126.916307991908,44911.0,
165.0,서울특별시 마포구 서교동 동교로 157-1,37.5559371704694,126.919300481263,44911.0,
166.0,서울특별시 마포구 서교동 월드컵로10길 56,37.5554808645711,126.914734647691,44911.0,
167.0,서울특별시 마포구 서교동 월드컵북로 4길 47,37.5583907379376,126.921574023299,44911.0,
168.0,서울특별시 마포구 서교동 월드컵북로 4길 60,37.5581846617966,126.921701490671,44911.0,
169.0,서울특별시 마포구 서교동 동교로 27길 26,37.5594070963442,126.922363003366,44911.0,
170.0,서울특별시 마포구 서교동 월드컵북로 4길 87,37.5596938069847,126.923173811281,44911.0,
171.0,서울특별시 마포구 서교동 동교로 25길 5,37.5573857323327,126.922029897539,44911.0,
172.0,서울특별시 마포구 서교동 동교로 212-2,37.5591152159363,126.923951780029,44911.0,
173.0,서울특별시 마포구 서교동 신촌로12나길 32,37.5548565346485,126.934255529593,44911.0,
174.0,서울특별시 마포구 서교동 신촌로12나길 12,37.5552975046144,126.933196697665,44911.0,
175.0,서울특별시 마포구 서교동 신촌로10길 16,37.5560510278355,126.931827813815,44911.0,
176.0,서울특별시 마포구 서교동 신촌로 6길 17,37.5565482823262,126.930021157273,44911.0,
177.0,서울특별시 마포구 서교동 와우산로 37길 24,37.5563736238087,126.929638839288,44911.0,
178.0,서울특별시 마포구 서교동 와우산로 35길 39,37.5561931198832,126.928611481852,44911.0,
179.0,서울특별시 마포구 서교동 와우산로 35길 17,37.5557514744861,126.929591137466,44911.0,
180.0,서울특별시 마포구 서교동 와우산로 33길 27,37.555555925691,126.928892222369,44911.0,
181.0,서울특별시 마포구 서교동 와우산로 29나길 15,37.5544498250344,126.928138429418,44911.0,
182.0,서울특별시 마포구 서교동 와우산로 29가길 48,37.5538981840937,126.926924016399,44911.0,
183.0,서울특별시 마포구 서교동 와우산로 27길 75,37.5555443245866,126.924636865988,44911.0,
184.0,서울특별시 마포구 서교동 홍익로 2길 37,37.5552171100171,126.924324663052,44911.0,
185.0,서울특별시 마포구 서교동 와우산로 23길 15,37.5536391581047,126.924200186908,44911.0,
186.0,서울특별시 마포구 서교동 와우산로25길 19,37.5541949403393,126.925867222933,44911.0,
187.0,서울특별시 마포구 서교동 서강로 117,37.550382869083,126.932757392326,44911.0,
188.0,서울특별시 마포구 서교동 월드컵로14길 5,37.5560023803598,126.910697909206,44911.0,
189.0,서울특별시 마포구 서교동 월드컵로16길 15,37.5572699623167,126.910385208358,44911.0,
190.0,서울특별시 마포구 서교동 잔다리로 117,37.5573175609626,126.913598865655,44911.0,
191.0,서울특별시 마포구 서교동 월드컵로20길 24,37.5575560650734,126.910143365866,44911.0,
192.0,서울특별시 마포구 서교동 월드컵북로7길 60,37.5578679873748,126.91466611467,44911.0,
193.0,서울특별시 마포구 서교동 동교로13길 52-5,37.5567384317711,126.912350960234,44911.0,
194.0,서울특별시 마포구 서교동 월드컵로16길 47,37.5576728870931,126.912065757926,44911.0,
195.0,서울특별시 마포구 서교동 양화로8길 17-20,37.55022409527,126.917277899263,44911.0,
196.0,서울특별시 마포구 서교동 양화로10길 36,37.5503311730589,126.918147767451,44911.0,
197.0,서울특별시 마포구 서교동 동교로17길 54,37.557230101337296,126.914867763448,44911.0,
198.0,서울특별시 마포구 서교동 양화로23길 34,37.5598086683777,126.924903893962,44911.0,
199.0,서울특별시 마포구 서교동 동교로30길 17-7,37.5602093956294,126.9253735236,44911.0,
200.0,서울특별시 마포구 서교동 월드컵북로2길 93,37.5587716825465,126.924816909914,44911.0,
201.0,서울특별시 마포구 서교동 월드컵로14길 51,37.5567192101936,126.913200092459,44911.0,
202.0,서울특별시 마포구 서교동 월드컵북로9길 17-8,37.5584774406166,126.91627580407,44911.0,
203.0,서울특별시 마포구 합정동 독막로4길 11,37.5475628555603,126.916931579198,44911.0,
204.0,서울특별시 마포구 합정동 독막로4길 41,37.546367937374,126.916326440024,44911.0,
205.0,서울특별시 마포구 합정동 독막로6길 22,37.5470778094446,126.917097020749,44911.0,
206.0,서울특별시 마포구 합정동 독막로8길 32,37.5465230724452,126.917523746443,44911.0,
207.0,서울특별시 마포구 합정동 동교로 16-18,37.551252244557,126.904666985662,44911.0,
208.0,서울특별시 마포구 합정동 동교로8길 15,37.5513391966052,126.905299479066,44911.0,
209.0,서울특별시 마포구 합정동 성지1길 33,37.5481071107341,126.915362003531,44911.0,
210.0,서울특별시 마포구 합정동 성지3길 34,37.5464354242397,126.914843004127,44911.0,
211.0,서울특별시 마포구 합정동 성지3길 74,37.5459949422882,126.916920286957,44911.0,
212.0,서울특별시 마포구 합정동 성지길 49,37.5465001880688,126.913065376298,44911.0,
213.0,서울특별시 마포구 합정동 양화로1길 29,37.5499978864672,126.910309879037,44911.0,
214.0,서울특별시 마포구 합정동 양화로1길 54,37.5510955464306,126.910135477134,44911.0,
215.0,서울특별시 마포구 합정동 양화로3길 78,37.5523468430957,126.910988716282,44911.0,
216.0,서울특별시 마포구 합정동 양화진길 17,37.5478036082192,126.912729605923,44911.0,
217.0,서울특별시 마포구 합정동 양화진길 29,37.5473062292244,126.912533122317,44911.0,
218.0,서울특별시 마포구 합정동 어울마당로3길 19,37.5471905821929,126.918589183336,44911.0,
219.0,서울특별시 마포구 합정동 월드컵로5길 33-11,37.5511467453002,126.910802447147,44911.0,
220.0,서울특별시 마포구 합정동 월드컵로5길 36-8,37.5518789278843,126.910078814435,44911.0,
221.0,서울특별시 마포구 합정동 월드컵로5길 51,37.551288531067,126.909566809513,44911.0,
222.0,서울특별시 마포구 합정동 월드컵로5길 59,37.5510786058543,126.909275617367,44911.0,
223.0,서울특별시 마포구 합정동 월드컵로7길 17,37.5525276521663,126.911053993023,44911.0,
224.0,서울특별시 마포구 합정동 월드컵로7안길 20,37.5523566561898,126.909121206002,44911.0,
225.0,서울특별시 마포구 합정동 토정로 9,37.545841742643,126.91201118368,44911.0,
226.0,서울특별시 마포구 합정동 토정로 28,37.5455002038421,126.914064399934,44911.0,
227.0,서울특별시 마포구 합정동 토정로 29,37.5457634451817,126.914275597354,44911.0,
228.0,서울특별시 마포구 합정동 토정로 46,37.5454176136771,126.915864893796,44911.0,
229.0,서울특별시 마포구 합정동 토정로2길 5,37.5453572680741,126.913217746462,44911.0,
230.0,서울특별시 마포구 합정동 토정로3안길 26,37.5457747649386,126.915508919785,44911.0,
231.0,서울특별시 마포구 합정동 토정로4길 53,37.5439465670265,126.91364558016,44911.0,
232.0,서울특별시 마포구 합정동 토정로5길 18,37.5461710919876,126.918445462501,44911.0,
233.0,서울특별시 마포구 합정동 포은로2가길 29,37.5507147928782,126.908907447368,44911.0,
234.0,서울특별시 마포구 합정동 희우정로 31,37.5499616180695,126.907356665146,44911.0,
235.0,서울특별시 마포구 합정동 희우정로 40,37.5506518725957,126.906973135984,44911.0,
236.0,서울특별시 마포구 합정동 희우정로 46,37.5511890744403,126.906603150012,44911.0,
237.0,서울특별시 마포구 합정동 희우정로1길 25,37.5490475072683,126.90691731772,44911.0,
238.0,서울특별시 마포구 합정동 희우정로1길 48,37.5500439676917,126.906518004476,44911.0,
239.0,서울특별시 마포구 합정동 희우정로 41,37.5505944691287,126.906611825732,44911.0,
240.0,서울특별시 마포구 망원1동 동교로3길 36,37.5528766722589,126.902028909315,44911.0,
241.0,서울특별시 마포구 망원1동 동교로3길 53,37.5533007000329,126.901117294843,44911.0,
242.0,서울특별시 마포구 망원1동 동교로3길 80,37.5541845029206,126.900232874432,44911.0,
243.0,서울특별시 마포구 망원1동 동교로3길 129,37.5556138975232,126.897948321154,44911.0,
244.0,서울특별시 마포구 망원1동 망원로2길 24,37.5553256545318,126.900861240234,44911.0,
245.0,서울특별시 마포구 망원1동 망원로2길 34,37.5551037922416,126.901226664078,44911.0,
246.0,서울특별시 마포구 망원1동 망원로4길 3,37.5565066245543,126.901896488963,44911.0,
247.0,서울특별시 마포구 망원1동 망원로4길 45,37.554701249911,126.90251147034,44911.0,
248.0,서울특별시 마포구 망원1동 망원로6길 11,37.5564843495734,126.903379473046,44911.0,
249.0,서울특별시 마포구 망원1동 월드컵로11길 13,37.5546381358495,126.910298987103,44911.0,
250.0,서울특별시 마포구 망원1동 월드컵로11길 37,37.5541125054947,126.908993784612,44911.0,
251.0,서울특별시 마포구 망원1동 월드컵로11길 79,37.553578597356,126.906794633798,44911.0,
252.0,서울특별시 마포구 망원1동 월드컵로11길 46,37.5542790835372,126.908493381686,44911.0,
253.0,서울특별시 마포구 망원1동 월드컵로11길 46-14,37.5547543751812,126.908248785328,44911.0,
254.0,서울특별시 마포구 망원1동 월드컵로11길 65,37.5538102079447,126.907481628071,44911.0,
255.0,서울특별시 마포구 망원1동 월드컵로13길 19-26,37.5551134635892,126.909081069933,44911.0,
256.0,서울특별시 마포구 망원1동 월드컵로13길 80,37.5552352416123,126.905683953054,44911.0,
257.0,서울특별시 마포구 망원1동 월드컵로15길 24,37.5558827159004,126.908470020155,44911.0,
258.0,서울특별시 마포구 망원1동 포은로8길 42,37.5566724034079,126.907145623854,44911.0,
259.0,서울특별시 마포구 망원1동 월드컵로23길 41,37.5559629806941,126.907404966026,44911.0,
260.0,서울특별시 마포구 망원1동 월드컵로23길 41,37.5559629806941,126.907404966026,44911.0,
261.0,서울특별시 마포구 망원1동 포은로5길 16,37.5555448948445,126.904094930432,44911.0,
262.0,서울특별시 마포구 망원1동 포은로6길 17,37.5558960526512,126.906013838845,44911.0,
263.0,서울특별시 마포구 망원1동 포은로6길 33,37.5561633906585,126.906666376555,44911.0,
264.0,서울특별시 마포구 망원1동 희우정로10길 12,37.5528742085691,126.904677229071,44911.0,
265.0,서울특별시 마포구 망원1동 희우정로12길 25,37.5539260783875,126.904424183043,44911.0,
266.0,서울특별시 마포구 망원1동 희우정로16길 31,37.5547205495865,126.903620325243,44911.0,
267.0,서울특별시 마포구 망원1동 포은로5길 47,37.5549883870855,126.902382768998,44911.0,
268.0,서울특별시 마포구 망원1동 망원로8길 61,37.5547811153754,126.906267790529,44911.0,
269.0,서울특별시 마포구 망원2동 망원로 7-12,37.556379252188,126.89789179146,44911.0,
270.0,서울특별시 마포구 망원2동 망원로 14,37.5558014625243,126.898737814515,44911.0,
271.0,서울특별시 마포구 망원2동 망원로 43,37.556848236302,126.901812255673,44911.0,
272.0,서울특별시 마포구 망원2동 망원로3길 24,37.5577532176607,126.901267035353,44911.0,
273.0,서울특별시 마포구 망원2동 방울내로 41,37.5590226234411,126.900184490347,44911.0,
274.0,서울특별시 마포구 망원2동 방울내로 61,37.5598160295476,126.902176216657,44911.0,
275.0,서울특별시 마포구 망원2동 방울내로5길 38,37.5610171172085,126.900528724419,44911.0,
276.0,서울특별시 마포구 망원2동 방울내로3길 51,37.5608744496322,126.898753789031,44911.0,
277.0,서울특별시 마포구 망원2동 방울내로9안길 33,37.561124530177,126.901421324981,44911.0,
278.0,서울특별시 마포구 망원2동 방울내로9안길 1,37.5618045556967,126.902848839717,44911.0,
279.0,서울특별시 마포구 망원2동 방울내로9안길 71,37.5602244764879,126.899589598979,44911.0,
280.0,서울특별시 마포구 망원2동 방울내로9안길 89,37.559890872559,126.898598470617,44911.0,
281.0,서울특별시 마포구 망원2동 방울내로9안길 103,37.5595689077221,126.897890141342,44911.0,
282.0,서울특별시 마포구 망원2동 방울내로11길 43,37.5622915746235,126.902898300768,44911.0,
283.0,서울특별시 마포구 망원2동 방울내로11길 81,37.5619808191312,126.901454042143,44911.0,
284.0,서울특별시 마포구 망원2동 월드컵로 123,37.5590944031408,126.906951835477,44911.0,
285.0,서울특별시 마포구 망원2동 방울내로11길 161,37.5603118107351,126.897358557386,44911.0,
286.0,서울특별시 마포구 망원2동 방울내로11길 181,37.5598623374077,126.896504967078,44911.0,
287.0,서울특별시 마포구 망원2동 월드컵로25길 139,37.5567956808763,126.900036093369,44911.0,
288.0,서울특별시 마포구 망원2동 월드컵로25길 155,37.5565717716775,126.899213166185,44911.0,
289.0,서울특별시 마포구 망원2동 월드컵로29길 11,37.5600625786308,126.905443661479,44911.0,
290.0,서울특별시 마포구 망원2동 월드컵로29길 76,37.5589238088882,126.902155336482,44911.0,
291.0,서울특별시 마포구 망원2동 월드컵로29길 123,37.5576142490606,126.89988825718,44911.0,
292.0,서울특별시 마포구 망원2동 월드컵로31길 33,37.5609512076608,126.903132986385,44911.0,
293.0,서울특별시 마포구 망원2동 월드컵로31길 78,37.5602987016374,126.900788277255,44911.0,
294.0,서울특별시 마포구 망원2동 월드컵로31길 102,37.5597739143266,126.899584898938,44911.0,
295.0,서울특별시 마포구 망원2동 포은로 132,37.558687305848,126.903856551897,44911.0,
296.0,서울특별시 마포구 망원2동 망원로7길 62,37.5601603089013,126.904321696537,44911.0,
297.0,서울특별시 마포구 망원2동 방울내로1길 24,37.5592298310448,126.898246000392,44911.0,
298.0,서울특별시 마포구 연남동 동교로52길 16,37.563758071383,126.927201588216,44911.0,
299.0,서울특별시 마포구 연남동 동교로52길 4,37.5641233396507,126.926743589665,44911.0,
300.0,서울특별시 마포구 연남동 동교로51길 13,37.5647652182617,126.925987320334,44911.0,
301.0,서울특별시 마포구 연남동 동교로51길 31,37.5652620182895,126.925131245588,44911.0,
302.0,서울특별시 마포구 연남동 성미산로29길 32,37.5654146851821,126.922106783211,44911.0,
303.0,서울특별시 마포구 연남동 동교로51길 91,37.5660810559701,126.9220632348,44911.0,
304.0,서울특별시 마포구 연남동 연남로 76,37.5658752425187,126.919258976797,44911.0,
305.0,서울특별시 마포구 연남동 성미산로29길 30,37.5653434372256,126.922198363404,44911.0,
306.0,서울특별시 마포구 연남동 성미산로29길 17-3,37.5646335680328,126.922412324658,44911.0,
307.0,서울특별시 마포구 연남동 동교로41길 11,37.5627993636549,126.923830945173,44911.0,
308.0,서울특별시 마포구 연남동 성미산로 178,37.5637392566981,126.92513045913,44911.0,
309.0,서울특별시 마포구 연남동 동교로29길 16,37.5613120204588,126.923761762675,44911.0,
310.0,서울특별시 마포구 연남동 성미산로29길 17-9,37.5645038275167,126.922018018147,44911.0,
311.0,서울특별시 마포구 연남동 성미산로23길 26,37.5646491365788,126.921155663788,44911.0,
312.0,서울특별시 마포구 연남동 성미산로23길 46,37.5653550764767,126.920511611617,44911.0,
313.0,서울특별시 마포구 연남동 성미산로23길 46,37.5653550764767,126.920511611617,44911.0,
314.0,서울특별시 마포구 연남동 성미산로 126,37.5628261800294,126.920842350275,44911.0,
315.0,서울특별시 마포구 연남동 성미산로19길 109,37.5665795099869,126.917449007523,44911.0,
316.0,서울특별시 마포구 연남동 성미산로19길 91,37.5658326808445,126.917561676865,44911.0,
317.0,서울특별시 마포구 연남동 연남로 65,37.5648781196619,126.919590304347,44911.0,
318.0,서울특별시 마포구 연남동 연남로7길 10,37.5641215546438,126.919623855573,44911.0,
319.0,서울특별시 마포구 연남동 연남로7길 20,37.5638924968821,126.919208351436,44911.0,
320.0,서울특별시 마포구 연남동 성미산로19길 31,37.5630986550232,126.918121861331,44911.0,
321.0,서울특별시 마포구 연남동 성미산로19길 25,37.5629110156895,126.918294356208,44911.0,
322.0,서울특별시 마포구 연남동 성미산로19길 9,37.5621735049058,126.918440832756,44911.0,
323.0,서울특별시 마포구 연남동 성미산로15길 6,37.5614739969598,126.917817081451,44911.0,
324.0,서울특별시 마포구 연남동 월드컵북로8길 23,37.5595608393688,126.918478553231,44911.0,
325.0,서울특별시 마포구 연남동 연남로1길 88,37.5588238454175,126.918681604961,44911.0,
326.0,서울특별시 마포구 연남동 동교로23길 106,37.55998489025,126.917555629432,44911.0,
327.0,서울특별시 마포구 연남동 연남로3길 73,37.5594766474077,126.919124921212,44911.0,
328.0,서울특별시 마포구 연남동 연남로3길 18,37.5612011960586,126.921488290096,44911.0,
329.0,서울특별시 마포구 연남동 성미산로 165,37.5647869509518,126.924413629426,44911.0,
330.0,서울특별시 마포구 연남동 동교로 281,37.5643728226683,126.926434396149,44911.0,
331.0,서울특별시 마포구 성산1동 성산로2길 21,37.5634224683144,126.90631140865,44911.0,
332.0,서울특별시 마포구 성산1동 성미산로 38,37.5586305674315,126.912346127399,44911.0,
333.0,서울특별시 마포구 성산1동 성미산로1길 108,37.5623807598555,126.905715398366,44911.0,
334.0,서울특별시 마포구 성산1동 월드컵로 30길 12,37.5611527899704,126.906412459305,44911.0,
335.0,서울특별시 마포구 성산1동 월드컵로30다길9-3,37.5624229675037,126.907356022191,44911.0,
336.0,서울특별시 마포구 성산1동 월드컵로30나길 8,37.5615650052281,126.907142161455,44911.0,
337.0,서울특별시 마포구 성산1동 성미산로 5길 48,37.5607423888789,126.909780088654,44911.0,
338.0,서울특별시 마포구 성산1동 성미산로7안길 40,37.559977406856,126.910855163733,44911.0,
339.0,서울특별시 마포구 성산1동 월드컵로26길 6,37.5588354233778,126.908177996705,44911.0,
340.0,서울특별시 마포구 성산1동 월드컵로28길29,37.5603756765979,126.908121592532,44911.0,
341.0,서울특별시 마포구 성산1동 성미산로 3가길1,37.5595191560451,126.909039553443,44911.0,
342.0,서울특별시 마포구 성산1동 월드컵북로 15길 43,37.5634828659257,126.911879505472,44911.0,
343.0,서울특별시 마포구 성산1동 성산로6길 26,37.5636421563252,126.910586815366,44911.0,
344.0,서울특별시 마포구 성산1동 성산로4안길 27,37.5631112414423,126.910662451076,44911.0,
345.0,서울특별시 마포구 성산1동 성산로4길 54,37.5636772882046,126.909510990585,44911.0,
346.0,서울특별시 마포구 성산1동 성산로4길 46,37.5634498663833,126.909276601313,44911.0,
347.0,서울특별시 마포구 성산1동 성산로4길 15,37.5633650445179,126.907896913081,44911.0,
348.0,서울특별시 마포구 성산1동 성산로8길 42,37.5638815610556,126.912122734376,44911.0,
349.0,서울특별시 마포구 성산1동 성산로4길 79,37.5637370106839,126.909147909869,44911.0,
350.0,서울특별시 마포구 성산1동 월드컵북로12길 78,37.5645410138376,126.915248582316,44911.0,
351.0,서울특별시 마포구 성산1동 성미산로5길 25,37.5597554502549,126.9102358732,44911.0,
352.0,서울특별시 마포구 성산1동 연남로13길 51,37.5657245107538,126.914608874526,44911.0,
353.0,서울특별시 마포구 성산1동 연남로13길 55,37.5656495270575,126.914293018079,44911.0,
354.0,서울특별시 마포구 성산1동 연남로13길 71,37.5653978555742,126.913379798318,44911.0,
355.0,서울특별시 마포구 성산1동 월드컵북로12안길62,37.564427569827,126.913688174185,44911.0,
356.0,서울특별시 마포구 성산1동 월드컵북로18길13,37.5640340780709,126.914010817236,44911.0,
357.0,서울특별시 마포구 성산1동 월드컵북로12안길34,37.563292345386,126.914678075433,44911.0,
358.0,서울특별시 마포구 성산1동 연남로13길 33,37.5660306432346,126.91556659173,44911.0,
359.0,서울특별시 마포구 성산1동 연남로13길 27,37.5660960953555,126.915825991733,44911.0,
360.0,서울특별시 마포구 성산1동 성미산로11길 36,37.5621999981235,126.916414371365,44911.0,
361.0,서울특별시 마포구 성산1동 월드컵북로 16길17,37.5630721024832,126.915224578883,44911.0,
362.0,서울특별시 마포구 성산1동 동교로17길 86,37.5584587483794,126.914238779006,44911.0,
363.0,서울특별시 마포구 성산1동 성미산로10길 15,37.5587754496086,126.915366024668,44911.0,
364.0,서울특별시 마포구 성산1동 성미산로7길 13,37.5596211602587,126.912286471594,44911.0,
365.0,서울특별시 마포구 성산2동 새터산 14길 52,37.5657263631767,126.90893782597,44911.0,
366.0,서울특별시 마포구 성산2동 새터산 14길 25 ,37.5669781132849,126.908862992689,44911.0,
367.0,서울특별시 마포구 성산2동 새터산길 51 ,37.567114642981,126.907061185415,44911.0,
368.0,서울특별시 마포구 성산2동 새터산길 25 ,37.5660045291938,126.906862315726,44911.0,
369.0,서울특별시 마포구 성산2동 새터산길 26 ,37.5659889179749,126.90712289069,44911.0,
370.0,서울특별시 마포구 성산2동 새터산길 22 ,37.5657642124253,126.907182766563,44911.0,
371.0,서울특별시 마포구 성산2동 새터산4길 2 ,37.5651799777879,126.907338442076,44911.0,
372.0,서울특별시 마포구 성산2동 새터산 12길 34 ,37.565707842896,126.907908030496,44911.0,
373.0,서울특별시 마포구 성산2동 월드컵북로31길 14,37.567894775209,126.906653610056,44911.0,
374.0,서울특별시 마포구 성산2동 모래내로5길 9,37.566285006478,126.90991448323,44911.0,
375.0,서울특별시 마포구 성산2동 새터산로10길 19,37.5686189619425,126.905069580085,44911.0,
376.0,서울특별시 마포구 성산2동 새터산 7길 5,37.5655175117863,126.90681282697,44911.0,
377.0,서울특별시 마포구 성산2동 새터산 5길 44 ,37.5655275681628,126.904978942448,44911.0,
378.0,서울특별시 마포구 성산2동 새터산14길 46,37.5659959065243,126.908854663297,44911.0,
379.0,서울특별시 마포구 성산2동 월드컵로 36길 47,37.5684411903094,126.905332534824,44911.0,
380.0,서울특별시 마포구 성산2동 월드컵북로 198-4 ,37.5687081106194,126.906913412276,44911.0,
381.0,서울특별시 마포구 성산2동 월드컵로 36길 47-16 ,37.5687359759077,126.905056549403,44911.0,
382.0,서울특별시 마포구 성산2동 월드컵북로 210 ,37.5692204827517,126.905807900523,44911.0,
383.0,서울특별시 마포구 성산2동 모래내로 7길 84 ,37.5682556365528,126.908651943432,44911.0,
384.0,서울특별시 마포구 성산2동 모래내로 7길 62 ,37.5676878250216,126.909611072502,44911.0,
385.0,서울특별시 마포구 성산2동 모래내로 7길 41 ,37.5672650907454,126.910669953357,44911.0,
386.0,서울특별시 마포구 성산2동 모래내로 7길 30 ,37.5673437331622,126.911381947365,44911.0,
387.0,서울특별시 마포구 성산2동 성암로 1길 22 ,37.5671950586418,126.91187085238,44911.0,
388.0,서울특별시 마포구 성산2동 모래내로 9길 15 ,37.5677168087021,126.912757528603,44911.0,
389.0,서울특별시 마포구 성산2동 모래내로 9길 24 ,37.5682053349664,126.911992011103,44911.0,
390.0,서울특별시 마포구 성산2동 성암로 5길 37,37.5685683930893,126.910322720957,44911.0,
391.0,서울특별시 마포구 성산2동 성암로 3가길 13 ,37.5689770392088,126.910667691695,44911.0,
392.0,서울특별시 마포구 성산2동 성암로 11길 28 ,37.5732482272503,126.901934024281,44911.0,
393.0,서울특별시 마포구 성산2동 성암로 9길 14 ,37.5730015689882,126.903511190633,44911.0,
394.0,서울특별시 마포구 성산2동 성암로 9안길 8-10 ,37.5734070847436,126.903516572826,44911.0,
395.0,서울특별시 마포구 성산2동 성암로5길 18,37.5694015478254,126.909801199809,44911.0,
396.0,서울특별시 마포구 성산2동 월드컵북로38가길 24,37.5709935017363,126.905589550267,44911.0,
397.0,서울특별시 마포구 상암동 월드컵북로 45길 6-7,37.5751444760686,126.894638249619,44911.0,
398.0,서울특별시 마포구 상암동 월드컵북로 43길 37,37.5743917443272,126.89411728961,44911.0,
399.0,서울특별시 마포구 상암동 월드컵북로 43길 28 ,37.5743267650567,126.894876735584,44911.0,
400.0,서울특별시 마포구 상암동 월드컵북로 45길 9 ,37.5748776959383,126.895015773772,44911.0,
401.0,서울특별시 마포구 상암동 월드컵북로 43길 20 ,37.5743913103696,126.895034272692,44911.0,
402.0,서울특별시 마포구 상암동 월드컵북로 43길 6 ,37.5748538428961,126.895355748915,44911.0,
403.0,서울특별시 마포구 상암동 매봉산로 2길 51 ,37.577121578512,126.896012877036,44911.0,
404.0,서울특별시 마포구 상암동 매봉산로 2길 45 ,37.5773459600644,126.895918999024,44911.0,
405.0,서울특별시 마포구 상암동 월드컵북로 48길 28-12 ,37.5768837463567,126.895631467502,44911.0,
406.0,서울특별시 마포구 상암동 매봉산로 2안길 12 ,37.5778643759715,126.894507521421,44911.0,
407.0,서울특별시 마포구 상암동 월드컵북로 48길 5 ,37.5765898577664,126.894073500172,44911.0,
408.0,서울특별시 마포구 상암동 매봉산로 2길 16,37.5783344369209,126.894670399466,44911.0,
409.0,서울특별시 마포구 상암동 성암로 13길 54,37.5758671426761,126.897729513601,44911.0,
410.0,서울특별시 마포구 상암동 성암로13길 64 ,37.5754533571507,126.89780353076,44911.0,
411.0,서울특별시 마포구 상암동 월드컵북로 42가길 6 ,37.5751021075227,126.897820022442,44911.0,
412.0,서울특별시 마포구 상암동 월드컵북로 42다길 14 ,37.5757014944784,126.897358362647,44911.0,
413.0,서울특별시 마포구 상암동 월드컵북로 42라길 19 ,37.5761105260997,126.896774969456,44911.0,
414.0,서울특별시 마포구 상암동 성암로 15길 46 ,37.5768810815434,126.896310771498,44911.0,
415.0,서울특별시 마포구 상암동 성암로 13길 17 ,37.5772452502895,126.896712963611,44911.0,
416.0,서울특별시 마포구 상암동 월드컵북로 42가길 32,37.575169112404,126.897275636678,44911.0,
417.0,서울특별시 마포구 상암동 월드컵북로 42가길 28 ,37.575416719477,126.896773872077,44911.0,
418.0,서울특별시 마포구 상암동 성암로 211,37.5781872952271,126.896280193111,44911.0,
