의류수거함,위치,위도,경도
낙성대동-1,서울특별시 관악구 관악로10길 15,37.4770155647,126.9534911055
낙성대동-2,서울특별시 관악구 관악로10길 6,37.4767208931,126.9529313291
낙성대동-3,서울특별시 관악구 관악로10길 77,37.4765356101,126.9568505838
낙성대동-4,서울특별시 관악구 관악로10길 87,37.4765806204,126.9574854709
낙성대동-5,서울특별시 관악구 관악로12길 16,37.4779870430,126.9532876803
낙성대동-6,서울특별시 관악구 관악로12길 55,37.4779002114,126.9554541191
낙성대동-7,서울특별시 관악구 관악로14가길 28,37.4772696701,126.9556541492
낙성대동-8,서울특별시 관악구 관악로14길 38-9,37.4784551528,126.9545335046
낙성대동-9,서울특별시 관악구 관악로6길 104-7,37.4785984920,126.9540381135
낙성대동-10,서울특별시 관악구 관악로6길 15,37.4747628078,126.9535870127
낙성대동-11,서울특별시 관악구 관악로6길 15,37.4747628078,126.9535870127
낙성대동-12,서울특별시 관악구 관악로6길 21,37.4750698366,126.9534971725
낙성대동-13,서울특별시 관악구 관악로6길 36,37.4756998054,126.9536824152
낙성대동-14,서울특별시 관악구 관악로6길 49,37.4762600000,126.9533183753
낙성대동-15,서울특별시 관악구 관악로6길 50,37.4762762036,126.9535098785
낙성대동-16,서울특별시 관악구 관악로6길 77,37.4775051614,126.9534609554
낙성대동-17,서울특별시 관악구 관악로8길 32,37.4755720933,126.9545098144
낙성대동-18,서울특별시 관악구 관악로8길 43,37.4755600182,126.9552133491
낙성대동-19,서울특별시 관악구 낙성대로3길 11,37.4754445996,126.9602529638
낙성대동-20,서울특별시 관악구 낙성대로3길 21-4,37.4745002840,126.9603510271
낙성대동-21,서울특별시 관악구 낙성대로3길 33-17,37.4740593336,126.9603624520
낙성대동-22,서울특별시 관악구 낙성대로3길 8,37.4756825160,126.9593402743
낙성대동-23,서울특별시 관악구 낙성대로3길 9-21,37.4753334319,126.9608433825
낙성대동-24,서울특별시 관악구 낙성대로4길 18,37.4760998534,126.9580224086
낙성대동-25,서울특별시 관악구 낙성대역4길 34,37.4744804350,126.9605399461
낙성대동-26,서울특별시 관악구 낙성대역6길 20,37.4743355149,126.9617961312
낙성대동-27,서울특별시 관악구 낙성대역6길 27,37.4740198239,126.9618671745
낙성대동-28,서울특별시 관악구 낙성대역6길 8-16,37.4752537878,126.9616838550
낙성대동-29,서울특별시 관악구 낙성대역8길 43-16,37.4733938475,126.9609031802
낙성대동-30,서울특별시 관악구 낙성대역8길 47,37.4740379082,126.9612334043
낙성대동-31,서울특별시 관악구 낙성대역8길 49,37.4740766098,126.9611059763
낙성대동-32,서울특별시 관악구 낙성대역8길 50,37.4742498102,126.9611861527
낙성대동-33,서울특별시 관악구 남부순환로226길 41,37.4786737213,126.9537944286
낙성대동-34,서울특별시 관악구 남부순환로228길 6,37.4794981639,126.9547753836
낙성대동-35,서울특별시 관악구 남부순환로228길 75,37.4764310632,126.9541401721
낙성대동-36,서울특별시 관악구 남부순환로230길 112,37.4752249412,126.9540619986
낙성대동-37,서울특별시 관악구 남부순환로230길 98,37.4758058540,126.9543766091
낙성대동-38,서울특별시 관악구 남부순환로234길 82,37.4759189434,126.9558327801
낙성대동-39,서울특별시 관악구 남부순환로240길 36,37.4764959091,126.9610992960
낙성대동-40,서울특별시 관악구 남부순환로240길 40,37.4764017799,126.9611791609
난곡동-1,서울특별시 관악구 난곡로10길 10,37.4651845248,126.9200523276
난곡동-2,서울특별시 관악구 난곡로16가길 3-16,37.4661823604,126.9209388445
난곡동-3,서울특별시 관악구 난곡로16길 19,37.4667827989,126.9216222144
난곡동-4,서울특별시 관악구 난곡로20길 12,37.4684348324,126.9209909586
난곡동-5,서울특별시 관악구 난곡로20길 17,37.4686413637,126.9211552178
난곡동-6,서울특별시 관악구 난곡로24가길 33,37.4695779160,126.9225812985
난곡동-7,서울특별시 관악구 난곡로24길 64 101동,37.4678036812,126.9216780083
난곡동-8,서울특별시 관악구 난곡로24길 79,37.4673283700,126.9225926615
난곡동-9,서울특별시 관악구 난곡로24바길 16,37.4675416134,126.9225532165
난곡동-10,서울특별시 관악구 난곡로26길 43,37.4703865487,126.9219963612
난곡동-11,서울특별시 관악구 난곡로26길 64,37.4698107542,126.9232983231
난곡동-12,서울특별시 관악구 난곡로26길 71,37.4698903312,126.9237432969
난곡동-13,서울특별시 관악구 난곡로26길 84,37.4694394668,126.9241652943
난곡동-14,서울특별시 관악구 난곡로26나길 17,37.4691775972,126.9231335879
난곡동-15,서울특별시 관악구 난곡로26라길 33,37.4676380132,126.9237875229
난곡동-16,서울특별시 관악구 난곡로26라길 5,37.4686616506,126.9244877986
난곡동-17,서울특별시 관악구 난곡로26마길 24,37.4676102713,126.9240819093
난곡동-18,서울특별시 관악구 난곡로30길 40,37.4710218868,126.9216417542
난곡동-19,서울특별시 관악구 난곡로30나길 3,37.4710828896,126.9220571346
난곡동-20,서울특별시 관악구 난곡로31길 38,37.4704387732,126.9183449520
난곡동-21,서울특별시 관악구 난곡로34길 47,37.4721112055,126.9217736740
난곡동-22,서울특별시 관악구 난곡로34길 55-3,37.4721998757,126.9220627576
난곡동-23,서울특별시 관악구 난곡로34길 59,37.4721749080,126.9223216627
난곡동-24,서울특별시 관악구 난곡로34길 70,37.4719762339,126.9228698088
난곡동-25,서울특별시 관악구 난곡로34길 80 앞,37.4713756726,126.9249091057
난곡동-26,서울특별시 관악구 난곡로34나길 14,37.4725735036,126.9213511831
난곡동-27,서울특별시 관악구 난곡로34나길 47,37.4729740279,126.9231700587
난곡동-28,서울특별시 관악구 난곡로34나길 53,37.4726141000,126.9233481391
난곡동-29,서울특별시 관악구 난곡로34다길 15,37.4713986415,126.9223884851
난곡동-30,서울특별시 관악구 난곡로35길 13,37.4726103917,126.9182199322
난곡동-31,서울특별시 관악구 난곡로35길 48-8,37.4709500079,126.9173104789
난곡동-32,서울특별시 관악구 난곡로35길 68,37.4703322269,126.9172415238
난곡동-33,서울특별시 관악구 법원단지10길 107,37.4757890696,126.9254465538
난곡동-34,서울특별시 관악구 법원단지10길 41,37.4740605643,126.9223558873
난곡동-35,서울특별시 관악구 법원단지10길 56,37.4742660991,126.9232052516
난곡동-36,서울특별시 관악구 법원단지12길 21,37.4730787614,126.9217150106
난곡동-37,서울특별시 관악구 법원단지14길 29,37.4729712694,126.9221217595
난곡동-38,서울특별시 관악구 법원단지16길 1,37.4742971696,126.9219458332
난곡동-39,서울특별시 관악구 법원단지18길 13,37.4739892756,126.9227396541
난곡동-40,서울특별시 관악구 법원단지18길 30,37.4734082224,126.9228899298
난곡동-41,서울특별시 관악구 법원단지20길 28,37.4735771818,126.9233360767
난곡동-42,서울특별시 관악구 법원단지24길 26,37.4741397494,126.9238579090
난곡동-43,서울특별시 관악구 법원단지25길 17,37.4759391200,126.9228303507
난곡동-44,서울특별시 관악구 법원단지26길 25,37.4744451032,126.9244218372
난곡동-45,서울특별시 관악구 법원단지28길 26,37.4745326927,126.9245805859
난곡동-46,서울특별시 관악구 법원단지29길 22,37.4765717897,126.9236329508
난곡동-47,서울특별시 관악구 법원단지30길 14,37.4751032069,126.9245724381
난곡동-48,서울특별시 관악구 법원단지30길 27,37.4746997836,126.9252163325
난곡동-49,서울특별시 관악구 법원단지31길 16,37.4764669776,126.9240138237
난곡동-50,서울특별시 관악구 법원단지32길 28,37.4747631027,126.9253242336
난곡동-51,서울특별시 관악구 법원단지33길 11,37.4763658672,126.9242678453
난곡동-52,서울특별시 관악구 법원단지34길 3,37.4759479936,126.9248552400
난곡동-53,서울특별시 관악구 법원단지36길 1,37.4760775331,126.9250987406
난곡동-54,서울특별시 관악구 법원단지5가길 69,37.4764547624,126.9226843198
난곡동-55,서울특별시 관악구 법원단지5가길 84,37.4766586441,126.9234891703
난곡동-56,서울특별시 관악구 법원단지5가길 92,37.4768475353,126.9238293854
난곡동-57,서울특별시 관악구 법원단지5나길 28,37.4755777775,126.9205977036
난곡동-58,서울특별시 관악구 법원단지7길 18,37.4749165191,126.9209899015
난곡동-59,서울특별시 관악구 법원단지길 115,37.4752548313,126.9231499748
난곡동-60,서울특별시 관악구 법원단지길 130,37.4754973076,126.9240084745
난곡동-61,서울특별시 관악구 법원단지길 138,37.4756617961,126.9243738081
난향동-1,서울특별시 관악구 난곡로11길 33,37.4655214347,126.9175920438
난향동-2,서울특별시 관악구 난곡로11길 5,37.4651778391,126.9190987536
난향동-3,서울특별시 관악구 난곡로15길 14,37.4671379918,126.9196315470
난향동-4,서울특별시 관악구 난곡로9길 11 버스종점,37.4644320813,126.9184567215
난향동-5,서울특별시 관악구 난향10길 1,37.4630734294,126.9156095153
난향동-6,서울특별시 관악구 난향12길 3,37.4632686689,126.9152183105
난향동-7,서울특별시 관악구 난향15길 11,37.4634144147,126.9141673775
난향동-8,서울특별시 관악구 난향6길 15,37.4634582121,126.9170813576
난향동-9,서울특별시 관악구 난향6길 31,37.4638674002,126.9163692365
난향동-10,서울특별시 관악구 난향6길 31,37.4638674002,126.9163692365
난향동-11,서울특별시 관악구 난향7길 42,37.4608059697,126.9152685638
난향동-12,서울특별시 관악구 난향7길 60,37.4599784033,126.9151612155
난향동-13,서울특별시 관악구 난향9길 17,37.4621560451,126.9151421394
난향동-14,서울특별시 관악구 난향9길 61,37.4602072643,126.9149160217
난향동-15,서울특별시 관악구 난향길 37,37.4628735092,126.9171577359
난향동-16,서울특별시 관악구 난향길 37,37.4628735092,126.9171577359
남현동-1,서울특별시 관악구 남부순환로256가길 10,37.4753238041,126.9723661428
남현동-2,서울특별시 관악구 남부순환로256가길 6,37.4752016564,126.9721072982
남현동-3,서울특별시 관악구 남부순환로256나길 21,37.4725788423,126.9729959280
남현동-4,서울특별시 관악구 남부순환로256나길 7,37.4731338848,126.9734830831
남현동-5,서울특별시 관악구 남부순환로256다길 17,37.4726776864,126.9734076149
남현동-6,서울특별시 관악구 남부순환로256다길 5,37.4728593218,126.9737737153
남현동-7,서울특별시 관악구 남부순환로256라길 16,37.4724667065,126.9735713833
남현동-8,서울특별시 관악구 남부순환로256라길 26,37.4721187461,126.9732147276
남현동-9,서울특별시 관악구 남부순환로260길 27,37.4747924075,126.9728368593
남현동-10,서울특별시 관악구 남부순환로260길 36,37.4746436317,126.9723661671
남현동-11,서울특별시 관악구 남부순환로260길 43 우,37.4742263571,126.9722941944
남현동-12,서울특별시 관악구 남부순환로260길 43 좌,37.4742263571,126.9722941944
남현동-13,서울특별시 관악구 남부순환로260길 72,37.4732251523,126.9722839373
남현동-14,서울특별시 관악구 남부순환로260길 99 아래,37.4721997076,126.9722630630
남현동-15,서울특별시 관악구 남부순환로260길 99 위,37.4721997076,126.9722630630
남현동-16,서울특별시 관악구 남부순환로262길 24,37.4750775170,126.9750143648
남현동-17,서울특별시 관악구 남부순환로272길 55,37.4740337195,126.9783224564
남현동-18,서울특별시 관악구 남부순환로272길 23,37.4753541227,126.9786698244
남현동-19,서울특별시 관악구 남부순환로272길 28,37.4752788112,126.9782463517
남현동-20,서울특별시 관악구 남현12길 18,37.4717887253,126.9729041919
남현동-21,서울특별시 관악구 남현1가길 12-8,37.4754193795,126.9773450559
남현동-22,서울특별시 관악구 남현1가길 4,37.4757106331,126.9775923279
남현동-23,서울특별시 관악구 남현1가길 42-5,37.4741190206,126.9772338674
남현동-24,서울특별시 관악구 남현2길 93,37.4742862245,126.9728562612
남현동-25,서울특별시 관악구 남현3길 9,37.4748287675,126.9773447819
남현동-26,서울특별시 관악구 남현7길 20,37.4732618984,126.9768156188
남현동-27,서울특별시 관악구 남현7길 32,37.4734702201,126.9773219038
남현동-28,서울특별시 관악구 남현7길 46,37.4734884416,126.9779086260
남현동-29,서울특별시 관악구 남현길 42,37.4748007635,126.9765110345
남현동-30,서울특별시 관악구 남현길 64,37.4740201919,126.9759309908
남현동-31,서울특별시 관악구 남현길 79,37.4732611559,126.9758085757
남현동-32,서울특별시 관악구 승방10길 11-1,37.4724573393,126.9775041042
남현동-33,서울특별시 관악구 승방10길 19,37.4729115082,126.9773452476
남현동-34,서울특별시 관악구 승방1길 35,37.4724319606,126.9812924657
남현동-35,서울특별시 관악구 승방1길 40,37.4725705718,126.9809528341
남현동-36,서울특별시 관악구 승방1길 57,37.4720404799,126.9802369259
남현동-37,서울특별시 관악구 승방1길 73,37.4717001171,126.9794096248
남현동-38,서울특별시 관악구 승방1길 83,37.4715503746,126.9789291041
남현동-39,서울특별시 관악구 승방3가길 10,37.4732389376,126.9803800699
남현동-40,서울특별시 관악구 승방3가길 19,37.4728539644,126.9800126492
남현동-41,서울특별시 관악구 승방3가길 28,37.4728660256,126.9794158618
남현동-42,서울특별시 관악구 승방3가길 58,37.4719551535,126.9781842345
남현동-43,서울특별시 관악구 승방3가길 6,37.4732923056,126.9805505344
남현동-44,서울특별시 관악구 승방3나길 8,37.4729414710,126.9806649177
남현동-45,서울특별시 관악구 승방6길 18,37.4743123917,126.9803237161
남현동-46,서울특별시 관악구 승방6길 27,37.4747862646,126.9799762973
남현동-47,서울특별시 관악구 승방6길 6,37.4738885681,126.9803930139
남현동-48,서울특별시 관악구 승방6길 9,37.4740278269,126.9801693637
남현동-49,서울특별시 관악구 승방7길 1,37.4731823931,126.9795472512
남현동-50,서울특별시 관악구 승방9길 16,37.4720942822,126.9787483014
남현동-51,서울특별시 관악구 승방길 100,37.4715143177,126.9773777745
남현동-52,서울특별시 관악구 승방길 22 뒤,37.4737751607,126.9805734715
남현동-53,서울특별시 관악구 승방길 22 앞,37.4737751607,126.9805734715
남현동-54,서울특별시 관악구 승방길 22 옆,37.4737751607,126.9805734715
남현동-55,서울특별시 관악구 승방길 33,37.4733236779,126.9801126859
남현동-56,서울특별시 관악구 승방길 36,37.4735310409,126.9798202844
남현동-57,서울특별시 관악구 승방길 6,37.4740320974,126.9815008711
남현동-58,서울특별시 관악구 승방길 65,37.4726472828,126.9785296223
남현동-59,서울특별시 관악구 승방길 74,37.4725304107,126.9779800153
남현동-60,서울특별시 관악구 승방길 77,37.4722795955,126.9781199291
남현동-61,서울특별시 관악구 승방길 86,37.4720919229,126.9776806810
남현동-62,서울특별시 관악구 승방길 89,37.4717825523,126.9778736313
대학동-1,서울특별시 관악구 대학5길 29,37.4693693871,126.9395051338
대학동-2,서울특별시 관악구 대학5길 41,37.4694632809,126.9400521891
대학동-3,서울특별시 관악구 대학길 141,37.4649293882,126.9389855773
대학동-4,서울특별시 관악구 대학길 161,37.4643324568,126.9398421960
대학동-5,서울특별시 관악구 대학길 58-6,37.4681962910,126.9372964534
대학동-6,서울특별시 관악구 신림로11가길 28,37.4664473266,126.9381282990
대학동-7,서울특별시 관악구 신림로11길 121,37.4653025831,126.9395036631
대학동-8,서울특별시 관악구 신림로11길 125 앞,37.4651823824,126.9396684551
대학동-9,서울특별시 관악구 신림로11길 140-6,37.4644378227,126.9397392488
대학동-10,서울특별시 관악구 신림로11길 144,37.4644620371,126.9400486090
대학동-11,서울특별시 관악구 신림로11길 35,37.4688674033,126.9389199772
대학동-12,서울특별시 관악구 신림로15길 56,37.4678779977,126.9366839230
대학동-13,서울특별시 관악구 신림로17길 15,37.4700614740,126.9367903780
대학동-14,서울특별시 관악구 신림로19길 25 앞,37.4691870501,126.9359665774
대학동-15,서울특별시 관악구 신림로19길 51 앞,37.4680248556,126.9356703828
대학동-16,서울특별시 관악구 신림로19길 61 앞,37.46768745,126.9352978
대학동-17,서울특별시 관악구 신림로21길 62,37.4677275962,126.9348192129
대학동-18,서울특별시 관악구 신림로21길 66,37.4675668423,126.9347945966
대학동-19,서울특별시 관악구 신림로21길 9 앞,37.4700328090,126.9355985745
대학동-20,서울특별시 관악구 신림로23길 82,37.4673538479,126.9341529381
대학동-21,서울특별시 관악구 신림로3가길 19,37.4686285364,126.9438042785
대학동-22,서울특별시 관악구 신림로3가길 2,37.4687189722,126.9445126479
대학동-23,서울특별시 관악구 신림로3가길 32,37.4689705753,126.9428964014
대학동-24,서울특별시 관악구 신림로3가길 32,37.4689705753,126.9428964014
대학동-25,서울특별시 관악구 신림로3가길 40-24,37.4690913049,126.9426982582
대학동-26,서울특별시 관악구 신림로3가길 45,37.4687803714,126.9419705014
대학동-27,서울특별시 관악구 신림로3가길 46-17,37.4697316713,126.9419966705
대학동-28,서울특별시 관악구 신림로3가길 46-8,37.4692194460,126.9421789529
대학동-29,서울특별시 관악구 신림로3가길 63,37.4687276095,126.9411352713
대학동-30,서울특별시 관악구 신림로7가길 34 앞,37.4696207044,126.9428132718
대학동-31,서울특별시 관악구 신림로7가길 34 옆,37.4696207044,126.9428132718
대학동-32,서울특별시 관악구 신림로7길 15,37.4698527357,126.9415670091
대학동-34,서울특별시 관악구 신림로7길 33,37.4691007725,126.9417907414
대학동-35,서울특별시 관악구 신림로7나길 27,37.4696176053,126.9400153266
대학동-36,서울특별시 관악구 호암로20길 13,37.4677194096,126.9327513618
대학동-37,서울특별시 관악구 호암로20길 25,37.4676342151,126.9334606563
대학동-38,서울특별시 관악구 호암로20길 33,37.4675663178,126.9338509330
대학동-39,서울특별시 관악구 호암로20길 7,37.4677583398,126.9324469075
대학동-40,서울특별시 관악구 호암로22가길 6,37.4686929543,126.9333920055
대학동-41,서울특별시 관악구 호암로22길 15,37.4690535605,126.9335906411
대학동-42,서울특별시 관악구 호암로22길 5,37.4691443156,126.9331526319
대학동-43,서울특별시 관악구 호암로24가길 55,37.4672650813,126.9337998782
대학동-44,서울특별시 관악구 호암로24가길 77,37.4665840575,126.9338901188
대학동-45,서울특별시 관악구 호암로26가길 11,37.4702102624,126.9340456402
대학동-46,서울특별시 관악구 호암로26가길 53,37.4685016781,126.9330878658
미성동-1,서울특별시 관악구 난곡로34나길 18,37.4725610175,126.9215437173
미성동-2,서울특별시 관악구 난곡로40길 6,37.4752120979,126.9172423611
미성동-3,서울특별시 관악구 난곡로41길 28,37.4755186091,126.9148161385
미성동-4,서울특별시 관악구 난곡로41길 7,37.4753730873,126.9160629333
미성동-5,서울특별시 관악구 난곡로43길 8,37.4760053118,126.9155376583
미성동-6,서울특별시 관악구 난곡로45길 13,37.4762631754,126.9149023448
미성동-7,서울특별시 관악구 난곡로47길 23,37.4765885799,126.9143480098
미성동-8,서울특별시 관악구 난곡로48길 13,37.4770192701,126.9164986148
미성동-9,서울특별시 관악구 난곡로49길 23,37.4770378787,126.9140521974
미성동-10,서울특별시 관악구 난곡로51길 13,37.4780008713,126.9144161538
미성동-11,서울특별시 관악구 난곡로53길 14,37.4786683004,126.9143630470
미성동-12,서울특별시 관악구 난곡로57길 17,37.4795360441,126.9138423257
미성동-13,서울특별시 관악구 난곡로59길 23,37.4798212389,126.9130162141
미성동-14,서울특별시 관악구 난곡로61길 40,37.4803003262,126.9119497301
미성동-15,서울특별시 관악구 난곡로61길 6,37.4806494759,126.9137943534
미성동-16,서울특별시 관악구 난곡로63가길 21,37.4801464670,126.9143233721
미성동-17,서울특별시 관악구 난곡로63길 51,37.4804681985,126.9117273699
미성동-18,서울특별시 관악구 난곡로63길 65,37.4804104203,126.9110952061
미성동-19,서울특별시 관악구 난곡로63길 67-3,37.4802648458,126.9108937928
미성동-20,서울특별시 관악구 난곡로64가길 28,37.4800290246,126.9153918052
미성동-21,서울특별시 관악구 난곡로64가길 4,37.4810806126,126.9151692460
미성동-22,서울특별시 관악구 난곡로64길 55,37.4818592559,126.9178347126
미성동-23,서울특별시 관악구 난우10길 18,37.4760634509,126.9186537999
미성동-24,서울특별시 관악구 난우10길 18,37.4760634509,126.9186537999
미성동-25,서울특별시 관악구 난우10길 32,37.4759186267,126.9193960387
미성동-26,서울특별시 관악구 난우16길 36,37.4776813006,126.9186496721
미성동-27,서울특별시 관악구 난우16길 63-14,37.4779526699,126.9202138518
미성동-28,서울특별시 관악구 난우길 34-16,37.4759851806,126.9183018364
미성동-29,서울특별시 관악구 난우길 45,37.4766384174,126.9170158101
미성동-30,서울특별시 관악구 남부순환로142길 70,37.4783339326,126.9128795564
미성동-31,서울특별시 관악구 남부순환로142길 70,37.4783339326,126.9128795564
미성동-32,서울특별시 관악구 남부순환로142길 70,37.4783339326,126.9128795564
미성동-33,서울특별시 관악구 남부순환로142길 70,37.4783339326,126.9128795564
미성동-34,서울특별시 관악구 남부순환로152가길 34,37.4818369442,126.9168520003
미성동-35,서울특별시 관악구 남부순환로152길 23,37.4816580717,126.9192885702
미성동-36,서울특별시 관악구 남부순환로152길 60,37.4811698667,126.9188378681
미성동-37,서울특별시 관악구 남부순환로154길 36,37.4810363313,126.9198854097
미성동-38,서울특별시 관악구 남부순환로154길 46,37.4809539064,126.9195133013
미성동-39,서울특별시 관악구 문성로16길 13,37.4768628210,126.9136929970
미성동-40,서울특별시 관악구 문성로16길 45,37.4754751765,126.9132012311
미성동-41,서울특별시 관악구 문성로16길 45,37.4754751765,126.9132012311
미성동-42,서울특별시 관악구 문성로16나길 21,37.4751149319,126.9135413692
미성동-43,서울특별시 관악구 문성로16다길 76,37.4714558401,126.9095684926
미성동-44,서울특별시 관악구 문성로16다길 76,37.4714558401,126.9095684926
미성동-45,서울특별시 관악구 미성3길 38,37.4731271546,126.9174906548
미성동-46,서울특별시 관악구 미성3길 40,37.4730006849,126.9175365786
미성동-47,서울특별시 관악구 미성5길 18,37.4738529330,126.9154721373
미성동-48,서울특별시 관악구 미성5길 18,37.4738529330,126.9154721373
미성동-49,서울특별시 관악구 미성5길 20-9,37.4739931003,126.9150536930
미성동-50,서울특별시 관악구 미성5길 30,37.4736025391,126.9149652779
미성동-51,서울특별시 관악구 미성8길 28,37.4739422547,126.9125442597
미성동-52,서울특별시 관악구 미성8길 3-20,37.4736753513,126.9127551826
미성동-53,서울특별시 관악구 미성8길 3-20,37.4736753513,126.9127551826
미성동-54,서울특별시 관악구 미성길 122 정문,37.47220851,126.9114196
미성동-55,서울특별시 관악구 미성길 34,37.4750200819,126.9155713260
미성동-56,서울특별시 관악구 미성길 34,37.4750200819,126.9155713260
미성동-57,서울특별시 관악구 미성길 48,37.4747512734,126.9145169706
미성동-58,서울특별시 관악구 미성길 50,37.4747390454,126.9144280130
미성동-59,서울특별시 관악구 미성길 64,37.4744378111,126.9135249654
미성동-60,서울특별시 관악구 미성길 64,37.4744378111,126.9135249654
미성동-61,서울특별시 관악구 법원단지3길 24,37.4752907395,126.9189078747
미성동-62,서울특별시 관악구 법원단지3길 34,37.4756657640,126.9193382011
미성동-63,서울특별시 관악구 법원단지5가길 10,37.4747648944,126.9200747957
미성동-64,서울특별시 관악구 법원단지5가길 28,37.4752147696,126.9208795877
미성동-65,서울특별시 관악구 법원단지5길 17,37.4750233175,126.9190359123
미성동-66,서울특별시 관악구 법원단지5길 64,37.4762073278,126.9208886031
미성동-67,서울특별시 관악구 법원단지5길 69,37.4765078426,126.9209305686
미성동-68,서울특별시 관악구 법원단지5나길 45,37.4761946737,126.9212333172
미성동-69,서울특별시 관악구 법원단지5나길 66,37.4765172811,126.9223921234
미성동-70,서울특별시 관악구 법원단지5나길 7,37.4752800907,126.9195421097
미성동-71,서울특별시 관악구 법원단지5다길 26,37.4776983780,126.9208433917
미성동-72,서울특별시 관악구 법원단지5라길 26,37.4779715208,126.9213181666
미성동-73,서울특별시 관악구 법원단지5라길 26,37.4779715208,126.9213181666
미성동-74,서울특별시 관악구 법원단지5라길 31,37.4781048937,126.9209485578
삼성동-1,서울특별시 관악구 동마길 10,37.4647077168,126.9303098729
삼성동-2,서울특별시 관악구 성림길 7,37.4657864833,126.9307453114
삼성동-3,서울특별시 관악구 신림로29길 3-13,37.4745308089,126.9342474839
삼성동-4,서울특별시 관악구 신우길 3 옆,37.4619321421,126.9326255407
삼성동-5,서울특별시 관악구 약수암길 11,37.4609807401,126.9324263298
삼성동-6,서울특별시 관악구 약수암길 13-1,37.4608967688,126.9325893956
삼성동-7,서울특별시 관악구 약수암길 23,37.4602360716,126.9329323557
삼성동-8,서울특별시 관악구 양산길 11,37.4741324529,126.9327717310
삼성동-9,서울특별시 관악구 양산길 33,37.4729051752,126.9322774505
삼성동-10,서울특별시 관악구 양지10길 15-1,37.4704719023,126.9280024715
삼성동-11,서울특별시 관악구 양지10길 2-1,37.4705453300,126.9288875450
삼성동-12,서울특별시 관악구 양지12길 8,37.4691815372,126.9288490457
삼성동-13,서울특별시 관악구 양지길 41,37.4711464203,126.9299878186
삼성동-14,서울특별시 관악구 양지길 49,37.4707693320,126.9293562457
삼성동-15,서울특별시 관악구 양지길 58,37.4704526782,126.9289910690
삼성동-16,서울특별시 관악구 양지길 76,37.4693891775,126.9293786837
삼성동-17,서울특별시 관악구 양지길 94,37.4692854580,126.9308802225
삼성동-18,서울특별시 관악구 원신길 233 앞,37.4630099666,126.9308136581
삼성동-19,서울특별시 관악구 태흥길 7,37.4662038111,126.9305567171
삼성동-20,서울특별시 관악구 호암로16길 36,37.4641187527,126.9334836661
삼성동-21,서울특별시 관악구 호암로16길 45,37.4644659858,126.9331347553
삼성동-22,서울특별시 관악구 호암로18길 33,37.4656493630,126.9334342690
삼성동-23,서울특별시 관악구 호암로18나길 16,37.4648596509,126.9326819190
삼성동-24,서울특별시 관악구 호암로18나길 28 앞,37.4643693490,126.9327318683
삼성동-25,서울특별시 관악구 호암로18나길 5,37.4652873034,126.9328975498
서림동-1,서울특별시 관악구 복은10길 23,37.4743651935,126.9419695753
서림동-2,서울특별시 관악구 복은2길 30,37.4733987415,126.9374970664
서림동-3,서울특별시 관악구 복은4길 5,37.4741396822,126.9379149628
서림동-4,서울특별시 관악구 복은7길 42,37.4755697865,126.9420368148
서림동-5,서울특별시 관악구 복은길 12,37.4741249275,126.9364309597
서림동-6,서울특별시 관악구 복은길 22,37.4741284520,126.9371244091
서림동-7,서울특별시 관악구 복은길 30,37.4741822409,126.9376317356
서림동-8,서울특별시 관악구 복은길 58-27,37.4742814884,126.9389278941
서림동-9,서울특별시 관악구 복은길 59-14,37.4750590660,126.9396411848
서림동-10,서울특별시 관악구 복은길 76,37.4743040554,126.9402429965
서림동-11,서울특별시 관악구 복은길 79,37.4748517250,126.9403138961
서림동-12,서울특별시 관악구 복은길129-13,37.4755544357,126.9423363034
서림동-13,서울특별시 관악구 서림1길 4,37.4749056929,126.9382055505
서림동-14,서울특별시 관악구 서림3길 59,37.4720155602,126.9411011528
서림동-15,서울특별시 관악구 서림3길 60,37.4718688168,126.9408029363
서림동-16,서울특별시 관악구 서림3길 64,37.4716135395,126.9411214775
서림동-17,서울특별시 관악구 서림3길 69-5,37.4718437891,126.9415680593
서림동-18,서울특별시 관악구 서림5길 23,37.4734301012,126.9401154941
서림동-19,서울특별시 관악구 서림7길 39,37.4734323253,126.9413158526
서림동-20,서울특별시 관악구 서림7길 66,37.4722693583,126.9417951802
서림동-21,서울특별시 관악구 서림9길 30,37.4726649813,126.9408665199
서림동-22,서울특별시 관악구 서림길 107,37.4716845213,126.9400111879
서림동-23,서울특별시 관악구 서림길 118,37.4712549935,126.9401571348
서림동-24,서울특별시 관악구 서림길 40,37.4743358503,126.9381214576
서림동-25,서울특별시 관악구 서림길 40,37.4743358503,126.9381214576
서림동-26,서울특별시 관악구 서림길 99-6,37.4719454914,126.9399077671
서림동-27,서울특별시 관악구 신림로14길 31,37.4721807994,126.9386109219
서림동-28,서울특별시 관악구 신림로18가길 42,37.4724368301,126.9343529833
서림동-29,서울특별시 관악구 신림로18가길 9,37.4717335991,126.9358429926
서림동-30,서울특별시 관악구 신림로22길 18,37.4721011984,126.9356535498
서림동-31,서울특별시 관악구 신림로22길 29,37.4726981943,126.9354635688
서림동-32,서울특별시 관악구 신림로26길 16-4,37.4727538269,126.9343914817
서림동-33,서울특별시 관악구 신림로26길 5,37.4731174205,126.9339709604
서림동-34,서울특별시 관악구 쑥고개로2가길 6,37.4771921339,126.9387996951
서림동-35,서울특별시 관악구 쑥고개로2다길 18-6,37.4760020306,126.9404656035
서림동-36,서울특별시 관악구 쑥고개로2다길 26,37.4763880387,126.9406756908
서림동-37,서울특별시 관악구 쑥고개로2다길 7,37.4763616248,126.9397570351
서림동-38,서울특별시 관악구 쑥고개로2라길 7,37.4757749066,126.9397948135
서림동-39,서울특별시 관악구 참숯1길 67,37.4778875951,126.9394449054
서림동-40,서울특별시 관악구 참숯1길 67,37.4778875951,126.9394449054
서림동-41,서울특별시 관악구 참숯5길 10,37.4772104563,126.9402706420
서림동-42,서울특별시 관악구 참숯5길 10,37.4772104563,126.9402706420
서림동-43,서울특별시 관악구 참숯5길 24,37.4766229423,126.9408761766
서원동-1,서울특별시 관악구 남부순환로156길 9,37.4823035171,126.9202957188
서원동-2,서울특별시 관악구 남부순환로182길 14,37.4836726155,126.9315287403
서원동-3,서울특별시 관악구 남부순환로182길 28,37.4830941483,126.9314946706
서원동-4,서울특별시 관악구 남부순환로182길 30,37.4829440565,126.9315226213
서원동-5,서울특별시 관악구 남부순환로184가길 17,37.4834448376,126.9326207004
서원동-6,서울특별시 관악구 남부순환로184가길 23,37.4831686897,126.9326403954
서원동-7,서울특별시 관악구 남부순환로184길 30,37.4830356058,126.9320024946
서원동-8,서울특별시 관악구 남부순환로190가길 23,37.4827037397,126.9338639340
서원동-9,서울특별시 관악구 남부순환로190가길 33,37.4822011919,126.9339261093
서원동-10,서울특별시 관악구 남부순환로190가길 43,37.4818159539,126.9339856931
서원동-11,서울특별시 관악구 남부순환로190길 5,37.4844216775,126.9341595575
서원동-12,서울특별시 관악구 남부순환로194길 12,37.4841325850,126.9347207300
서원동-13,서울특별시 관악구 남부순환로194길 17,37.4839933279,126.9349544444
서원동-14,서울특별시 관악구 남부순환로194길 48,37.4825551767,126.9348609441
서원동-15,서울특별시 관악구 남부순환로194길 72,37.4818245092,126.9341394501
서원동-16,서울특별시 관악구 남부순환로194길 81,37.4813548228,126.9341565955
서원동-17,서울특별시 관악구 남부순환로194길 97,37.4806817952,126.9338804140
서원동-18,서울특별시 관악구 남부순환로200가길 17,37.4835181643,126.9366649608
서원동-19,서울특별시 관악구 남부순환로200나길 1,37.4828739343,126.9371545055
서원동-20,서울특별시 관악구 남부순환로200나길 26,37.4835164762,126.9360400533
서원동-21,서울특별시 관악구 문성로38가길 15,37.4763103969,126.9292619439
서원동-22,서울특별시 관악구 문성로38가길 15,37.4763103969,126.9292619439
서원동-23,서울특별시 관악구 문성로38가길 23,37.4763288129,126.9288706469
서원동-24,서울특별시 관악구 문성로38길 27,37.4773855172,126.9303841370
서원동-25,서울특별시 관악구 문성로38길 28,37.4774007988,126.9301711262
서원동-26,서울특별시 관악구 문성로38길 33,37.4771082670,126.9303677751
서원동-27,서울특별시 관악구 문성로38길 46,37.4765375762,126.9300773030
서원동-28,서울특별시 관악구 문성로38길 49,37.4764136306,126.9302861163
서원동-29,서울특별시 관악구 문성로38길 63-7,37.4758143217,126.9305115357
서원동-30,서울특별시 관악구 문성로38길 67,37.4755308568,126.9301934417
서원동-31,서울특별시 관악구 문성로38길 69-7,37.4755917644,126.9304980623
서원동-32,서울특별시 관악구 문성로38나길 14,37.4761704679,126.9294088195
서원동-33,서울특별시 관악구 문성로38다길 15,37.4757223548,126.9291898050
서원동-34,서울특별시 관악구 문성로38다길 28,37.4759391884,126.9285257513
서원동-35,서울특별시 관악구 문성로38다길 29,37.4757831023,126.9284740086
서원동-36,서울특별시 관악구 문성로38라길 20,37.4755932421,126.9290428452
서원동-37,서울특별시 관악구 문성로40길 23,37.4772743293,126.9313020235
서원동-38,서울특별시 관악구 문성로40길 34,37.4769337449,126.9309879297
서원동-39,서울특별시 관악구 문성로40길 4,37.4782161557,126.9313042138
서원동-40,서울특별시 관악구 문성로40길 5,37.4780768789,126.9314926936
서원동-41,서울특별시 관악구 서원10길 19,37.4762404247,126.9313086226
서원동-42,서울특별시 관악구 서원10길 19,37.4762404247,126.9313086226
서원동-43,서울특별시 관악구 서원10길 3,37.4759798976,126.9321660319
서원동-44,서울특별시 관악구 서원10길 4,37.4761438089,126.9321968604
서원동-45,서울특별시 관악구 서원3길 1,37.4771603624,126.9328886311
서원동-46,서울특별시 관악구 서원3길 20,37.4767618504,126.9338553779
서원동-47,서울특별시 관악구 서원3길 35,37.4768065417,126.9346672970
서원동-48,서울특별시 관악구 서원4길 13,37.4772112940,126.9319860654
서원동-49,서울특별시 관악구 서원4길 9,37.4771215306,126.9321030458
서원동-50,서울특별시 관악구 서원5길 19,37.4765694005,126.9338654963
서원동-51,서울특별시 관악구 서원5길 22,37.4763888606,126.9337446876
서원동-52,서울특별시 관악구 서원5길 36,37.4762484863,126.9345585728
서원동-53,서울특별시 관악구 서원6길 1,37.4766541031,126.9324456844
서원동-54,서울특별시 관악구 서원6길 23,37.4771603070,126.9313803620
서원동-55,서울특별시 관악구 서원6길 28,37.4774685214,126.9313442416
서원동-56,서울특별시 관악구 서원7길 18,37.4760581776,126.9334020882
서원동-57,서울특별시 관악구 서원7길 7,37.4763190782,126.9328681292
서원동-58,서울특별시 관악구 서원길 18,37.4769924119,126.9325680444
서원동-59,서울특별시 관악구 서원길 27-3,37.4765694400,126.9328175961
서원동-60,서울특별시 관악구 서원길 36,37.4762443576,126.9323471311
서원동-61,서울특별시 관악구 서원길 4,37.4776374300,126.9327005317
서원동-62,서울특별시 관악구 서원길 4 사계절 DC마트,37.4776374300,126.9327005317
서원동-63,서울특별시 관악구 신림로31가길 11,37.4760158876,126.9359505767
서원동-64,서울특별시 관악구 신림로31가길 20,37.4765209625,126.9362263371
서원동-65,서울특별시 관악구 신림로39길 12,37.4766941297,126.9353844994
서원동-66,서울특별시 관악구 신림로39길 6,37.4770117879,126.9353153754
서원동-67,서울특별시 관악구 신림로41길 8,37.4770250807,126.9347472627
서원동-68,서울특별시 관악구 신림로44가길 16,37.4779401218,126.9348668721
서원동-69,서울특별시 관악구 신림로44가길 22,37.4779006197,126.9352899630
서원동-70,서울특별시 관악구 신림로44가길 25,37.4780186115,126.9355455950
서원동-71,서울특별시 관악구 신림로44가길 38,37.4778056648,126.9361390966
서원동-72,서울특별시 관악구 신림로44가길 39,37.4779345787,126.9362678711
서원동-73,서울특별시 관악구 신림로44길 7,37.4783133635,126.9341329219
서원동-74,서울특별시 관악구 신림로44나길 26,37.4780836283,126.9359765108
서원동-75,서울특별시 관악구 신림로46길 8,37.4783122768,126.9339616416
서원동-76,서울특별시 관악구 신림로48길 18,37.4790799610,126.9330442912
서원동-77,서울특별시 관악구 신림로48길 40,37.4793300683,126.9343055742
서원동-78,서울특별시 관악구 신림로48길 54,37.4797387100,126.9348552488
서원동-79,서울특별시 관악구 신림로48나길 21,37.4787821278,126.9334348318
서원동-80,서울특별시 관악구 신림로50길 17-17,37.4799484140,126.9312666752
서원동-81,서울특별시 관악구 신림로54가길 10,37.4807055307,126.9309556306
서원동-82,서울특별시 관악구 신림로54가길 5,37.4809144415,126.9307450322
서원동-83,서울특별시 관악구 신림로54길 8,37.4805491594,126.9307227572
서원동-84,서울특별시 관악구 신림로58가길 17,37.4819121075,126.9314816170
서원동-85,서울특별시 관악구 신림로58가길 21,37.4818609576,126.9316846104
서원동-86,서울특별시 관악구 신림로58가길 7-5,37.4821236566,126.9311582907
서원동-87,서울특별시 관악구 신림로58길 30,37.4823161339,126.9315060088
서원동-88,서울특별시 관악구 신림로58길 42,37.4823505610,126.9323023931
서원동-89,서울특별시 관악구 신림로58길 42,37.4823505610,126.9323023931
서원동-90,서울특별시 관악구 신림로58길 47-6,37.4827390104,126.9326607934
서원동-91,서울특별시 관악구 쑥고개로3길 10,37.4783499249,126.9389621182
서원동-92,서울특별시 관악구 쑥고개로3길 16,37.4783894270,126.9385139280
서원동-93,서울특별시 관악구 쑥고개로3길 2,37.4779939612,126.9390106828
신사동-1,서울특별시 관악구 관천로11길 1,37.4845863960,126.9246810598
신사동-2,서울특별시 관악구 관천로11길 103,37.4833005859,126.9192528841
신사동-3,서울특별시 관악구 관천로11길 120,37.4833650879,126.9183204847
신사동-4,서울특별시 관악구 관천로11길 41,37.4839225775,126.9226578563
신사동-5,서울특별시 관악구 관천로11길 49,37.4837990843,126.9222993409
신사동-6,서울특별시 관악구 관천로12길 3,37.4858355978,126.9247502472
신사동-7,서울특별시 관악구 관천로15길 10,37.4869382426,126.9220953907
신사동-8,서울특별시 관악구 관천로15길 39,37.4864539835,126.9203874183
신사동-9,서울특별시 관악구 관천로19길 37,37.4873122500,126.9199376178
신사동-10,서울특별시 관악구 관천로19길 37,37.4873122500,126.9199376178
신사동-11,서울특별시 관악구 관천로19길 54,37.4873374552,126.9189786400
신사동-12,서울특별시 관악구 관천로19길 84,37.4870121665,126.9173815382
신사동-13,서울특별시 관악구 관천로19길 84,37.4870121665,126.9173815382
신사동-14,서울특별시 관악구 관천로21길 25,37.4878435019,126.9202302446
신사동-15,서울특별시 관악구 관천로25길 15,37.4884333348,126.9198798853
신사동-16,서울특별시 관악구 난곡로66길 17,37.4827752547,126.9154555292
신사동-17,서울특별시 관악구 난곡로75길 14,37.4857633431,126.9128305646
신사동-18,서울특별시 관악구 남부순환로149길 10,37.4826959910,126.9161228063
신사동-19,서울특별시 관악구 남부순환로149길 38,37.4836817711,126.9150951872
신사동-20,서울특별시 관악구 남부순환로149길 46,37.4838868548,126.9146146538
신사동-21,서울특별시 관악구 남부순환로149길 47,37.4836693304,126.9145856175
신사동-22,서울특별시 관악구 남부순환로151길 13,37.4828515029,126.9171412237
신사동-23,서울특별시 관악구 남부순환로151길 16,37.4830991512,126.9172143288
신사동-24,서울특별시 관악구 남부순환로151길 2-5,37.4829469605,126.9179745121
신사동-25,서울특별시 관악구 남부순환로153길 10,37.4835427362,126.9176275434
신사동-26,서울특별시 관악구 남부순환로153길 51,37.4844480601,126.9154461819
신사동-27,서울특별시 관악구 남부순환로157길 26,37.4839334063,126.9193147282
신사동-28,서울특별시 관악구 남부순환로161길 48,37.4847997882,126.9198033752
신사동-29,서울특별시 관악구 남부순환로161길 75,37.4853499936,126.9182980847
신사동-30,서울특별시 관악구 남부순환로161나길 32-11,37.4851158266,126.9208197372
신사동-31,서울특별시 관악구 남부순환로161나길 38,37.4854573680,126.9209083610
신사동-32,서울특별시 관악구 남부순환로163가길 17,37.4846317922,126.9206663647
신사동-33,서울특별시 관악구 남부순환로163가길 25,37.4848436531,126.9203150684
신사동-34,서울특별시 관악구 남부순환로165길 54,37.4858892094,126.9227976166
신사동-35,서울특별시 관악구 남부순환로167길 14,37.4842233591,126.9235267962
신사동-36,서울특별시 관악구 남부순환로167길 42,37.4853391384,126.9237602740
신사동-37,서울특별시 관악구 남부순환로167길 42,37.4853391384,126.9237602740
신사동-38,서울특별시 관악구 신사로20길 43,37.4872511744,126.9177265919
신사동-39,서울특별시 관악구 신사로20길 8-7,37.4884731273,126.9169626928
신사동-40,서울특별시 관악구 신사로26길 16,37.4887376455,126.9183595251
신사동-41,서울특별시 관악구 신사로26길 18,37.4885655882,126.9184103688
신사동-42,서울특별시 관악구 신사로26길 8,37.4889875369,126.9182899394
신사동-43,서울특별시 관악구 신사로26길 8,37.4889875369,126.9182899394
신사동-44,서울특별시 관악구 조원로31길 11,37.4864514878,126.9194966621
신사동-45,서울특별시 관악구 조원로31길 32,37.4874197597,126.9194360349
신사동-46,서울특별시 관악구 조원로31길 7,37.4863004022,126.9195162721
신원동-1,서울특별시 관악구 남부순환로160길 13,37.4825956993,126.9218923153
신원동-2,서울특별시 관악구 남부순환로160길 13,37.4825956993,126.9218923153
신원동-3,서울특별시 관악구 남부순환로164길 24,37.4816172432,126.9230507483
신원동-4,서울특별시 관악구 남부순환로166길 59,37.4806773630,126.9239663713
신원동-5,서울특별시 관악구 남부순환로170길 13,37.4824014184,126.9247721207
신원동-6,서울특별시 관악구 남부순환로170길 22,37.4820062790,126.9246981218
신원동-7,서울특별시 관악구 남부순환로172길 1,37.4834313704,126.9256405550
신원동-8,서울특별시 관악구 남부순환로172길 59-5,37.4824020071,126.9226144246
신원동-9,서울특별시 관악구 문성로25길 11,37.4795990021,126.9254694507
신원동-10,서울특별시 관악구 문성로28길 30,37.4780349836,126.9269818909
신원동-11,서울특별시 관악구 문성로30길 19,37.4784488434,126.9283493662
신원동-12,서울특별시 관악구 문성로30길 28,37.4781064245,126.9281427996
신원동-13,서울특별시 관악구 문성로31길 16,37.4800714010,126.9288303552
신원동-14,서울특별시 관악구 문성로38길 41,37.4768154105,126.9303195464
신원동-15,서울특별시 관악구 신림로53가길 5,37.4797067515,126.9304762749
신원동-16,서울특별시 관악구 신림로53길 3,37.4797424599,126.9302189194
신원동-17,서울특별시 관악구 신원로3길 19-7,37.4816143513,126.9271590808
신원동-18,서울특별시 관악구 신원로4길 16,37.4805532707,126.9285486042
신원동-19,서울특별시 관악구 신원로4길 28,37.4801429008,126.9289130470
신원동-20,서울특별시 관악구 신원로4길 32,37.4800351108,126.9290141113
인헌동-1,서울특별시 관악구 낙성대역10길 23-8,37.4732639207,126.9631425288
인헌동-2,서울특별시 관악구 낙성대역10길 39,37.4729580900,126.9624812301
인헌동-3,서울특별시 관악구 낙성대역14가길 10,37.4731397732,126.9640577225
인헌동-4,서울특별시 관악구 낙성대역14가길 3,37.4734183615,126.9643417956
인헌동-5,서울특별시 관악구 낙성대역14길 18,37.4735271574,126.9638933888
인헌동-6,서울특별시 관악구 낙성대역14길 3,37.4738934262,126.9645151021
인헌동-7,서울특별시 관악구 낙성대역14길 42,37.4725970596,126.9630673399
인헌동-8,서울특별시 관악구 낙성대역16길 29,37.4726977262,126.9649194765
인헌동-9,서울특별시 관악구 낙성대역18길 20,37.4729681602,126.9650571567
인헌동-10,서울특별시 관악구 낙성대역18길 4,37.47373347,126.9646982
인헌동-11,서울특별시 관악구 낙성대역18길 5,37.4735357507,126.9652070225
인헌동-12,서울특별시 관악구 낙성대역4길 12-22,37.4758197897,126.9610941068
인헌동-13,서울특별시 관악구 낙성대역길 24,37.4765039537,126.9614522470
인헌동-14,서울특별시 관악구 낙성대역길 24,37.4765039537,126.9614522470
인헌동-15,서울특별시 관악구 낙성대역길 78,37.4746348548,126.9630054025
인헌동-16,서울특별시 관악구 남부순환로246길 30,37.4753103098,126.9640691188
인헌동-17,서울특별시 관악구 남부순환로246길 32-19,37.4753716749,126.9632112471
인헌동-18,서울특별시 관악구 남부순환로246다길 16,37.4746863256,126.9648521858
인헌동-19,서울특별시 관악구 남부순환로246다길 20,37.4746128219,126.9649151899
인헌동-20,서울특별시 관악구 남부순환로246다길 30,37.4741379425,126.9650602297
인헌동-21,서울특별시 관악구 인헌11길 9,37.4725659159,126.9671394670
인헌동-22,서울특별시 관악구 인헌12길 32,37.4711798228,126.9653220651
인헌동-23,서울특별시 관악구 인헌12길 47,37.4705236870,126.9652543150
인헌동-24,서울특별시 관악구 인헌12길 55,37.4702231246,126.9653045329
인헌동-25,서울특별시 관악구 인헌12다길 2,37.4712675147,126.9660235900
인헌동-26,서울특별시 관악구 인헌13길 46,37.4717910242,126.9687148915
인헌동-27,서울특별시 관악구 인헌14길 24,37.4708013738,126.9661696298
인헌동-28,서울특별시 관악구 인헌15길 19,37.4716720222,126.9684569680
인헌동-29,서울특별시 관악구 인헌15길 5,37.4714146925,126.9677847884
인헌동-30,서울특별시 관악구 인헌16가길 37,37.4687288996,126.9685645777
인헌동-31,서울특별시 관악구 인헌16가길 47,37.4683708963,126.9687848203
인헌동-32,서울특별시 관악구 인헌16길 25,37.4697354098,126.9665624860
인헌동-33,서울특별시 관악구 인헌16길 25-6,37.4695635315,126.9666848758
인헌동-34,서울특별시 관악구 인헌16길 50,37.4695169288,126.9653603638
인헌동-35,서울특별시 관악구 인헌16나길 20,37.4688175034,126.9663978526
인헌동-36,서울특별시 관악구 인헌16나길 7,37.4693022639,126.9661406880
인헌동-37,서울특별시 관악구 인헌16다길 19,37.4687574241,126.9661457946
인헌동-38,서울특별시 관악구 인헌16다길 31,37.4683706652,126.9666206322
인헌동-39,서울특별시 관악구 인헌16다길 42,37.4678709805,126.9669986380
인헌동-40,서울특별시 관악구 인헌16다길 9,37.4690090533,126.9657527440
인헌동-41,서울특별시 관악구 인헌17길 23,37.4709878719,126.9690895212
인헌동-42,서울특별시 관악구 인헌17길 9,37.4707389129,126.9683714455
인헌동-43,서울특별시 관악구 인헌19길 25,37.4707187354,126.9694178031
인헌동-44,서울특별시 관악구 인헌19길 3,37.4703129070,126.9683414420
인헌동-45,서울특별시 관악구 인헌1가길 30,37.4732154135,126.9686474857
인헌동-46,서울특별시 관악구 인헌1길 37-4,37.4747124731,126.9691087888
인헌동-47,서울특별시 관악구 인헌1길 55-7,37.4750207026,126.9701367565
인헌동-48,서울특별시 관악구 인헌1나길 24-22,37.4724893237,126.9701724695
인헌동-49,서울특별시 관악구 인헌1나길 24-24,37.4723864246,126.9701579272
인헌동-50,서울특별시 관악구 인헌1나길 3,37.4734478742,126.9689894767
인헌동-51,서울특별시 관악구 인헌1나길 5,37.4734462821,126.9691026400
인헌동-52,서울특별시 관악구 인헌1다길 35,37.4730878193,126.9707111365
인헌동-53,서울특별시 관악구 인헌1다길 47,37.4726708677,126.9708561142
인헌동-54,서울특별시 관악구 인헌21길 35,37.4705709685,126.9701175004
인헌동-55,서울특별시 관악구 인헌23길 18,37.4696213391,126.9695523201
인헌동-56,서울특별시 관악구 인헌23길 34,37.4700413240,126.9703543133
인헌동-57,서울특별시 관악구 인헌3길 14,37.4741946265,126.9676273592
인헌동-58,서울특별시 관악구 인헌3길 41,37.4741185288,126.9691144597
인헌동-59,서울특별시 관악구 인헌4길 11,37.4745733657,126.9661787826
인헌동-60,서울특별시 관악구 인헌7길 8,37.4732241363,126.9672562979
인헌동-61,서울특별시 관악구 인헌9길 19,37.4728662333,126.9678328894
인헌동-62,서울특별시 관악구 인헌9길 46,37.4723182685,126.9689545594
인헌동-63,서울특별시 관악구 인헌9길 77,37.4725088744,126.9705268678
인헌동-64,서울특별시 관악구 인헌길 100,37.4711340668,126.9672713403
인헌동-65,서울특별시 관악구 인헌길 126,37.4700862845,126.9679393252
인헌동-66,서울특별시 관악구 인헌길 151-5,37.4693223265,126.9689855288
인헌동-67,서울특별시 관악구 인헌길 155,37.4690048971,126.9689732253
인헌동-68,서울특별시 관악구 인헌길 167,37.4685493263,126.9692424540
인헌동-69,서울특별시 관악구 인헌길 169-11,37.4687311859,126.9697290275
인헌동-70,서울특별시 관악구 인헌길 169-21,37.4689770030,126.9698125801
인헌동-71,서울특별시 관악구 인헌길 169-9,37.4686840266,126.9695871782
인헌동-72,서울특별시 관악구 인헌길 33-12,37.4736550026,126.9672677540
조원동-1,서울특별시 관악구 난곡로65길 24,37.4823100510,126.9128337851
조원동-2,서울특별시 관악구 남부순환로125길 8,37.4808771988,126.9062711419
조원동-3,서울특별시 관악구 남부순환로125길 8,37.4808771988,126.9062711419
조원동-4,서울특별시 관악구 남부순환로141길 5,37.4813401568,126.9095330650
조원동-5,서울특별시 관악구 남부순환로143가길 43,37.4822021991,126.9081926843
조원동-6,서울특별시 관악구 남부순환로143길 10 앞,37.4817847633,126.9110211049
조원동-7,서울특별시 관악구 남부순환로143길 27,37.482487802,126.9105196274
조원동-8,서울특별시 관악구 남부순환로143길 47,37.4833948172,126.9102425552
조원동-9,서울특별시 관악구 남부순환로145길 11-3,37.4821346030,126.9118331583
조원동-10,서울특별시 관악구 시흥대로162길 16,37.4811740378,126.9019978492
조원동-11,서울특별시 관악구 시흥대로162길 6,37.4816036648,126.9018122058
조원동-12,서울특별시 관악구 시흥대로164길 13,37.4822725399,126.9023151386
조원동-13,서울특별시 관악구 시흥대로166길 14,37.4826377755,126.9024930772
조원동-14,서울특별시 관악구 조원로10길 39,37.4818900386,126.9050498217
조원동-15,서울특별시 관악구 조원로14길 32,37.4822868578,126.9099015261
조원동-16,서울특별시 관악구 조원로16가길 42,37.4825310045,126.9128693695
조원동-17,서울특별시 관악구 조원로16가길 51,37.4824598621,126.9134102331
조원동-18,서울특별시 관악구 조원로16길 40,37.4823358000,126.9112339143
조원동-19,서울특별시 관악구 조원로18길 18-1,37.4832066357,126.9126997799
조원동-20,서울특별시 관악구 조원로18길 25,37.4829608537,126.9138222251
조원동-21,서울특별시 관악구 조원로18길 5,37.4841198553,126.9117935138
조원동-22,서울특별시 관악구 조원로2길 88,37.4801619564,126.9001939472
조원동-23,서울특별시 관악구 조원로2길 89,37.4799720329,126.9003115554
조원동-24,서울특별시 관악구 조원로6길 1 건너편,37.4831486008,126.9053163042
조원동-25,서울특별시 관악구 조원중앙로1길 65,37.4798936633,126.9009759958
조원동-26,서울특별시 관악구 조원중앙로2길 14,37.4807114020,126.9056908964
조원동-27,서울특별시 관악구 조원중앙로2길 2,37.4806478865,126.9049110855
조원동-28,서울특별시 관악구 조원중앙로2길 99,37.4818557277,126.9102599988
청룡동-1,서울특별시 관악구 관악로11길 17,37.4776871591,126.9512118200
청룡동-2,서울특별시 관악구 관악로11길 41,37.4779467880,126.9498206056
청룡동-3,서울특별시 관악구 관악로11길 50,37.4782447805,126.9494652949
청룡동-4,서울특별시 관악구 관악로11길 69,37.4784594416,126.9483095933
청룡동-5,서울특별시 관악구 관악로15길 26,37.4804299821,126.9509234294
청룡동-6,서울특별시 관악구 관악로15길 47-19,37.4797260483,126.9499085064
청룡동-7,서울특별시 관악구 관악로15길 54,37.4805718198,126.9494719812
청룡동-8,서울특별시 관악구 관악로17길 37,37.4806982686,126.9495591788
청룡동-9,서울특별시 관악구 관악로5길 33,37.4742339489,126.9518700984
청룡동-10,서울특별시 관악구 관악로5길 42,37.4750846730,126.9520685245
청룡동-11,서울특별시 관악구 남부순환로214길 41,37.4798314304,126.9475418807
청룡동-12,서울특별시 관악구 쑥고개로21길 22,37.4801518967,126.9485145353
청룡동-13,서울특별시 관악구 쑥고개로22길 40,37.4774097108,126.9477751113
청룡동-14,서울특별시 관악구 쑥고개로26길 23,37.4777730350,126.9497305030
청룡동-15,서울특별시 관악구 쑥고개로30길 11,37.4781839956,126.9508251821
청룡동-16,서울특별시 관악구 쑥고개로30길 28,37.4776268022,126.9501581783
청룡동-17,서울특별시 관악구 장군봉15길 9,37.4791714465,126.9399811220
청룡동-18,서울특별시 관악구 장군봉15길 9,37.4791714465,126.9399811220
청룡동-19,서울특별시 관악구 장군봉3길 24,37.4812918011,126.9408947712
청룡동-20,서울특별시 관악구 장군봉3길 8,37.4815722149,126.9402177622
청룡동-21,서울특별시 관악구 장군봉4길 20,37.4822783060,126.9389269259
청룡동-22,서울특별시 관악구 장군봉5길 9,37.4812027574,126.9401311124
청룡동-23,서울특별시 관악구 장군봉6길 1,37.4812917192,126.9394869306
청룡동-24,서울특별시 관악구 장군봉6길 21,37.4817074433,126.9386110430
청룡동-25,서울특별시 관악구 장군봉6길 30,37.4820686282,126.9382086970
청룡동-26,서울특별시 관악구 장군봉6길 42,37.4823291357,126.9375722772
청룡동-27,서울특별시 관악구 장군봉7길 16,37.4803957842,126.9400728520
청룡동-28,서울특별시 관악구 장군봉7길 33,37.4799568086,126.9407797107
청룡동-29,서울특별시 관악구 장군봉8길 15,37.4809678410,126.9385067276
청룡동-30,서울특별시 관악구 장군봉9길 20,37.4801584046,126.9397897140
청룡동-31,서울특별시 관악구 장군봉9길 5,37.4798247581,126.9390809875
청룡동-32,서울특별시 관악구 장군봉길 59,37.4802380606,126.9390997591
청룡동-33,서울특별시 관악구 장군봉길 85,37.4793692009,126.9392424657
청룡동-34,서울특별시 관악구 참숯1길 57,37.4775214747,126.9398952756
청룡동-35,서울특별시 관악구 참숯5길 6,37.4773630957,126.9401091904
청룡동-36,서울특별시 관악구 청룡10길 10,37.4789698161,126.9452053499
청룡동-37,서울특별시 관악구 청룡11길 13,37.4777392448,126.9464438731
청룡동-38,서울특별시 관악구 청룡11길 28,37.4774472713,126.9471411824
청룡동-39,서울특별시 관악구 청룡12길 1,37.4776917841,126.9455078034
청룡동-40,서울특별시 관악구 청룡12길 11,37.4777143703,126.9450556760
청룡동-41,서울특별시 관악구 청룡12길 21,37.4778017094,126.9443524028
청룡동-42,서울특별시 관악구 청룡13길 15,37.4771853122,126.9464615658
청룡동-43,서울특별시 관악구 청룡15길 14,37.4764407705,126.9463788891
청룡동-44,서울특별시 관악구 청룡15길 26,37.4765315990,126.9467924897
청룡동-45,서울특별시 관악구 청룡15길 30,37.4763833324,126.9470811087
청룡동-46,서울특별시 관악구 청룡16길 16,37.4769096054,126.9447053431
청룡동-47,서울특별시 관악구 청룡1길 19,37.4812391310,126.9474610753
청룡동-48,서울특별시 관악구 청룡1길 42,37.4808713899,126.9486006462
청룡동-49,서울특별시 관악구 청룡3길 22,37.4805772354,126.9474287513
청룡동-50,서울특별시 관악구 청룡5길 6,37.4804270900,126.9463435925
청룡동-51,서울특별시 관악구 청룡7길 38,37.4795314796,126.9481431107
청룡동-52,서울특별시 관악구 청룡7길 64,37.4794108785,126.9494927743
청룡동-53,서울특별시 관악구 청룡8길 83,37.4798761663,126.9414991705
청룡동-54,서울특별시 관악구 청룡9길 12,37.4786679739,126.9465736786
청룡동-55,서울특별시 관악구 청룡9길 12-39,37.4780419061,126.9464707906
청룡동-56,서울특별시 관악구 청룡길 112,37.4768456680,126.9453600900
청룡동-57,서울특별시 관악구 청룡길 41,37.4799392715,126.9461187271
보라매동-1,서울특별시 관악구 당곡2길 107,37.4926993879,126.9341097744
보라매동-2,서울특별시 관악구 당곡2길 33,37.4912618848,126.9305850881
보라매동-3,서울특별시 관악구 당곡6가길 1,37.4916091865,126.9284099578
보라매동-4,서울특별시 관악구 당곡6가길 12,37.4920754945,126.9286196110
보라매동-5,서울특별시 관악구 당곡6길 56,37.4924454426,126.9304228563
보라매동-6,서울특별시 관악구 당곡6나길 18,37.4919947271,126.9306755504
보라매동-7,서울특별시 관악구 당곡6나길 26,37.4921943397,126.9312054747
보라매동-8,서울특별시 관악구 당곡6나길 3,37.4921828156,126.9299934042
보라매동-9,서울특별시 관악구 당곡6다길 29,37.4935047904,126.9294167072
보라매동-10,서울특별시 관악구 당곡6라길 18,37.4934440203,126.9302558159
보라매동-11,서울특별시 관악구 당곡길 68-6,37.4918548004,126.9276691800
보라매동-12,서울특별시 관악구 보라매로6길 20,37.4925131096,126.9280188618
보라매동-13,서울특별시 관악구 보라매로6길 34-4,37.4922490981,126.9287348983
보라매동-14,서울특별시 관악구 보라매로6길 45,37.4928052880,126.9294827250
보라매동-15,서울특별시 관악구 보라매로6길 45-14,37.4936899320,126.9290902970
보라매동-16,서울특별시 관악구 봉천로13길 29-16,37.4901705141,126.9306183243
보라매동-17,서울특별시 관악구 봉천로13길 90,37.4914528775,126.9328880578
보라매동-18,서울특별시 관악구 봉천로13길 98,37.4911990017,126.9330962323
보라매동-19,서울특별시 관악구 봉천로13나길 15,37.4896975598,126.9310536446
보라매동-20,서울특별시 관악구 봉천로13나길 64,37.4902394962,126.9335349141
보라매동-21,서울특별시 관악구 봉천로13다길 23,37.4911984503,126.9327599438
보라매동-22,서울특별시 관악구 봉천로13다길 3,37.4907566647,126.9317789562
보라매동-23,서울특별시 관악구 봉천로19길 23-14,37.4886041754,126.9333890296
보라매동-24,서울특별시 관악구 봉천로19길 39,37.4889540131,126.9336674438
보라매동-25,서울특별시 관악구 봉천로21길 21,37.4878423982,126.9340759356
보라매동-26,서울특별시 관악구 봉천로21길 35,37.4884675978,126.9340585384
보라매동-27,서울특별시 관악구 봉천로21길 93,37.4910870564,126.9336642007
보라매동-28,서울특별시 관악구 봉천로21나길 11,37.4890329687,126.9346867277
보라매동-29,서울특별시 관악구 봉천로21나길 33,37.4888792324,126.9359589309
보라매동-30,서울특별시 관악구 봉천로21다길 13,37.4895691648,126.9345357595
보라매동-31,서울특별시 관악구 봉천로21다길 28,37.4902262127,126.9345956812
보라매동-32,서울특별시 관악구 봉천로21다길 5,37.4892345515,126.9344109924
보라매동-33,서울특별시 관악구 봉천로23길 31,37.4878149330,126.9357395767
보라매동-34,서울특별시 관악구 봉천로23길 73,37.4893781221,126.9367987549
보라매동-35,서울특별시 관악구 봉천로23길 92,37.4895366118,126.9379936986
보라매동-36,서울특별시 관악구 봉천로23다길 31-4,37.4874741010,126.9376247576
보라매동-37,서울특별시 관악구 봉천로23다길 59-3,37.4874355286,126.9389875172
보라매동-38,서울특별시 관악구 봉천로23바길 13-25,37.4887011939,126.9378155084
보라매동-39,서울특별시 관악구 봉천로23바길 21,37.4885992959,126.9374851952
보라매동-40,서울특별시 관악구 은천로5길 18,37.4870779317,126.9381464533
보라매동-41,서울특별시 관악구 은천로5길 37,37.4879288459,126.9381508399
은천동-1,서울특별시 관악구 국회단지12길 18,37.4886569972,126.9428974756
은천동-2,서울특별시 관악구 국회단지12길 3,37.4889764653,126.9420970149
은천동-3,서울특별시 관악구 국회단지13길 16,37.4891836300,126.9410503616
은천동-4,서울특별시 관악구 국회단지16길 29,37.4892544952,126.9437315025
은천동-5,서울특별시 관악구 국회단지18길 13,37.4896872414,126.9429638573
은천동-6,서울특별시 관악구 국회단지18길 32,37.4893342178,126.9438862403
은천동-7,서울특별시 관악구 국회단지22길 16,37.4900918300,126.9430389705
은천동-8,서울특별시 관악구 국회단지22길 24,37.4899680117,126.9435606771
은천동-9,서울특별시 관악구 국회단지25길 12,37.4908959912,126.9414053180
은천동-10,서울특별시 관악구 국회단지27길 11,37.4910906129,126.9410514637
은천동-11,서울특별시 관악구 국회단지4길 9,37.4877745779,126.9407579361
은천동-12,서울특별시 관악구 국회단지5길 3,37.4878382081,126.9400811543
은천동-13,서울특별시 관악구 국회단지6길 33,37.4878555878,126.9424168542
은천동-14,서울특별시 관악구 국회단지6길 6,37.4879170471,126.9409777474
은천동-15,서울특별시 관악구 국회단지7길 19,37.4882793922,126.9394733795
은천동-16,서울특별시 관악구 국회단지7길 26,37.4885131679,126.9392280501
은천동-17,서울특별시 관악구 국회단지9길 7,37.4884550196,126.9405797623
은천동-18,서울특별시 관악구 국회단지길 133,37.4911729090,126.9414824459
은천동-19,서울특별시 관악구 국회단지길 136-14,37.4911432928,126.9422698189
은천동-20,서울특별시 관악구 국회단지길 98,37.4898231541,126.9423055487
은천동-21,서울특별시 관악구 남부순환로191가길 7,37.4855782222,126.9346653127
은천동-22,서울특별시 관악구 봉천로27길 24,37.4853216536,126.9398269533
은천동-23,서울특별시 관악구 봉천로27길 58-5,37.4857961691,126.9422637576
은천동-24,서울특별시 관악구 봉천로31길 51,37.4850027173,126.9395144657
은천동-25,서울특별시 관악구 봉천로33길 18,37.4839927528,126.9438462529
은천동-26,서울특별시 관악구 봉천로33길 34,37.4846175991,126.9440297443
은천동-27,서울특별시 관악구 봉천로33길 34,37.4846175991,126.9440297443
은천동-28,서울특별시 관악구 봉천로33나길 18,37.4856491373,126.9432195212
은천동-29,서울특별시 관악구 양녕로5길 17,37.4849400308,126.9458795045
은천동-30,서울특별시 관악구 양녕로5길 31,37.4851564222,126.9452261590
은천동-31,서울특별시 관악구 양녕로5길 37,37.4852578906,126.9448708272
은천동-32,서울특별시 관악구 양녕로5길 43,37.4852211103,126.9444451558
은천동-33,서울특별시 관악구 은천로10길 35,37.4848612164,126.9415785009
은천동-34,서울특별시 관악구 은천로2길 24,37.4856148202,126.9380421672
은천동-35,서울특별시 관악구 은천로2길 6,37.4860524208,126.9371531999
은천동-36,서울특별시 관악구 은천로8길 9,37.4856826867,126.9400023714
신림동-1,서울특별시 관악구 관천로16길 28,37.4873316879,126.9249806542
신림동-2,서울특별시 관악구 관천로18길 27,37.4879543071,126.9244508573
신림동-3,서울특별시 관악구 관천로18길 31,37.4879944354,126.9247858477
신림동-4,서울특별시 관악구 관천로20길 22,37.4880050859,126.9239702522
신림동-5,서울특별시 관악구 관천로22길 15,37.4885788509,126.9232784593
신림동-6,서울특별시 관악구 관천로22길 3,37.4884390303,126.9224745461
신림동-7,서울특별시 관악구 관천로22길 61,37.4888898881,126.9258327959
신림동-8,서울특별시 관악구 관천로22길 61,37.4888898881,126.9258327959
신림동-9,서울특별시 관악구 관천로22길 79,37.4886384198,126.9268491137
신림동-10,서울특별시 관악구 관천로24길 16,37.4887802565,126.9229099756
신림동-11,서울특별시 관악구 관천로26길 15,37.4894820267,126.9217759163
신림동-12,서울특별시 관악구 관천로26길 47,37.4895440645,126.9236403260
신림동-13,서울특별시 관악구 관천로26길 60,37.4893128788,126.9243607264
신림동-14,서울특별시 관악구 관천로26길 79,37.4894013512,126.9254847020
신림동-15,서울특별시 관악구 남부순환로185길 25,37.4858279975,126.9321359849
신림동-16,서울특별시 관악구 남부순환로187길 21,37.4858719225,126.9333242930
신림동-17,서울특별시 관악구 봉천로12길 9,37.4882499906,126.9293583314
신림동-18,서울특별시 관악구 봉천로14길 17,37.4874933212,126.9304160293
신림동-19,서울특별시 관악구 봉천로20길 7,37.4863998419,126.9333576315
신림동-20,서울특별시 관악구 봉천로6길 33,37.4882589731,126.9257860426
신림동-21,서울특별시 관악구 봉천로8길 29,37.4881915587,126.9272035773
신림동-22,서울특별시 관악구 봉천로8길 39,37.4877059741,126.9272988020
신림동-23,서울특별시 관악구 봉천로8길 7,37.4890513067,126.9270679598
신림동-24,서울특별시 관악구 신림동2길 5,37.4876661903,126.9278059640
신림동-25,서울특별시 관악구 신림동5가길 25-8,37.4862633303,126.9259287875
신림동-26,서울특별시 관악구 신림동길 34,37.4869846407,126.9250139046
신림동-27,서울특별시 관악구 신림동길 40,37.4868481507,126.9243271422
신림동-28,서울특별시 관악구 신림로70길 70,37.4865933059,126.9324367356
신림동-29,서울특별시 관악구 신림로71길 16,37.4884371785,126.9273582478
신림동-30,서울특별시 관악구 신림로71길 42,37.4881299039,126.9260016849
신림동-31,서울특별시 관악구 신림로73길 13,37.4890614591,126.9273134317
중앙동-1,서울특별시 관악구 봉천로41길 27,37.4839996012,126.9479811657
중앙동-2,서울특별시 관악구 봉천로43길 23,37.4842529917,126.9486606290
중앙동-3,서울특별시 관악구 봉천로49길 20,37.4833081169,126.9521246657
중앙동-4,서울특별시 관악구 양녕로2가길 12,37.4839016391,126.9473204798
중앙동-5,서울특별시 관악구 양녕로2길 30,37.4831837824,126.9482876832
중앙동-6,서울특별시 관악구 양녕로6길 81,37.4836530097,126.9509934567
중앙동-7,서울특별시 관악구 양녕로6길 93-10,37.4839034837,126.9518547380
중앙동-8,서울특별시 관악구 양녕로6나길 30,37.4855326649,126.9498520533
중앙동-9,서울특별시 관악구 양녕로6다길 11-2,37.4845113727,126.9498536404
중앙동-10,서울특별시 관악구 양녕로6다길 45,37.4843159858,126.9516839698
중앙동-11,서울특별시 관악구 양녕로6다길 8,37.4841267034,126.9499983955
중앙동-12,서울특별시 관악구 은천로 144,37.4861796113,126.9509791427
중앙동-13,서울특별시 관악구 은천로24길 14,37.4862047881,126.9483212177
중앙동-14,서울특별시 관악구 은천로26길 6,37.4862121034,126.9504648844
중앙동-15,서울특별시 관악구 은천로28길 3 맞은편,37.4861807,126.9511472
중앙동-16,서울특별시 관악구 은천로30길 10,37.4859995384,126.9515094385
중앙동-17,서울특별시 관악구 은천로32길 5,37.4861184278,126.9522873873
중앙동-18,서울특별시 관악구 은천로34길 8,37.4858074918,126.9525156436
중앙동-19,서울특별시 관악구 은천로35길 34-8,37.4874805813,126.9543640827
중앙동-20,서울특별시 관악구 은천로38길 17,37.4850605664,126.9548406627
중앙동-21,서울특별시 관악구 중앙1길 11,37.4836630360,126.9532796241
중앙동-22,서울특별시 관악구 중앙길 133,37.4862780245,126.9478757887
행운동-1,서울특별시 관악구 관악로24가길 16 맞은편,37.4841904742,126.9570464213
행운동-2,서울특별시 관악구 관악로28길 52 맞은편,37.4848281364,126.9588708404
행운동-3,서울특별시 관악구 남부순환로 1909 뒤,37.4781130269,126.9616069864
행운동-4,서울특별시 관악구 남부순환로 1945-2 뒤,37.4765766830,126.9652882555
행운동-5,서울특별시 관악구 남부순환로237길 21,37.4794937678,126.9606161119
행운동-6,서울특별시 관악구 남부순환로237길 45,37.4802360054,126.9605749078
행운동-7,서울특별시 관악구 남부순환로237길 47 맞은편,37.4803515349,126.9606352211
행운동-8,서울특별시 관악구 남부순환로237길 53 맞은편,37.4805661316,126.9608351122
행운동-9,서울특별시 관악구 남부순환로239길 45,37.4800239861,126.9621925615
행운동-10,서울특별시 관악구 남부순환로239길 51 옆,37.4802599313,126.9623838529
행운동-11,서울특별시 관악구 남부순환로247가길 14,37.4770378660,126.9657557507
행운동-12,서울특별시 관악구 남부순환로247길 23,37.4771180046,126.9668394606
행운동-13,서울특별시 관악구 남부순환로247길 68,37.4785891528,126.9655102737
행운동-14,서울특별시 관악구 남부순환로247다길 10,37.4772859402,126.9664754611
행운동-15,서울특별시 관악구 남부순환로247다길 55,37.4783839366,126.9644089664
행운동-16,서울특별시 관악구 남부순환로249길 8 맞은편,37.4760810621,126.9675954557
행운동-17,서울특별시 관악구 남부순환로251길 10-1 맞은편,37.4760004966,126.9692235732
행운동-18,서울특별시 관악구 솔밭로2길 17-6,37.4780730302,126.9639201442
행운동-19,서울특별시 관악구 솔밭로2길 17-6,37.4780730302,126.9639201442
행운동-20,서울특별시 관악구 솔밭로2길 9,37.4780611274,126.9633039918
행운동-21,서울특별시 관악구 솔밭로4길 10,37.4783941130,126.9635063141
행운동-22,서울특별시 관악구 솔밭로4길 11-5,37.4787073712,126.9637251542
행운동-23,서울특별시 관악구 솔밭로4길 12,37.4783534302,126.9636453940
행운동-24,서울특별시 관악구 솔밭로7길 11-14,37.4803182043,126.9631710601
행운동-25,서울특별시 관악구 솔밭로7길 16,37.4798887289,126.9638700904
행운동-26,서울특별시 관악구 솔밭로7길 16,37.4798887289,126.9638700904
행운동-27,서울특별시 관악구 솔밭로7길 5,37.4798773736,126.9635683407
행운동-28,서울특별시 관악구 행운1길 58,37.4813153751,126.9568529231
행운동-29,서울특별시 관악구 행운1길 87,37.4825146708,126.9560191834
행운동-30,서울특별시 관악구 행운1나길 8-19,37.4823276577,126.9556342006
행운동-31,서울특별시 관악구 행운1라길 11,37.4832535797,126.9569755010
행운동-32,서울특별시 관악구 행운1라길 70,37.4813633241,126.9589181903
행운동-33,서울특별시 관악구 행운1마길 16,37.4834963972,126.9555042765
행운동-34,서울특별시 관악구 행운1마길 24,37.4831600357,126.9552258857
행운동-35,서울특별시 관악구 행운4길 21,37.4797835777,126.9604819847
행운동-36,서울특별시 관악구 행운4길 39,37.4795008818,126.9614232343
행운동-37,서울특별시 관악구 행운4길 47,37.4792701697,126.9618127260
행운동-38,서울특별시 관악구 행운4길 55-8,37.4792983220,126.9625028202
행운동-39,서울특별시 관악구 행운4길 56,37.4789328473,126.9621407654
행운동-40,서울특별시 관악구 행운5길 20,37.4819413606,126.9592922234
행운동-41,서울특별시 관악구 행운5길 24,37.4820680293,126.9589936695
행운동-42,서울특별시 관악구 행운5길 25,37.4819494964,126.9588492405
행운동-43,서울특별시 관악구 행운5길 37-11 맞은편,37.4818517502,126.9581174421
행운동-44,서울특별시 관악구 행운7길 14,37.4822871741,126.9601030361
행운동-45,서울특별시 관악구 행운7길 40-12 맞은편,37.4832792406,126.9594733051
행운동-46,서울특별시 관악구 행운9길 13,37.4826982565,126.9604969570
청림동-1,서울특별시 관악구 청림2길 28,37.4871492123,126.9583243432
청림동-2,서울특별시 관악구 청림3길 36,37.4896780009,126.9586377365
청림동-3,서울특별시 관악구 청림3길 56,37.4904955320,126.9587719584
청림동-4,서울특별시 관악구 청림3길 59,37.4907493936,126.9586508279
청림동-5,서울특별시 관악구 청림3길 84,37.4916312965,126.9594211876
청림동-6,서울특별시 관악구 청림3마길 14-15,37.4911674497,126.9581070397
청림동-7,서울특별시 관악구 청림5길 29,37.4892873775,126.9595731825
청림동-8,서울특별시 관악구 청림5길 54,37.4903812249,126.9599085391
청림동-9,서울특별시 관악구 청림5길 70,37.4909944031,126.9600342912
청림동-10,서울특별시 관악구 청림6길 13 맞은편,37.4869670239,126.9596082408
성현동-1,서울특별시 관악구 관악로37길 20,37.4875554407,126.9559885261
성현동-2,서울특별시 관악구 관악로37길 45,37.4874280275,126.9566911088
성현동-3,서울특별시 관악구 은천로19길 14-10,37.4878230684,126.9474585000
성현동-4,서울특별시 관악구 은천로21길 10 맞은편,37.4873994559,126.9477549286
성현동-5,서울특별시 관악구 은천로21길 22 맞은편,37.4878361671,126.9479425489
성현동-6,서울특별시 관악구 은천로21길 40,37.4885725762,126.9483882215
성현동-7,서울특별시 관악구 은천로23길 34-14,37.4883653826,126.9493088837
성현동-8,서울특별시 관악구 은천로25길 37,37.4884071445,126.9496253444
성현동-9,서울특별시 관악구 은천로25길 51,37.4886091584,126.9492228970
성현동-10,서울특별시 관악구 은천로35길 11,37.4866043172,126.9538132893
성현동-11,서울특별시 관악구 은천로35다길 10,37.4874070594,126.9536705522
성현동-12,서울특별시 관악구 은천로35다길 16,37.4873635432,126.9532193145
성현동-13,서울특별시 관악구 은천로35라길 27,37.4881016761,126.9523854029
성현동-14,서울특별시 관악구 은천로35마길 16,37.4885889214,126.9530112886
성현동-15,서울특별시 관악구 은천로35바길 7,37.4884377064,126.9543238121
성현동-16,서울특별시 관악구 은천로39길 34,37.4873537749,126.9554538207
성현동-17,서울특별시 관악구 은천로39길 83,37.4887835325,126.9536789741
성현동-18,서울특별시 관악구 은천로39길 9,37.4863821191,126.9549555368
성현동-19,서울특별시 관악구 은천로39길 94,37.4890351504,126.9531369725
