연번,행정동,도로명주소,지번주소,위도,경도,기준일자
1,망우본동,서울특별시 중랑구 용마산로116길 13,,37.5994797609,127.1012415483,2024-03-19
2,망우본동,서울특별시 중랑구 용마산로116길 56 ,,37.5995203072,127.1035245224,2024-03-19
3,망우본동,서울특별시 중랑구 용마산로114길 76 ,,37.5992243183,127.1053724088,2024-03-19
4,망우본동,서울특별시 중랑구 망우로74길 32 ,,37.5988801817,127.1039024201,2024-03-19
5,망우본동,서울특별시 중랑구 망우로74가길 25 ,,37.5986601039,127.1055898241,2024-03-19
6,망우본동,서울특별시 중랑구 망우로74길 41 ,,37.5984910644,127.1041857679,2024-03-19
7,망우본동,서울특별시 중랑구 망우로72가길 14,,37.5978760076,127.1036177034,2024-03-19
8,망우본동,서울특별시 중랑구 망우로72가길 10 ,,37.5978485658,127.1033684296,2024-03-19
9,망우본동,서울특별시 중랑구 망우로72길 55 ,,37.5976213977,127.1029885444,2024-03-19
10,망우본동,서울특별시 중랑구 망우로70길 55-14 ,,37.5970637692,127.1034067502,2024-03-19
11,망우본동,서울특별시 중랑구 양원역로 2 ,,37.6008268521,127.1086165613,2024-03-19
12,망우본동,서울특별시 중랑구 용마산로118길 117 ,,37.6011632760,127.1070451309,2024-03-19
13,망우본동,서울특별시 중랑구 용마산로118길 95 ,,37.6013000004,127.1058976117,2024-03-19
14,망우본동,서울특별시 중랑구 망우로77길 36 ,,37.6021969222,127.1060134861,2024-03-19
15,망우본동,서울특별시 중랑구 용마산로114길 37,,37.5992718511,127.1032765230,2024-03-19
16,망우본동,서울특별시 중랑구 용마산로112길 31,,37.5987094760,127.1022148113,2024-03-19
17,망우본동,서울특별시 중랑구 용마산로112길 45,,37.5987836050,127.1030695268,2024-03-19
18,망우본동,서울특별시 중랑구 송림길 78-4 ,,37.6029948437,127.1016033742,2024-03-19
19,망우본동,서울특별시 중랑구 망우로68길 78,,37.5964269161,127.1008413147,2024-03-19
20,망우본동,서울특별시 중랑구 망우로67가길 30 ,,37.6024819713,127.1029879969,2024-03-19
21,망우본동,서울특별시 중랑구 망우로68길 78,,37.5964269161,127.1008413147,2024-03-19
22,망우본동,서울특별시 중랑구 용마공원로5길 20-24,,37.5938585101,127.1025612316,2024-03-19
23,망우본동,서울특별시 중랑구 송림길 106 ,,37.6047863894,127.1038604656,2024-03-19
24,망우본동,서울특별시 중랑구 용마공원로 48,,37.5914776623,127.1021197726,2024-03-19
25,망우본동,서울특별시 중랑구 양원역로 53 ,,37.6053562364,127.1062213646,2024-03-19
26,망우본동,서울특별시 중랑구 용마공원로10길 14,,,,2024-03-19
27,망우본동,서울특별시 중랑구 용마산로101길 7,,37.5929800490,127.0982113098,2024-03-19
28,망우본동,서울특별시 중랑구 상봉로12길 47,,37.5910653078,127.0961855363,2024-03-19
29,망우본동,서울특별시 중랑구 양원역로 17-21 ,,37.6022174746,127.1075955356,2024-03-19
30,망우본동,서울특별시 중랑구 양원역로 8-12 ,,37.6013314543,127.1089558907,2024-03-19
31,망우본동,서울특별시 중랑구 상봉로18길 6,,37.5926308529,127.0937445092,2024-03-19
32,망우본동,서울특별시 중랑구 양원역로6가길 35 ,,37.6019943105,127.1102197521,2024-03-19
33,망우본동,서울특별시 중랑구 양원역로8길 25 ,,37.6051173458,127.1080499884,2024-03-19
34,망우본동,서울특별시 중랑구 양원역로 32 ,,37.6038226403,127.1094981246,2024-03-19
35,망우본동,서울특별시 중랑구 봉우재로57가길 20,,37.5956435098,127.0959717546,2024-03-19
36,망우본동,서울특별시 중랑구 봉우재로71가길 27,,,,2024-03-19
37,망우본동,서울특별시 중랑구 망우로66길 32-10,,,,2024-03-19
38,망우본동,서울특별시 중랑구 봉우재로65길 13 ,,37.5958405598,127.0970695893,2024-03-19
39,망우본동,서울특별시 중랑구 상봉로26길 41 ,,37.5959059143,127.0954832580,2024-03-19
40,망우본동,서울특별시 중랑구 봉우재로71길 65 ,,37.5968386443,127.0964509189,2024-03-19
41,망우본동,서울특별시 중랑구 봉우재로71길 80 ,,37.5972026827,127.0959620938,2024-03-19
42,망우본동,서울특별시 중랑구 봉우재로71길 86 ,,37.5973525172,127.0955181716,2024-03-19
43,망우본동,서울특별시 중랑구 망우로58길 47 ,,37.5960979571,127.0941980613,2024-03-19
44,망우본동,서울특별시 중랑구 망우로58길 41 ,,,,2024-03-19
45,망우본동,서울특별시 중랑구 용마산로115가길 4 ,,37.5978511956,127.0953200773,2024-03-19
46,망우본동,서울특별시 중랑구 망우로66길 17 ,,37.5987478712,127.0997779634,2024-03-19
47,망우3동,서울특별시 중랑구 용마산로96길 21-21 ,,37.5911056569,127.0991441041,2024-03-19
48,망우3동,서울특별시 중랑구 용마산로96나길 14 ,,37.5905760841,127.0997498426,2024-03-19
49,망우3동,서울특별시 중랑구 용마산로100길 49-9 ,,37.5912416335,127.1009313540,2024-03-19
50,망우3동,서울특별시 중랑구 용마산로100길 55-12 ,,37.5911176394,127.1014773951,2024-03-19
51,망우3동,서울특별시 중랑구 용마공원로20길 15 ,,37.5904237519,127.1025587827,2024-03-19
52,망우3동,서울특별시 중랑구 용마공원로5가길 51 ,,37.5923922011,127.1028091163,2024-03-19
53,망우3동,서울특별시 중랑구 망우로72길 34,,37.5985887618,127.1026088298,2024-03-19
54,망우3동,서울특별시 중랑구 용마공원로5가길 14 ,,37.5939768677,127.1018706811,2024-03-19
55,망우3동,서울특별시 중랑구 용마공원로3길 24-10,,37.5955420359,127.1021184193,2024-03-19
56,망우3동,서울특별시 중랑구 용마공원로5길 5,,37.5946131809,127.1013087825,2024-03-19
57,망우3동,서울특별시 중랑구 용마산로102길 27-11 ,,37.5928758994,127.1004535793,2024-03-19
58,망우3동,서울특별시 중랑구 용마공원로10길 13 ,,37.5929400890,127.1012514846,2024-03-19
59,망우3동,서울특별시 중랑구 용마산로102길 31 ,,37.5923470830,127.1004823080,2024-03-19
60,망우3동,서울특별시 중랑구 용마산로100길 33-18 ,,37.5918632857,127.1004408953,2024-03-19
61,망우3동,서울특별시 중랑구 봉우재로64길 59 ,,37.5923630693,127.0970989280,2024-03-19
62,망우3동,서울특별시 중랑구 용마산로105길 31 ,,37.5939906914,127.0975591780,2024-03-19
63,망우3동,서울특별시 중랑구 용마산로101길 20 ,,37.5933490467,127.0976180130,2024-03-19
64,망우3동,서울특별시 중랑구 봉우재로64길 27 ,,37.5937343291,127.0974867150,2024-03-19
65,망우3동,서울특별시 중랑구 봉우재로64길 23 ,,37.5938831265,127.0974338036,2024-03-19
66,망우3동,서울특별시 중랑구 상봉로20길 57 ,,37.5943883395,127.0965235087,2024-03-19
67,망우3동,서울특별시 중랑구 상봉로20길 39 ,,37.5941796204,127.0954766362,2024-03-19
68,망우3동,서울특별시 중랑구 봉우재로58길 44 ,,37.5925811122,127.0957720480,2024-03-19
69,망우3동,서울특별시 중랑구 용마산로99길 31-3 ,,37.5921871212,127.0963101731,2024-03-19
70,망우3동,서울특별시 중랑구 용마산로99길 23 ,,37.5921642625,127.0966085018,2024-03-19
71,망우3동,서울특별시 중랑구 겸재로61가길 3 ,,37.5912623073,127.0950204521,2024-03-19
72,망우3동,서울특별시 중랑구 겸재로61길 30 ,,37.5914457704,127.0948822077,2024-03-19
73,망우3동,서울특별시 중랑구 상봉로16가길 8 ,,37.5920031640,127.0951681383,2024-03-19
74,망우3동,서울특별시 중랑구 상봉로16길 36 ,,37.5922896747,127.0955085301,2024-03-19
75,망우3동,서울특별시 중랑구 겸재로61길 64 ,,37.5930479322,127.0947471200,2024-03-19
76,망우3동,서울특별시 중랑구 상봉로18길 18 ,,37.5926468925,127.0944202838,2024-03-19
77,중화1동,서울특별시 중랑구 동일로130길 14 ,,37.5995341977,127.0807709886,2024-03-19
78,중화1동,서울특별시 중랑구 동일로124길 46-4 ,,37.5984982720,127.0826745404,2024-03-19
79,중화1동,서울특별시 중랑구 동일로124길 33 ,,37.5984138069,127.0820896840,2024-03-19
80,중화1동,서울특별시 중랑구 동일로124길 25 ,,37.5985733057,127.0816663468,2024-03-19
81,중화1동,서울특별시 중랑구 동일로124길 17 ,,37.5984654334,127.0813090748,2024-03-19
82,중화1동,서울특별시 중랑구 동일로124길 5 ,,37.5982671923,127.0805544665,2024-03-19
83,중화1동,서울특별시 중랑구 동일로126길 ,,,,2024-03-19
84,중화1동,서울특별시 중랑구 봉화산로30길 48-5 ,,37.6000547697,127.0849077872,2024-03-19
85,중화1동,서울특별시 중랑구 봉화산로26가길 13 ,,37.5997478681,127.0845651127,2024-03-19
86,중화1동,서울특별시 중랑구 봉화산로26가길 10-5 ,,37.5994082944,127.0845515925,2024-03-19
87,중화1동,서울특별시 중랑구 상봉중앙로5길 50-4 ,,37.6005649261,127.0846353413,2024-03-19
88,중화1동,서울특별시 중랑구 망우로 223-8,,37.5949880946,127.0776424240,2024-03-19
89,중화1동,서울특별시 중랑구 동일로126길 55,,37.5988134090,127.0833570408,2024-03-19
90,중화1동,서울특별시 중랑구 동일로126길 65,,37.5987648321,127.0838849064,2024-03-19
91,중화1동,서울특별시 중랑구 상봉중앙로5가길 16,,37.6010616545,127.0867281704,2024-03-19
92,중화1동,서울특별시 중랑구 봉화산로30길 26 ,,37.6011830287,127.0851042996,2024-03-19
93,중화1동,서울특별시 중랑구 동일로130길 57 ,,37.6003882917,127.0829148916,2024-03-19
94,중화1동,서울특별시 중랑구 봉화산로20길 25 ,,37.6004035039,127.0816434342,2024-03-19
95,중화1동,서울특별시 중랑구 동일로134길 ,,,,2024-03-19
96,중화1동,서울특별시 중랑구 동일로134길 25 ,,37.6013598575,127.0811902622,2024-03-19
97,중화1동,서울특별시 중랑구 봉화산로20길 7-4 ,,37.6010186055,127.0815196530,2024-03-19
98,중화1동,서울특별시 중랑구 봉화산로20길 7-15 ,,37.6006803840,127.0820250219,2024-03-19
99,중화1동,서울특별시 중랑구 봉화산로26길 11,,,,2024-03-19
100,중화1동,서울특별시 중랑구 봉화산로24길 9 ,,37.6013016431,127.0834018299,2024-03-19
101,중화1동,서울특별시 중랑구 봉화산로 79-11 ,,37.6022081371,127.0828793143,2024-03-19
102,중화1동,서울특별시 중랑구 봉화산로 73-26 ,,37.6021901766,127.0824086519,2024-03-19
103,중화1동,서울특별시 중랑구 봉화산로27나길 16 ,,37.6026248507,127.0826143309,2024-03-19
104,중화1동,서울특별시 중랑구 봉화산로27가길 16 ,,37.6027684401,127.0841846312,2024-03-19
105,중화1동,서울특별시 중랑구 봉화산로 89-26 ,,37.6026444948,127.0843935414,2024-03-19
106,중화1동,서울특별시 중랑구 봉화산로33길 ,,,,2024-03-19
107,중화1동,서울특별시 중랑구 봉화산로33길 28-4 ,,37.6038103910,127.0854992389,2024-03-19
108,중화1동,서울특별시 중랑구 봉화산로33길 28 ,,37.6037142887,127.0855776087,2024-03-19
109,중화1동,서울특별시 중랑구 봉화산로27길 32 ,,37.6035511005,127.0837196185,2024-03-19
110,중화1동,서울특별시 중랑구 봉화산로27길 46 ,,37.6038603371,127.0829301830,2024-03-19
111,중화1동,서울특별시 중랑구 동일로140길 59 ,,37.6047067543,127.0822474450,2024-03-19
112,중화1동,서울특별시 중랑구 동일로144가길 28-11 ,,37.6052711206,127.0821377621,2024-03-19
113,중화1동,서울특별시 중랑구 동일로144가길 28 ,,37.6056351781,127.0820549242,2024-03-19
114,중화1동,서울특별시 중랑구 동일로144가길 11 ,,37.6057149494,127.0810936373,2024-03-19
115,중화1동,서울특별시 중랑구 동일로144길 74 ,,37.6065211349,127.0821647313,2024-03-19
116,중화1동,서울특별시 중랑구 동일로144길 84 ,,37.6065095934,127.0829502251,2024-03-19
117,중화1동,서울특별시 중랑구 동일로140길 99 ,,37.6060932659,127.0833058208,2024-03-19
118,중화1동,서울특별시 중랑구 동일로144가길 49 ,,37.6060504209,127.0831183443,2024-03-19
119,중화1동,서울특별시 중랑구 동일로140길 83 ,,37.6056509919,127.0828909482,2024-03-19
120,중화1동,서울특별시 중랑구 동일로140길 77 ,,37.6052718193,127.0826855472,2024-03-19
121,중화1동,서울특별시 중랑구 동일로140길 31-25 ,,37.6048707353,127.0806798180,2024-03-19
122,중화1동,서울특별시 중랑구 동일로140길 31-69 ,,37.6052864062,127.0806150356,2024-03-19
123,중화1동,서울특별시 중랑구 동일로144길 22 ,,37.6054388500,127.0803561996,2024-03-19
124,중화1동,서울특별시 중랑구 동일로140길 7-12,,37.6046554493,127.0799434745,2024-03-19
125,중화1동,서울특별시 중랑구 동일로140길 7-12 ,,37.6046554493,127.0799434745,2024-03-19
126,중화1동,서울특별시 중랑구 동일로140길 7-12 ,,37.6046554493,127.0799434745,2024-03-19
127,중화1동,서울특별시 중랑구 동일로140길 7-4 ,,37.6044800653,127.0797530309,2024-03-19
128,중화1동,서울특별시 중랑구 봉화산로 34,,37.6012954952,127.0781674037,2024-03-19
129,중화1동,서울특별시 중랑구 봉화산로27다길 19 ,,37.6032021632,127.0824165629,2024-03-19
130,중화1동,서울특별시 중랑구 봉화산로27다길 10 ,,37.6029142754,127.0829616342,2024-03-19
131,중화1동,서울특별시 중랑구 동일로136나길 15 ,,37.6030673212,127.0817166707,2024-03-19
132,중화1동,서울특별시 중랑구 봉화산로21길 18 ,,37.6026641383,127.0820915230,2024-03-19
133,중화1동,서울특별시 중랑구 동일로136가길 8 ,,37.6028360465,127.0811806552,2024-03-19
134,중화1동,서울특별시 중랑구 동일로136길 28 ,,37.6023514905,127.0813167014,2024-03-19
135,중화1동,서울특별시 중랑구 동일로136길 28 ,,37.6023514905,127.0813167014,2024-03-19
136,중화2동,서울특별시 중랑구 중랑천로 108-3,,37.5950547610,127.0727020115,2024-03-19
137,중화2동,서울특별시 중랑구 중랑천로 109,,37.5946772576,127.0719471747,2024-03-19
138,중화2동,서울특별시 중랑구 중랑천로18길 9-7,,37.5955586119,127.0726750991,2024-03-19
139,중화2동,서울특별시 중랑구 중랑역로3다길 26,,37.5956737225,127.0733162300,2024-03-19
140,중화2동,서울특별시 중랑구 중랑천로 146-4,,37.5980859309,127.0723184798,2024-03-19
141,중화2동,서울특별시 중랑구 중랑천로 162,,37.5991341265,127.0732231454,2024-03-19
142,중화2동,서울특별시 중랑구 중랑천로 164-1,,37.5994405074,127.0734422252,2024-03-19
143,중화2동,서울특별시 중랑구 동일로123길 125,,37.5999318661,127.0737978310,2024-03-19
144,중화2동,서울특별시 중랑구 중랑천로 176-1,,37.6003790079,127.0741170471,2024-03-19
145,중화2동,서울특별시 중랑구 동일로139길 18,,,,2024-03-19
146,중화2동,서울특별시 중랑구 동일로139라길 3,,37.6032231564,127.0748431688,2024-03-19
147,중화2동,서울특별시 중랑구 중랑천로 218,,37.6042991438,127.0742328246,2024-03-19
148,중화2동,서울특별시 중랑구 동일로139다길 24,,37.6043577112,127.0764858264,2024-03-19
149,중화2동,서울특별시 중랑구 동일로143길 59-1,,,,2024-03-19
150,중화2동,서울특별시 중랑구 봉화산로3길 50,,37.6038820301,127.0757226230,2024-03-19
151,중화2동,서울특별시 중랑구 봉화산로15길 21,,37.6026173698,127.0782555322,2024-03-19
152,중화2동,서울특별시 중랑구 봉화산로 6,,37.6013298728,127.0748947227,2024-03-19
153,중화2동,서울특별시 중랑구 봉화산로8길 3,,37.6013005121,127.0769773408,2024-03-19
154,중화2동,서울특별시 중랑구 중랑역로21길 32,,37.5996649129,127.0760524077,2024-03-19
155,중화2동,서울특별시 중랑구 중랑역로21길 9,,,,2024-03-19
156,중화2동,서울특별시 중랑구 중랑역로 72,,37.5998585956,127.0784389234,2024-03-19
157,중화2동,서울특별시 중랑구 봉화산로16길 37,,37.5998877148,127.0789536325,2024-03-19
158,중화2동,서울특별시 중랑구 중랑역로129길 7-5,,,,2024-03-19
159,중화2동,서울특별시 중랑구 동일로 761,,37.5983967420,127.0797774514,2024-03-19
160,중화2동,서울특별시 중랑구 동일로123가길 8,,,,2024-03-19
161,중화2동,서울특별시 중랑구 동일로123길 46,,37.5980252504,127.0776352752,2024-03-19
162,중화2동,서울특별시 중랑구 동일로121가길 8,,37.5967398228,127.0796392332,2024-03-19
163,중화2동,서울특별시 중랑구 동일로121길 50,,37.5962005801,127.0785629257,2024-03-19
164,중화2동,서울특별시 중랑구 동일로121길 62,,37.5963434337,127.0779493409,2024-03-19
165,중화2동,서울특별시 중랑구 동일로121길 78,,37.5965463966,127.0771728700,2024-03-19
166,중화2동,서울특별시 중랑구 봉화산로 16,,37.6013811111,127.0759257373,2024-03-19
167,중화2동,서울특별시 중랑구 동일로121길 96,,37.5969334975,127.0762873103,2024-03-19
168,중화2동,서울특별시 중랑구 중랑역로15길 8,,37.5973935988,127.0755007840,2024-03-19
169,중화2동,서울특별시 중랑구 중랑역로15길 24,,37.5977986162,127.0747585821,2024-03-19
170,중화2동,서울특별시 중랑구 중랑역로15길 30,,37.5979468210,127.0744866202,2024-03-19
171,중화2동,서울특별시 중랑구 중랑역로15길 52,,37.5985310065,127.0735076890,2024-03-19
172,중화2동,서울특별시 중랑구 봉화산로2길 61,,37.5989339027,127.0739834634,2024-03-19
173,중화2동,서울특별시 중랑구 중랑천로 141,,37.5976881536,127.0715625757,2024-03-19
174,중화2동,서울특별시 중랑구 중랑천로29길 19,,37.5971665695,127.0712653966,2024-03-19
175,중화2동,서울특별시 중랑구 중랑천로19길 11,,37.5957208615,127.0715262684,2024-03-19
176,중화2동,서울특별시 중랑구 중랑천로15길 40,,37.5949409685,127.0712197925,2024-03-19
177,중화2동,서울특별시 중랑구 중랑천로15길 28,,37.5943903802,127.0713563921,2024-03-19
178,중화2동,서울특별시 중랑구 중랑천로24길 33,,37.5981748583,127.0731961606,2024-03-19
179,중화2동,서울특별시 중랑구 중랑역로3가길 46-17,,,,2024-03-19
180,중화2동,서울특별시 중랑구 중랑천로30길 24,,37.5979363839,127.0736019972,2024-03-19
181,중화2동,서울특별시 중랑구 중랑역로14길 22,,37.5962440400,127.0768722583,2024-03-19
182,중화2동,서울특별시 중랑구 중랑역로14길 36,,37.5959896850,127.0777056305,2024-03-19
183,중화2동,서울특별시 중랑구 중랑역로14길 44-3,,37.5958043291,127.0781484108,2024-03-19
184,중화2동,서울특별시 중랑구 중랑역로14길 58,,37.5957582207,127.0789271885,2024-03-19
185,중화2동,서울특별시 중랑구 중랑역로3길 16,,37.5951058350,127.0755899651,2024-03-19
186,중화2동,서울특별시 중랑구 중랑역로3길 34,,37.5948829828,127.0746572656,2024-03-19
187,중화2동,서울특별시 중랑구 중랑역로3다길 9-1,,37.5948148244,127.0734338290,2024-03-19
188,면목본동,서울특별시 중랑구 상봉로19길 51,,37.5928680441,127.0903292249,2024-03-19
189,면목본동,서울특별시 중랑구 상봉로19길 47,,37.5928987432,127.0905965980,2024-03-19
190,면목본동,서울특별시 중랑구 상봉로19길 15,,37.5933074880,127.0922701893,2024-03-19
191,면목본동,서울특별시 중랑구 상봉로19길 58,,,,2024-03-19
192,면목본동,서울특별시 중랑구 상봉로17길 7,,37.5925813818,127.0927264005,2024-03-19
193,면목본동,서울특별시 중랑구 봉우재로 164-1,,37.5934983381,127.0912010722,2024-03-19
194,면목본동,서울특별시 중랑구 봉우재로15가길 3,,,,2024-03-19
195,면목본동,서울특별시 중랑구 봉우재로15길 37,,,,2024-03-19
196,면목본동,서울특별시 중랑구 봉우재로15마길 22,,,,2024-03-19
197,면목본동,서울특별시 중랑구 봉우재로15마길 16,,,,2024-03-19
198,면목본동,서울특별시 중랑구 봉우재로15길 49,,,,2024-03-19
199,면목본동,서울특별시 중랑구 면목로84길 43,,37.5920990181,127.0891833257,2024-03-19
200,면목본동,서울특별시 중랑구 면목로84길 8,,37.5918415317,127.0872314136,2024-03-19
201,면목본동,서울특별시 중랑구 면목로84길 28,,37.5919064324,127.0882827028,2024-03-19
202,면목본동,서울특별시 중랑구 면목로84길 36,,37.5919081091,127.0886902142,2024-03-19
203,면목본동,서울특별시 중랑구 면목로84가길 18,,37.5911372315,127.0885555779,2024-03-19
204,면목본동,서울특별시 중랑구 면목로84가길 37,,37.5906367416,127.0879380132,2024-03-19
205,면목본동,서울특별시 중랑구 면목로78길 33,,37.5905463243,127.0889637385,2024-03-19
206,면목본동,서울특별시 중랑구 면목로84나길 11,,37.5915153574,127.0891809308,2024-03-19
207,면목본동,서울특별시 중랑구 면목로84길 50,,37.5918685778,127.0896150173,2024-03-19
208,면목본동,서울특별시 중랑구 겸재로49길 60,,37.5917147006,127.0900725013,2024-03-19
209,면목본동,서울특별시 중랑구 면목로76길 60,,37.5902747109,127.0912770761,2024-03-19
210,면목본동,서울특별시 중랑구 겸재로29길 62,,37.5904705178,127.0857208460,2024-03-19
211,면목본동,서울특별시 중랑구 면목로79길 8-31,,37.5908782681,127.0861453486,2024-03-19
212,면목본동,서울특별시 중랑구 겸재로 171,,37.5883358810,127.0865932728,2024-03-19
213,면목본동,서울특별시 중랑구 면목로79길 19-9,,37.5897515961,127.0859962911,2024-03-19
214,면목본동,서울특별시 중랑구 면목로73가길 4,,37.5890103978,127.0866698012,2024-03-19
215,면목본동,서울특별시 중랑구 면목로69길 35,,37.5870889785,127.0853827390,2024-03-19
216,면목본동,서울특별시 중랑구 겸재로40길 14-4,,37.5875972289,127.0869860899,2024-03-19
217,면목본동,서울특별시 중랑구 면목로55가길 23,,37.5856116996,127.0843961597,2024-03-19
218,면목본동,서울특별시 중랑구 봉우재로 152,,37.5932085021,127.0897737879,2024-03-19
219,면목본동,서울특별시 중랑구 면목로84길 51-6,,37.5922365231,127.0898780366,2024-03-19
220,면목본동,서울특별시 중랑구 면목로56가길 33,,37.5856746172,127.0888990665,2024-03-19
221,면목본동,서울특별시 중랑구 면목로56가길 45,,37.5861595840,127.0889488938,2024-03-19
222,면목본동,서울특별시 중랑구 면목로72길 14,,37.5876498082,127.0884926839,2024-03-19
223,면목본동,서울특별시 중랑구 면목로68길 4,,37.5870559706,127.0883637013,2024-03-19
224,면목본동,서울특별시 중랑구 면목로66길 17,,37.5866493368,127.0892232439,2024-03-19
225,면목본동,서울특별시 중랑구 면목로66길 42,,37.5863139436,127.0905819369,2024-03-19
226,면목본동,서울특별시 중랑구 면목로66길 53,,37.5864560701,127.0912319934,2024-03-19
227,면목본동,서울특별시 중랑구 겸재로54길 79,,37.5857449783,127.0916175426,2024-03-19
228,면목본동,서울특별시 중랑구 용마산로81길 53,,37.5853384914,127.0913320733,2024-03-19
229,면목본동,서울특별시 중랑구 용마산로79길 46,,37.5850542091,127.0910069031,2024-03-19
230,면목본동,서울특별시 중랑구 겸재로54길 100,,37.5848816290,127.0911753877,2024-03-19
231,면목본동,서울특별시 중랑구 용마산로79길 14,,37.5849084580,127.0927056736,2024-03-19
232,면목본동,서울특별시 중랑구 면목로58길 50,,37.5842744058,127.0911157743,2024-03-19
233,면목본동,서울특별시 중랑구 용마산로77길 22,,37.5843546658,127.0925295004,2024-03-19
234,면목본동,서울특별시 중랑구 용마산로77길 12,,37.5842778212,127.0930896028,2024-03-19
235,면목본동,서울특별시 중랑구 겸재로50나길 102,,37.5845753648,127.0932725930,2024-03-19
236,면목본동,서울특별시 중랑구 용마산로 367,,37.5846753144,127.0939172652,2024-03-19
237,면목본동,서울특별시 중랑구 겸재로504길 71,,,,2024-03-19
238,면목본동,서울특별시 중랑구 겸재로54길 59-16,,37.5865311568,127.0924619978,2024-03-19
239,면목본동,서울특별시 중랑구 겸재로54길 43,,37.5872483469,127.0918850027,2024-03-19
240,면목본동,서울특별시 중랑구 상봉로5길 29,,37.5871422471,127.0926443607,2024-03-19
241,면목본동,서울특별시 중랑구 겸재로50가길 4,,37.5884969181,127.0923775872,2024-03-19
242,면목본동,서울특별시 중랑구 상봉로 37,,37.5892333081,127.0935102890,2024-03-19
243,면목본동,서울특별시 중랑구 겸재로50나길 19,,37.5880315663,127.0935081062,2024-03-19
244,면목본동,서울특별시 중랑구 상봉로5길 38-17,,,,2024-03-19
245,면목본동,서울특별시 중랑구 겸재로54길 25-4,,37.5878828101,127.0920207437,2024-03-19
246,면목본동,서울특별시 중랑구 겸재로48길 27,,37.5875569264,127.0902637045,2024-03-19
247,면목본동,서울특별시 중랑구 겸재로48길 17,,37.5880512430,127.0902216164,2024-03-19
248,면목본동,서울특별시 중랑구 겸재로48길 7,,37.5885536746,127.0901714988,2024-03-19
249,면목2동,서울특별시 중랑구 동일로 634,,37.5870547808,127.0801869806,2024-03-19
250,면목2동,서울특별시 중랑구 겸재로23길 27,,37.5879351091,127.0808933012,2024-03-19
251,면목2동,서울특별시 중랑구 겸재로23길 32,,37.5882947692,127.0809167879,2024-03-19
252,면목2동,서울특별시 중랑구 동일로104길 3-1,,,,2024-03-19
253,면목2동,서울특별시 중랑구 봉우재로20길 29,,37.5900909523,127.0809678724,2024-03-19
254,면목2동,서울특별시 중랑구 봉우재로 72,,37.5913061661,127.0810323699,2024-03-19
255,면목2동,서울특별시 중랑구 봉우재로20가길 32,,37.5911228553,127.0826623050,2024-03-19
256,면목2동,서울특별시 중랑구 동일로102길 50,,37.5909375996,127.0828075969,2024-03-19
257,면목2동,서울특별시 중랑구 봉우재로 94-3,,37.5917281230,127.0837114680,2024-03-19
258,면목2동,서울특별시 중랑구 봉우재로 33,,37.5904657370,127.0769695772,2024-03-19
259,면목2동,서울특별시 중랑구 봉우재로20가길 51,,37.5915575956,127.0836685901,2024-03-19
260,면목2동,서울특별시 중랑구 동일로102길 23,,37.5901593801,127.0816907805,2024-03-19
261,면목2동,서울특별시 중랑구 봉우재로20길 54,,37.5890143398,127.0807295016,2024-03-19
262,면목2동,서울특별시 중랑구 동일로100길 26,,37.5885669285,127.0814848982,2024-03-19
263,면목2동,서울특별시 중랑구 동일로100길 66,,37.5900327824,127.0828659247,2024-03-19
264,면목2동,서울특별시 중랑구 봉우재로20가길 58,,37.5914471927,127.0840931840,2024-03-19
265,면목2동,서울특별시 중랑구 봉우재로26길 32,,37.5909355774,127.0847677812,2024-03-19
266,면목2동,서울특별시 중랑구 봉우재로32길 51,,37.5906505656,127.0844298162,2024-03-19
267,면목2동,서울특별시 중랑구 봉우재로32길 56,,37.5906343739,127.0840143696,2024-03-19
268,면목2동,서울특별시 중랑구 봉우재로32길 59,,37.5903013940,127.0839767439,2024-03-19
269,면목2동,서울특별시 중랑구 봉우재로32길 72,,37.5900545527,127.0834253970,2024-03-19
270,면목2동,서울특별시 중랑구 겸재로27길 31,,37.5889673498,127.0840261959,2024-03-19
271,면목2동,서울특별시 중랑구 겸재로27길 23,,37.5886284874,127.0838984385,2024-03-19
272,면목2동,서울특별시 중랑구 겸재로27길 13,,37.5881367609,127.0837220515,2024-03-19
273,면목2동,서울특별시 중랑구 겸재로27가길 29,,37.5877937193,127.0822320017,2024-03-19
274,면목2동,서울특별시 중랑구 겸재로23가길 2,,,,2024-03-19
275,면목2동,서울특별시 중랑구 겸재로23가길 32,,37.5886467539,127.0830398846,2024-03-19
276,면목2동,서울특별시 중랑구 겸재로 125,,37.5872488263,127.0816736733,2024-03-19
277,면목2동,서울특별시 중랑구 겸재로3길 9,,37.5864665084,127.0764051319,2024-03-19
278,면목2동,서울특별시 중랑구 중랑천로2길 33-2,,37.5867464647,127.0769325737,2024-03-19
279,면목2동,서울특별시 중랑구 겸재로3길 42,,37.5878030429,127.0766798167,2024-03-19
280,면목2동,서울특별시 중랑구 동일로99길 35,,37.5877701666,127.0777663770,2024-03-19
281,면목2동,서울특별시 중랑구 겸재로7길 57,,37.5886173470,127.0772522045,2024-03-19
282,면목2동,서울특별시 중랑구 겸재로9길 44,,37.5883538809,127.0783697842,2024-03-19
283,면목2동,서울특별시 중랑구 동일로101길 6-1,,,,2024-03-19
284,면목2동,서울특별시 중랑구 동일로101길 6-15,,37.5893333023,127.0791161688,2024-03-19
285,면목2동,서울특별시 중랑구 봉우재로14길 2-15,,37.5898729153,127.0776100491,2024-03-19
286,면목2동,서울특별시 중랑구 봉우재로 31-1,,37.5904005154,127.0768156356,2024-03-19
287,면목2동,서울특별시 중랑구 봉우재로2길 13-10,,37.5887255819,127.0748347639,2024-03-19
288,면목2동,서울특별시 중랑구 동일로101길 104,,37.5881173783,127.0743177459,2024-03-19
289,면목2동,서울특별시 중랑구 봉우재로2길 18,,37.5885107762,127.0742786221,2024-03-19
290,면목2동,서울특별시 중랑구 봉우재로 16,,,,2024-03-19
291,면목2동,서울특별시 중랑구 봉우재로 15,,37.5898464400,127.0749394874,2024-03-19
292,면목2동,서울특별시 중랑구 중랑천로5길 8,,37.5905025991,127.0726877326,2024-03-19
293,면목2동,서울특별시 중랑구 중랑천로 59-11,,37.5904734237,127.0725140150,2024-03-19
294,면목2동,서울특별시 중랑구 망우로26길 73,,37.5895643920,127.0728403533,2024-03-19
295,면목2동,서울특별시 중랑구 중랑천로 33,,37.5881889662,127.0735199354,2024-03-19
296,면목2동,서울특별시 중랑구 동일로109길 123,,37.5902082146,127.0734644028,2024-03-19
297,면목2동,서울특별시 중랑구 봉우재로52길 9-12,,,,2024-03-19
298,면목2동,서울특별시 중랑구 동일로109길 95-3,,37.5906839485,127.0750241149,2024-03-19
299,면목2동,서울특별시 중랑구 동일로109길 107,,37.5904055371,127.0743195681,2024-03-19
300,면목2동,서울특별시 중랑구 중랑천로8길 8,,37.5907155094,127.0736954310,2024-03-19
301,면목2동,서울특별시 중랑구 동일로109길 31-9,,37.5914302048,127.0785410400,2024-03-19
302,면목2동,서울특별시 중랑구 동일로109길 28,,,,2024-03-19
303,면목2동,서울특별시 중랑구 동일로105길 10,,37.5914577072,127.0794504017,2024-03-19
304,면목2동,서울특별시 중랑구 동일로 693,,37.5922916181,127.0799205096,2024-03-19
305,면목3.8동,서울특별시 중랑구 면목로55길 31,,37.5842221617,127.0865483156,2024-03-19
306,면목3.8동,서울특별시 중랑구 면목로55길 72,,37.5845950165,127.0842739825,2024-03-19
307,면목3.8동,서울특별시 중랑구 사가정로49길 63,,37.5837930107,127.0868047064,2024-03-19
308,면목3.8동,서울특별시 중랑구 면목로53길 12,,37.5837369706,127.0876559134,2024-03-19
309,면목3.8동,서울특별시 중랑구 사가정로51길 52,,37.5832116673,127.0879308637,2024-03-19
310,면목3.8동,서울특별시 중랑구 사가정로51길 31,,37.5823151609,127.0878342566,2024-03-19
311,면목3.8동,서울특별시 중랑구 사가정로45길 57,,37.5836177495,127.0854712717,2024-03-19
312,면목3.8동,서울특별시 중랑구 사가정로43길 47,,37.5832971947,127.0848210484,2024-03-19
313,면목3.8동,서울특별시 중랑구 사가정로41길 34,,37.5826432893,127.0845202882,2024-03-19
314,면목3.8동,서울특별시 중랑구 면목로43길 43,,37.5814461575,127.0854961866,2024-03-19
315,면목3.8동,서울특별시 중랑구 면목로43길 10,,37.5814212907,127.0873414108,2024-03-19
316,면목3.8동,서울특별시 중랑구 면목로52길 19,,37.5830469863,127.0896997690,2024-03-19
317,면목3.8동,서울특별시 중랑구 면목로44가길 45,,37.5832170582,127.0898650410,2024-03-19
318,면목3.8동,서울특별시 중랑구 면목로44가길 38,,37.5827855417,127.0900238154,2024-03-19
319,면목3.8동,서울특별시 중랑구 면목로44가길 9,,37.5816710202,127.0895406388,2024-03-19
320,면목3.8동,서울특별시 중랑구 면목로44다길 36,,37.5826765403,127.0911733777,2024-03-19
321,면목3.8동,서울특별시 중랑구 면목로44다길 60,,37.5836382507,127.0913023714,2024-03-19
322,면목3.8동,서울특별시 중랑구 면목로54길 57,,37.5833798327,127.0916681950,2024-03-19
323,면목3.8동,서울특별시 중랑구 면목로44라길 27,,37.5822837246,127.0915002001,2024-03-19
324,면목3.8동,서울특별시 중랑구 사가정로71길 26,,,,2024-03-19
325,면목3.8동,서울특별시 중랑구 면목로44길 28,,37.5808773912,127.0898226047,2024-03-19
326,면목3.8동,서울특별시 중랑구 면목로44바길 14,,37.5816739414,127.0927584957,2024-03-19
327,면목3.8동,서울특별시 중랑구 면목로56길 86,,37.5836506164,127.0932336250,2024-03-19
328,면목3.8동,서울특별시 중랑구 면목로54길 90,,,,2024-03-19
329,면목3.8동,서울특별시 중랑구 용마산로 339 ,,37.5822262805,127.0931777326,2024-03-19
330,면목3.8동,서울특별시 중랑구 용마산로 331,,37.5815182477,127.0931045072,2024-03-19
331,면목3.8동,서울특별시 중랑구 용마산로70길 20,,37.5818978875,127.0946262277,2024-03-19
332,면목3.8동,서울특별시 중랑구 용마산로70길 15-3,,37.5817364620,127.0946980269,2024-03-19
333,면목3.8동,서울특별시 중랑구 용마산로72길 16,,37.5833328253,127.0947185031,2024-03-19
334,면목3.8동,서울특별시 중랑구 용마산로96길 86,,37.5889472033,127.1019379874,2024-03-19
335,면목3.8동,서울특별시 중랑구 용마산로96길 72,,37.5891858912,127.1012924811,2024-03-19
336,면목3.8동,서울특별시 중랑구 용마산로 355,,37.5836225502,127.0934049990,2024-03-19
337,면목3.8동,서울특별시 중랑구 용마산로 60,,,,2024-03-19
338,면목3.8동,서울특별시 중랑구 용마산로94길 55,,37.5884646427,127.0998167704,2024-03-19
339,면목3.8동,서울특별시 중랑구 용마산로94길 64-48,,37.5875240198,127.0999079033,2024-03-19
340,면목3.8동,서울특별시 중랑구 용마산로94길 64-19,,37.5872406498,127.1002359799,2024-03-19
341,면목3.8동,서울특별시 중랑구 용마산로94길 98,,37.5873998509,127.1018199382,2024-03-19
342,면목3.8동,서울특별시 중랑구 용마산로86길 9-5,,37.5866276315,127.0959880303,2024-03-19
343,면목3.8동,서울특별시 중랑구 용마산로84길 9-4,,,,2024-03-19
344,면목3.8동,서울특별시 중랑구 용마산로86길 21-38,,37.5872298073,127.0972568835,2024-03-19
345,면목3.8동,서울특별시 중랑구 용마산로94가길 27,,37.5879858076,127.0969555629,2024-03-19
346,면목3.8동,서울특별시 중랑구 용마산로94가길 7,,,,2024-03-19
347,면목3.8동,서울특별시 중랑구 겸재로 252,,37.5899354883,127.0954896702,2024-03-19
348,면목3.8동,서울특별시 중랑구 용마산로 403,,37.5876641762,127.0953793208,2024-03-19
349,면목3.8동,서울특별시 중랑구 용마산로 393,,37.5870030019,127.0951882657,2024-03-19
350,면목3.8동,서울특별시 중랑구 용마산로89길 23,,37.5879849986,127.0946217051,2024-03-19
351,면목3.8동,서울특별시 중랑구 용마산로89길 10,,37.5882617284,127.0954732658,2024-03-19
352,면목3.8동,서울특별시 중랑구 겸재로64길 19,,37.5894782477,127.0961397891,2024-03-19
353,면목3.8동,서울특별시 중랑구 용마산로93길 21-9,,,,2024-03-19
354,면목3.8동,서울특별시 중랑구 용마산로93길 38,,37.5894193646,127.0946386930,2024-03-19
355,면목4동,서울특별시 중랑구 면목로34길 18,,37.5767302398,127.0868895619,2024-03-19
356,면목4동,서울특별시 중랑구 답십리로75길 64,,37.5744983128,127.0810397379,2024-03-19
357,면목4동,서울특별시 중랑구 답십리로77길 76,,37.5749840446,127.0815548846,2024-03-19
358,면목4동,서울특별시 중랑구 면목로29길 71,,37.5754569097,127.0816516234,2024-03-19
359,면목4동,서울특별시 중랑구 면목로31길 42,,37.5761913979,127.0830755218,2024-03-19
360,면목4동,서울특별시 중랑구 면목로31길 31,,37.5760353825,127.0835340531,2024-03-19
361,면목4동,서울특별시 중랑구 답십리로81길 119,,37.5764873366,127.0851518069,2024-03-19
362,면목4동,서울특별시 중랑구 면목로34길 27,,37.5769987218,127.0875186197,2024-03-19
363,면목4동,서울특별시 중랑구 면목로27길 32,,37.5751509636,127.0835381593,2024-03-19
364,면목4동,서울특별시 중랑구 면목로27길 49,,37.5746473433,127.0827198227,2024-03-19
365,면목4동,서울특별시 중랑구 면목로27다길 18,,37.5739907911,127.0828447500,2024-03-19
366,면목4동,서울특별시 중랑구 면목로23길 24,,37.5735188178,127.0828908659,2024-03-19
367,면목4동,서울특별시 중랑구 면목로27다길 36,,37.5731787435,127.0829462966,2024-03-19
368,면목4동,서울특별시 중랑구 면목로21길 29,,37.5724333930,127.0822415984,2024-03-19
369,면목4동,서울특별시 중랑구 답십리로81길 9-2,,37.5720260038,127.0826993776,2024-03-19
370,면목4동,서울특별시 중랑구 면목로21길 9,,37.5724191566,127.0832709013,2024-03-19
371,면목4동,서울특별시 중랑구 답십리로81길 66,,37.5741845861,127.0842577216,2024-03-19
372,면목4동,서울특별시 중랑구 면목로27길 7,,37.5750660355,127.0847521667,2024-03-19
373,면목4동,서울특별시 중랑구 면목로28길 17,,37.5747755608,127.0862369420,2024-03-19
374,면목4동,서울특별시 중랑구 면목로28길 27,,37.5746505607,127.0870174415,2024-03-19
375,면목4동,서울특별시 중랑구 면목로22길 36,,37.5717840426,127.0856672759,2024-03-19
376,면목4동,서울특별시 중랑구 용마산로40길 28,,37.5716792334,127.0877841827,2024-03-19
377,면목4동,서울특별시 중랑구 용마산로36길 33-3,,37.5709924441,127.0879737737,2024-03-19
378,면목4동,서울특별시 중랑구 답십리로 405,,37.5710845997,127.0854192526,2024-03-19
379,면목4동,서울특별시 중랑구 답십리로83길 4,,37.5713986115,127.0841436495,2024-03-19
380,면목4동,서울특별시 중랑구 답십리로83길 19,,37.5721504270,127.0842344882,2024-03-19
381,면목4동,서울특별시 중랑구 답십리로 365,,37.5717151834,127.0811080369,2024-03-19
382,면목4동,서울특별시 중랑구 면목로21길 47,,37.5724310062,127.0811337169,2024-03-19
383,면목4동,서울특별시 중랑구 답십리로75길 28,,37.5728915803,127.0811547057,2024-03-19
384,면목5동,서울특별시 중랑구 겸재로 92,,37.5859979109,127.0779079824,2024-03-19
385,면목5동,서울특별시 중랑구 면목동 174-8,,,,2024-03-19
386,면목5동,서울특별시 중랑구 겸재로10가길 14,,37.5857557457,127.0774643636,2024-03-19
387,면목5동,서울특별시 중랑구 동일로95가길 14,,37.5854876330,127.0790606973,2024-03-19
388,면목5동,서울특별시 중랑구 동일로95길 29,,37.5845356518,127.0779651051,2024-03-19
389,면목5동,서울특별시 중랑구 동일로95길 51,,37.5847384592,127.0767370182,2024-03-19
390,면목5동,서울특별시 중랑구 겸재로2길 23,,37.5847946327,127.0761160765,2024-03-19
391,면목5동,서울특별시 중랑구 겸재로2길 63,,37.5832507333,127.0774362945,2024-03-19
392,면목5동,서울특별시 중랑구 동일로 597,,37.5836402568,127.0794338281,2024-03-19
393,면목5동,서울특별시 중랑구 겸재로28길 16,,37.5866749889,127.0833425972,2024-03-19
394,면목5동,서울특별시 중랑구 사가정로39길 75,,37.5844861030,127.0829787673,2024-03-19
395,면목5동,서울특별시 중랑구 사가정로31길 56-7,,37.5840728330,127.0810108296,2024-03-19
396,면목5동,서울특별시 중랑구 겸재로24길 33,,37.5855340835,127.0821549047,2024-03-19
397,면목5동,서울특별시 중랑구 겸재로 118,,37.5866719291,127.0810078721,2024-03-19
398,면목7동,서울특별시 중랑구 사가정로46길 2,,37.5808063843,127.0849661903,2024-03-19
399,면목7동,서울특별시 중랑구 사가정로46길 7-15,,37.5805938119,127.0858766211,2024-03-19
400,면목7동,서울특별시 중랑구 면목로39길 44,,37.5804552476,127.0849934148,2024-03-19
401,면목7동,서울특별시 중랑구 사가정로46길 55-34,,37.5779271438,127.0843729951,2024-03-19
402,면목7동,서울특별시 중랑구 답십리로81길 136,,37.5771507311,127.0852870512,2024-03-19
403,면목7동,서울특별시 중랑구 사가정로46나길 12,,37.5776953908,127.0831274566,2024-03-19
404,면목7동,서울특별시 중랑구 면목로33길 66,,37.5765670985,127.0821944097,2024-03-19
405,면목7동,서울특별시 중랑구 답십리로77길 112,,37.5766417976,127.0814046577,2024-03-19
406,면목7동,서울특별시 중랑구 사가정로46길 108,,37.5771426495,127.0814201462,2024-03-19
407,면목7동,서울특별시 중랑구 답십리로75길 124,,37.5771605465,127.0806805896,2024-03-19
408,면목7동,서울특별시 중랑구 면목로33길 90,,37.5764619485,127.0807642869,2024-03-19
409,면목7동,서울특별시 중랑구 면목로30가길 31,,37.5770978565,127.0862601104,2024-03-19
410,면목7동,서울특별시 중랑구 사가정로54길 78,,37.5779840709,127.0863878119,2024-03-19
411,면목7동,서울특별시 중랑구 면목로38길 13,,37.5783720901,127.0869316586,2024-03-19
412,면목7동,서울특별시 중랑구 사가정로54길 31,,37.5793564802,127.0881945230,2024-03-19
413,면목7동,,서울특별시 중랑구 면목동 622-3,37.5778178593,127.0881888102,2024-03-19
414,면목7동,서울특별시 중랑구 면목로40길 51,,37.5778810646,127.0895616851,2024-03-19
415,면목7동,서울특별시 중랑구 면목로40길 41-20,,37.5781820005,127.0896751401,2024-03-19
416,면목7동,서울특별시 중랑구 사가정로64가길 22,,37.5795138369,127.0908698548,2024-03-19
417,면목7동,서울특별시 중랑구 용마산로 297-8,,37.5793852188,127.0915129551,2024-03-19
418,면목7동,서울특별시 중랑구 용마산로51길 18,,37.5791286276,127.0904454184,2024-03-19
419,면목7동,서울특별시 중랑구 사가정로 406-8,,37.5802863385,127.0897052874,2024-03-19
420,면목7동,서울특별시 중랑구 사가정로 426-6,,37.5802802507,127.0919961026,2024-03-19
421,면목7동,서울특별시 중랑구 용마산로52길 18,,37.5779633870,127.0920582331,2024-03-19
422,면목7동,서울특별시 중랑구 용마산로52길 3,,37.5785585689,127.0916138309,2024-03-19
423,면목7동,서울특별시 중랑구 용마산로58길 42,,37.5776757655,127.0928942520,2024-03-19
424,면목7동,서울특별시 중랑구 용마산로60길 20,,37.5790830084,127.0933756672,2024-03-19
425,상봉1동,서울특별시 중랑구 상봉중앙로8길 76,,37.6027047277,127.0914658652,2024-03-19
426,상봉1동,서울특별시 중랑구 상봉중앙로8길 54,,37.6025118611,127.0900136071,2024-03-19
427,상봉1동,서울특별시 중랑구 상봉중앙로8길 34-4,,37.6019647478,127.0891059787,2024-03-19
428,상봉1동,서울특별시 중랑구 상봉중앙로6길 18,,37.6008277385,127.0885734042,2024-03-19
429,상봉1동,서울특별시 중랑구 상봉중앙로8나길 28,,37.6015279851,127.0901246455,2024-03-19
430,상봉1동,서울특별시 중랑구 상봉중앙로8가길 42,,37.6005338645,127.0900824529,2024-03-19
431,상봉1동,서울특별시 중랑구 상봉중앙로8다길 20,,37.6005779664,127.0915481927,2024-03-19
432,상봉1동,서울특별시 중랑구 상봉중앙로1다길 51,,37.5998831806,127.0901855100,2024-03-19
433,상봉1동,서울특별시 중랑구 상봉중앙로1다길 21,,37.5998227882,127.0893906020,2024-03-19
434,상봉1동,서울특별시 중랑구 상봉중앙로1다길 21,,37.5998227882,127.0893906020,2024-03-19
435,상봉1동,,서울특별시 중랑구 상봉동 234-15,37.6024403043,127.0884888612,2024-03-19
436,상봉1동,서울특별시 중랑구 상봉중앙로10길 14,,37.6021854154,127.0881258878,2024-03-19
437,상봉1동,,서울특별시 중랑구 상봉동 207-15,37.6004370146,127.0865221100,2024-03-19
438,상봉1동,,서울특별시 중랑구 상봉동 200-90,37.5990424821,127.0864305393,2024-03-19
439,상봉1동,서울특별시 중랑구 상봉중앙로5다길 45,,37.5982943549,127.0866013021,2024-03-19
440,상봉1동,서울특별시 중랑구 동일로120길 127,,37.5983210428,127.0870659495,2024-03-19
441,상봉1동,서울특별시 중랑구 동일로126라길 29,,37.5976424806,127.0862423773,2024-03-19
442,상봉1동,,서울특별시 중랑구 상봉동 315-98,37.5974116797,127.0857678263,2024-03-19
443,상봉1동,,서울특별시 중랑구 상봉동 333-12,37.5969436967,127.0839268773,2024-03-19
444,상봉1동,서울특별시 중랑구 동일로126가길 11,,37.5979789522,127.0831714191,2024-03-19
445,상봉1동,,서울특별시 중랑구 상봉동 313-8,37.5974495630,127.0843393111,2024-03-19
446,상봉1동,서울특별시 중랑구 동일로126가길 11,,37.5979789522,127.0831714191,2024-03-19
447,상봉1동,서울특별시 중랑구 봉화산로30길 82,,37.5985724579,127.0850356477,2024-03-19
448,상봉1동,서울특별시 중랑구 봉화산로26가길 35-5,,37.5999132935,127.0856844572,2024-03-19
449,상봉2동,서울특별시 중랑구 상봉로23길 5,,37.5945799433,127.0927490357,2024-03-19
450,상봉2동,서울특별시 중랑구 봉우재로 163,,37.5938704597,127.0910687058,2024-03-19
451,상봉2동,서울특별시 중랑구 봉우재로 155,,37.5937461258,127.0900076902,2024-03-19
452,상봉2동,서울특별시 중랑구 봉우재로41길 11,,37.5939915150,127.0893499966,2024-03-19
453,상봉2동,서울특별시 중랑구 봉우재로33길 42-5,,37.5942233161,127.0886649935,2024-03-19
454,상봉2동,,서울특별시 중랑구 상봉동 86-16,37.5947564577,127.0914659871,2024-03-19
455,상봉2동,서울특별시 중랑구 상봉로23길 26,,37.5945059087,127.0916767458,2024-03-19
456,상봉2동,서울특별시 중랑구 망우로48길 1,,37.5967949516,127.0879070995,2024-03-19
457,상봉2동,서울특별시 중랑구 면목로 492,,37.5959045781,127.0859690615,2024-03-19
458,상봉2동,서울특별시 중랑구 봉우재로33길 63-13,,37.5954788663,127.0881587423,2024-03-19
459,상봉2동,서울특별시 중랑구 면목로94길 12,,37.5952007506,127.0865488000,2024-03-19
460,상봉2동,서울특별시 중랑구 면목로91길 6-10,,37.5949593455,127.0854765423,2024-03-19
461,상봉2동,서울특별시 중랑구 동일로116길 65-3,,37.5950538493,127.0844895958,2024-03-19
462,상봉2동,서울특별시 중랑구 망우로 290-91,,37.5959705567,127.0845610643,2024-03-19
463,상봉2동,서울특별시 중랑구 면목로95길 26,,37.5955688671,127.0839688485,2024-03-19
464,상봉2동,서울특별시 중랑구 면목로95길 38,,37.5952272426,127.0835437256,2024-03-19
465,상봉2동,서울특별시 중랑구 동일로118길 21,,37.5948076550,127.0816061811,2024-03-19
466,상봉2동,서울특별시 중랑구 면목로96길 17,,37.5961298430,127.0866848521,2024-03-19
467,상봉2동,서울특별시 중랑구 동일로118길 8,,37.5943339921,127.0808376099,2024-03-19
468,상봉2동,서울특별시 중랑구 동일로114길 29,,37.5936905380,127.0818342544,2024-03-19
469,상봉2동,,서울특별시 중랑구 상봉동 163-10,37.5927867881,127.0813047557,2024-03-19
470,상봉2동,서울특별시 중랑구 동일로110길 7,,37.5924059772,127.0806810797,2024-03-19
471,상봉2동,서울특별시 중랑구 동일로110길 29,,37.5921808937,127.0820111634,2024-03-19
472,상봉2동,서울특별시 중랑구 봉우재로 87,,37.5920529356,127.0828101914,2024-03-19
473,상봉2동,서울특별시 중랑구 면목로85길 82,,37.5924481473,127.0817234012,2024-03-19
474,상봉2동,서울특별시 중랑구 면목로85길 65,,37.5924587808,127.0826267566,2024-03-19
475,상봉2동,서울특별시 중랑구 면목로85길 12-11,,37.5936582006,127.0852594619,2024-03-19
476,상봉2동,서울특별시 중랑구 동일로112길 27,,37.5931311973,127.0824886796,2024-03-19
477,상봉2동,서울특별시 중랑구 망우로38길 9,,37.5942002455,127.0797033336,2024-03-19
478,상봉2동,서울특별시 중랑구 망우로36길 20,,37.5935449923,127.0781646180,2024-03-19
479,상봉2동,서울특별시 중랑구 중랑천로10길 87-14,,37.5933774551,127.0778203346,2024-03-19
480,상봉2동,서울특별시 중랑구 망우로36길 44,,37.5931018481,127.0794338062,2024-03-19
481,상봉2동,서울특별시 중랑구 동일로 695,,37.5924954869,127.0798252752,2024-03-19
482,상봉2동,서울특별시 중랑구 동일로109가길 10,,37.5925448210,127.0790819763,2024-03-19
483,상봉2동,서울특별시 중랑구 망우로 200,,37.5934304600,127.0751372721,2024-03-19
484,상봉2동,서울특별시 중랑구 중랑천로10길 23,,37.5920173664,127.0742484781,2024-03-19
485,신내동,서울특별시 중랑구 용마산로139나길 38-3,,37.6174011745,127.1024730442,2024-03-19
486,신내동,,서울특별시 중랑구 신내동 278-202,37.6177218513,127.1018330829,2024-03-19
487,신내동,서울특별시 중랑구 용마산로139다길 15-17,,37.6184370235,127.1012397235,2024-03-19
488,신내동,,서울특별시 중랑구 신내동 330-5,37.6156284014,127.1008786093,2024-03-19
489,신내동,,서울특별시 중랑구 신내동 351-1,37.6144622690,127.1010013469,2024-03-19
490,신내동,서울특별시 중랑구 망우로 429,,37.6002495240,127.0995979902,2024-03-19
491,신내동,,서울특별시 중랑구 망우동 537-23,37.6000182297,127.0983067288,2024-03-19
492,신내동,서울특별시 중랑구 용마산로117가길 12,,37.6005229450,127.0981274601,2024-03-19
493,신내동,서울특별시 중랑구 용마산로117가길 27,,37.6011869796,127.0976872525,2024-03-19
494,신내동,서울특별시 중랑구 망우로63길 39,,37.6012869129,127.0981055885,2024-03-19
495,신내동,서울특별시 중랑구 송림길 46-4,,37.6015521799,127.0986275346,2024-03-19
496,신내동,서울특별시 중랑구 송림길 54,,37.6018306417,127.0993130257,2024-03-19
497,신내동,서울특별시 중랑구 망우로55길 39,,37.5993704013,127.0938016576,2024-03-19
498,신내동,서울특별시 중랑구 송림길 15,,37.6002546419,127.0955877881,2024-03-19
499,신내동,서울특별시 중랑구 신내로1길 10-2,,37.5998607039,127.0963940098,2024-03-19
500,신내동,,서울특별시 중랑구 망우동 537-24,37.5994158368,127.0955993074,2024-03-19
501,신내동,서울특별시 중랑구 신내로8길 9,,37.6033067524,127.0964661771,2024-03-19
502,신내동,서울특별시 중랑구 봉화산로56길 112,,37.6040134222,127.0968776095,2024-03-19
503,신내동,서울특별시 중랑구 용마산로129나길 101,,37.6032530088,127.0988072360,2024-03-19
504,신내동,서울특별시 중랑구 용마산로125가길 34,,37.6052058500,127.0987644063,2024-03-19
505,신내동,서울특별시 중랑구 봉화산로56길 123,,37.6035504352,127.0989033224,2024-03-19
506,신내동,서울특별시 중랑구 신내로10길 21,,37.6046525687,127.0967869341,2024-03-19
507,신내동,서울특별시 중랑구 봉화산로 218,,37.6073860355,127.0970617144,2024-03-19
508,신내동,서울특별시 중랑구 용마산로129길 44,,37.6073263659,127.0985044657,2024-03-19
509,신내동,서울특별시 중랑구 봉화산로56길 51,,37.6061305519,127.0988526050,2024-03-19
510,신내동,서울특별시 중랑구 신내로12길 27,,37.6050618454,127.0968393322,2024-03-19
511,신내동,서울특별시 중랑구 봉화산로56길 80,,37.6052859344,127.0976982749,2024-03-19
512,신내동,서울특별시 중랑구 용마산로125가길 42,,37.6051498091,127.0983320624,2024-03-19
513,신내동,,서울특별시 중랑구 신내동 444-2,37.6043826086,127.0993254013,2024-03-19
514,신내동,서울특별시 중랑구 신내로14길 70,,37.6053557164,127.0994775062,2024-03-19
515,신내동,서울특별시 중랑구 용마산로129가길 10,,37.6069960349,127.0999313371,2024-03-19
516,신내동,서울특별시 중랑구 봉화산로54가길 4,,37.6077097285,127.0984065549,2024-03-19
517,신내동,서울특별시 중랑구 봉화산로 233-9,,37.6084905689,127.0986785996,2024-03-19
518,신내동,서울특별시 중랑구 신내로 126,,37.6101857585,127.0964152621,2024-03-19
519,신내동,,서울특별시 중랑구 신내동 398-6,37.6084918083,127.0971731950,2024-03-19
520,신내동,서울특별시 중랑구 신내로7가길 13,,37.6023913424,127.0951393562,2024-03-19
521,신내동,서울특별시 중랑구 신내로7가길 31,,37.6020731312,127.0934243249,2024-03-19
522,신내동,서울특별시 중랑구 신내로7다길 25,,37.6015581108,127.0928717338,2024-03-19
523,신내동,서울특별시 중랑구 신내로7다길 60-10,,37.6018445437,127.0921719049,2024-03-19
524,신내동,서울특별시 중랑구 봉화산로48길 62,,37.6034753401,127.0936542692,2024-03-19
525,신내동,서울특별시 중랑구 신내로 51,,37.6059761741,127.0947245577,2024-03-19
526,묵1동,서울특별시 중랑구 동일로144길 21-6,,37.6058546426,127.0801119144,2024-03-19
527,묵1동,서울특별시 중랑구 동일로146길 22,,37.6064078203,127.0800232663,2024-03-19
528,묵1동,서울특별시 중랑구 동일로148길 9,,37.6070120626,127.0790299060,2024-03-19
529,묵1동,서울특별시 중랑구 동일로148길 28,,37.6071631737,127.0799438933,2024-03-19
530,묵1동,서울특별시 중랑구 동일로148길 8,,,,2024-03-19
531,묵1동,서울특별시 중랑구 동일로148길 2,,,,2024-03-19
532,묵1동,서울특별시 중랑구 동일로146길 36,,37.6064564717,127.0806879860,2024-03-19
533,묵1동,서울특별시 중랑구 동일로144길 31-5,,37.6060896200,127.0805102402,2024-03-19
534,묵1동,서울특별시 중랑구 동일로146길 47,,37.6068460264,127.0812615709,2024-03-19
535,묵1동,서울특별시 중랑구 동일로148나길 4,,37.6076309893,127.0811002475,2024-03-19
536,묵1동,서울특별시 중랑구 동일로148나길 15,,37.6081774885,127.0808974382,2024-03-19
537,묵1동,서울특별시 중랑구 동일로154길 52,,37.6091488747,127.0811167320,2024-03-19
538,묵1동,서울특별시 중랑구 동일로152길 37,,37.6087665526,127.0803738231,2024-03-19
539,묵1동,서울특별시 중랑구 동일로152길 29,,37.6087190880,127.0799500888,2024-03-19
540,묵1동,서울특별시 중랑구 동일로152길 17,,37.6086314726,127.0793408025,2024-03-19
541,묵1동,서울특별시 중랑구 동일로154길 15-14,,37.6096920762,127.0791333125,2024-03-19
542,묵1동,서울특별시 중랑구 동일로160길 4,,37.6106383320,127.0781310854,2024-03-19
543,묵1동,서울특별시 중랑구 동일로160길 19,,37.6108695436,127.0789166531,2024-03-19
544,묵1동,서울특별시 중랑구 동일로156길 23-6,,37.6104725790,127.0794373276,2024-03-19
545,묵1동,서울특별시 중랑구 동일로154길 47-24,,37.6102821133,127.0807597329,2024-03-19
546,묵1동,서울특별시 중랑구 동일로156길 69,,37.6106080567,127.0817259399,2024-03-19
547,묵1동,서울특별시 중랑구 동일로156길 63-13,,37.6110858720,127.0811735392,2024-03-19
548,묵1동,서울특별시 중랑구 동일로160길 49,,37.6112429393,127.0804793262,2024-03-19
549,묵1동,서울특별시 중랑구 동일로160길 39,,37.6111499131,127.0800141899,2024-03-19
550,묵1동,서울특별시 중랑구 공릉로2길 28-7,,37.6116752208,127.0797018195,2024-03-19
551,묵1동,서울특별시 중랑구 공릉로24나길 13,,,,2024-03-19
552,묵1동,서울특별시 중랑구 공릉로4길 21,,37.6133011852,127.0792407705,2024-03-19
553,묵1동,서울특별시 중랑구 공릉로2가길 15-6,,37.6128263651,127.0784302296,2024-03-19
554,묵1동,서울특별시 중랑구 동일로154길 41,,37.6093242446,127.0805358115,2024-03-19
555,묵1동,서울특별시 중랑구 공릉로4길 4-3,,37.6131023168,127.0784620058,2024-03-19
556,묵1동,서울특별시 중랑구 공릉로2가길 28-3,,37.6135052727,127.0789516046,2024-03-19
557,묵1동,서울특별시 중랑구 숙선옹주로 18-6,,37.6146655510,127.0785685299,2024-03-19
558,묵1동,서울특별시 중랑구 공릉로2나길 49,,37.6143123354,127.0791499876,2024-03-19
559,묵1동,서울특별시 중랑구 공릉로2나길 34,,37.6135497277,127.0795683595,2024-03-19
560,묵1동,서울특별시 중랑구 공릉로2다길 32,,37.6135660381,127.0807584139,2024-03-19
561,묵1동,서울특별시 중랑구 공릉로2라길 37,,37.6140316969,127.0811118420,2024-03-19
562,묵1동,서울특별시 중랑구 숙선옹주로5길 10-9,,37.6150129007,127.0810717931,2024-03-19
563,묵1동,서울특별시 중랑구 숙선옹주로3길 20-33,,37.6150078252,127.0803251544,2024-03-19
564,묵1동,서울특별시 중랑구 숙선옹주로5길 15-8,,37.6153643022,127.0805219378,2024-03-19
565,묵1동,서울특별시 중랑구 숙선옹주로5길 15-4,,37.6153003884,127.0807032045,2024-03-19
566,묵1동,서울특별시 중랑구 숙선옹주로5길 14-6,,37.6152089754,127.0813052162,2024-03-19
567,묵1동,서울특별시 중랑구 공릉로12길 45-4,,37.6158124248,127.0817435283,2024-03-19
568,묵1동,서울특별시 중랑구 공릉로12길 33,,37.6160716577,127.0809321540,2024-03-19
569,묵1동,서울특별시 중랑구 공릉로12가길 25,,37.6171053522,127.0808140046,2024-03-19
570,묵1동,서울특별시 중랑구 공릉로12가길 52-19,,37.6173679547,127.0833264401,2024-03-19
571,묵1동,서울특별시 중랑구 공릉로18길 72,,37.6181325211,127.0829597378,2024-03-19
572,묵1동,서울특별시 중랑구 신내로25가길 20,,37.6187900635,127.0843554928,2024-03-19
573,묵1동,서울특별시 중랑구 신내로25가길 12,,37.6191526225,127.0843532972,2024-03-19
574,묵1동,서울특별시 중랑구 신내로23길 9,,37.6190682757,127.0867345839,2024-03-19
575,묵1동,서울특별시 중랑구 공릉로12가길 59,,37.6179044899,127.0825618008,2024-03-19
576,묵1동,서울특별시 중랑구 공릉로14길 44,,37.6177507719,127.0816689681,2024-03-19
577,묵1동,서울특별시 중랑구 공릉로16길 42,,37.6181435128,127.0814077479,2024-03-19
578,묵1동,서울특별시 중랑구 공릉로16길 26,,37.6180181931,127.0804770006,2024-03-19
579,묵1동,서울특별시 중랑구 공릉로14길 8-10,,37.6170578036,127.0798528856,2024-03-19
580,묵1동,서울특별시 중랑구 중랑역로53길 9,,37.6167432045,127.0780636233,2024-03-19
581,묵1동,서울특별시 중랑구 중랑역로49길 10,,37.6163481712,127.0771656939,2024-03-19
582,묵2동,서울특별시 중랑구 중랑천로 254,,37.6072963912,127.0734892470,2024-03-19
583,묵2동,서울특별시 중랑구 중랑천로 362-7,,37.6160129553,127.0754288808,2024-03-19
584,묵2동,서울특별시 중랑구 동일로 957-5,,37.6156458604,127.0757606015,2024-03-19
585,묵2동,서울특별시 중랑구 동일로163길 17-5,,37.6117044657,127.0763513236,2024-03-19
586,묵2동,서울특별시 중랑구 동일로157길 8,,37.6099952006,127.0773184808,2024-03-19
587,묵2동,서울특별시 중랑구 동일로154나길 31,,,,2024-03-19
588,묵2동,서울특별시 중랑구 동일로157가길 34,,37.6083929507,127.0774876085,2024-03-19
589,묵2동,서울특별시 중랑구 동일로 151길 29,,37.6079165358,127.0763381647,2024-03-19
590,묵2동,서울특별시 중랑구 동일로157다길 6,,37.6092916721,127.0752841481,2024-03-19
591,묵2동,서울특별시 중랑구 중랑역로 196,,37.6109202947,127.0761349933,2024-03-19
592,묵2동,서울특별시 중랑구 중랑역로 212,,37.6123808114,127.0759737282,2024-03-19
593,묵2동,서울특별시 중랑구 중랑역로 230,,37.6139931213,127.0755671722,2024-03-19
594,묵2동,서울특별시 중랑구 중랑역로4길 16,,,,2024-03-19
595,묵2동,서울특별시 중랑구 중랑천로 346,,37.6153881796,127.0739106238,2024-03-19
596,묵2동,서울특별시 중랑구 동일로169길 52,,37.6136680320,127.0737355179,2024-03-19
597,묵2동,서울특별시 중랑구 중랑역로 221,,37.6131039647,127.0753808648,2024-03-19
598,묵2동,서울특별시 중랑구 중랑역로43길 3-7,,37.6123498477,127.0753643605,2024-03-19
599,묵2동,서울특별시 중랑구 중랑역로43길 8,,37.6127308977,127.0750473903,2024-03-19
600,묵2동,서울특별시 중랑구 중랑역로43길 6-19,,37.6129752654,127.0745900636,2024-03-19
601,묵2동,서울특별시 중랑구 중랑역로43길 21,,37.6124182256,127.0743816759,2024-03-19
602,묵2동,서울특별시 중랑구 동일로163길 55,,37.6116189610,127.0742344367,2024-03-19
603,묵2동,서울특별시 중랑구 동일로163길 66,,37.6117656825,127.0735943316,2024-03-19
604,묵2동,서울특별시 중랑구 봉화산로3길 204,,37.6107642746,127.0743906748,2024-03-19
605,묵2동,서울특별시 중랑구 동일로157라길 27,,37.6108472239,127.0750103877,2024-03-19
606,묵2동,서울특별시 중랑구 동일로157길 46,,37.6097595215,127.0751966201,2024-03-19
607,묵2동,서울특별시 중랑구 동일로157길 53,,37.6094577768,127.0746342311,2024-03-19
608,묵2동,서울특별시 중랑구 봉화산로3길 161,,37.6087613556,127.0744227694,2024-03-19
609,묵2동,서울특별시 중랑구 동일로151길 52,,37.6079476969,127.0750947937,2024-03-19
610,묵2동,서울특별시 중랑구 동일로151길 79,,37.6075984433,127.0735689341,2024-03-19
611,묵2동,서울특별시 중랑구 중랑천로56길 2,,37.6083098513,127.0733006580,2024-03-19
612,묵2동,서울특별시 중랑구 봉화산로3길 147-4,,37.6083070386,127.0744832470,2024-03-19
613,묵2동,서울특별시 중랑구 중랑천로 240,,37.6060789101,127.0737361800,2024-03-19
614,묵2동,서울특별시 중랑구 중랑천로 244,,37.6063772664,127.0736743000,2024-03-19
615,묵2동,서울특별시 중랑구 중랑역로 143-1,,37.6062904250,127.0766238189,2024-03-19
