연번,관리단체,행정동,설치장소,위도,경도
1,(사)열린정보장애인협회,송파1동,송파동 18-3,37.506659051679726,127.10801000757587
2,(사)열린정보장애인협회,송파1동,송파동 22-6,37.510190298,127.109457691
3,(사)열린정보장애인협회,송파1동,송파동 21-11,37.507608279,127.106755185
4,(사)열린정보장애인협회,송파1동,송파동 20-5,37.507995126,127.107526228
5,(사)열린정보장애인협회,송파1동,송파동 23-16,37.50785247684778,127.1083520436502
6,(사)열린정보장애인협회,송파1동,송파동 22-21,37.50789732455189,127.10905644481497
7,(사)열린정보장애인협회,송파1동,송파동 16-4,37.504457340,127.112090265
8,(사)열린정보장애인협회,송파1동,송파동 15-6,37.500090795,127.115885064
9,(사)열린정보장애인협회,송파1동,송파동 13-16,37.505714300,127.110805848
10,(사)열린정보장애인협회,송파1동,송파동 15-1,37.508607768,127.108844391
11,(사)열린정보장애인협회,송파1동,송파동 30-7,37.50946316009353,127.10616533681636
12,(사)열린정보장애인협회,송파1동,송파동 31-2,37.51069430723956,127.10696008888053
13,(사)열린정보장애인협회,송파1동,송파동 37-11,37.501929648,127.115264420
14,(사)열린정보장애인협회,송파1동,송파동 36-16,37.509222781,127.106886208
15,(사)열린정보장애인협회,송파1동,송파동 26-7,37.508594661,127.106991165
16,(사)열린정보장애인협회,송파1동,송파동 30-1,37.50975432827622,127.10653872545888
17,(사)열린정보장애인협회,송파1동,송파동 57-8,37.51128916354355,127.10817528414879
18,(사)열린정보장애인협회,송파1동,송파동 55-2,37.51064841063857,127.1090864035267
19,(사)열린정보장애인협회,송파1동,송파동 54-4,37.51068508649381,127.10938231523781
20,(사)열린정보장애인협회,송파1동,송파동 54-8,37.51030666012241,127.10908433867637
21,(사)열린정보장애인협회,송파1동,송파동 39-11,37.50968326161282,127.10849732419302
22,(사)열린정보장애인협회,송파1동,송파동 53-9,37.51007057502943,127.1093667279367
23,(사)열린정보장애인협회,송파1동,송파동 40-9,37.509538575570616,127.1090870404175
24,(사)열린정보장애인협회,송파1동,송파동 41-9,37.508622089324504,127.10885043664723
25,(사)열린정보장애인협회,송파1동,송파동 43-12,37.50915870171268,127.10955499700455
26,(사)열린정보장애인협회,송파1동,송파동 51-6,37.50983157690643,127.1101094241283
27,(사)열린정보장애인협회,송파1동,송파동 48-15,37.51039283426206,127.11096029010727
28,(사)열린정보장애인협회,송파1동,송파동 49-3,37.510044221627034,127.11132234993494
29,(사)열린정보장애인협회,송파1동,송파동 137-11,37.50900216948968,127.11261298428336
30,(사)열린정보장애인협회,송파1동,송파동 136-19,37.509337458807565,127.11238650167344
31,(사)열린정보장애인협회,송파1동,송파동 133-13,37.508146091093636,127.11155972032807
32,(사)열린정보장애인협회,송파1동,송파동 133-3,37.507739778930826,127.11122869283417
33,(사)열린정보장애인협회,송파1동,송파동 134-1,37.50832122921615,127.11133448060987
34,(사)열린정보장애인협회,송파1동,송파동 128-17,37.507090442157036,127.11403897817596
35,(사)열린정보장애인협회,송파1동,송파동 139-18,37.50841896291365,127.11346652566309
36,(사)열린정보장애인협회,송파1동,송파동 144-4,37.507738568284935,127.11430208959146
37,(사)열린정보장애인협회,송파1동,송파동 143-2,37.50715472998289,127.11609233692148
38,(사)열린정보장애인협회,송파1동,송파동 145-10,37.507365076289744,127.11503139938503
39,(사)열린정보장애인협회,송파1동,송파동 94-35,37.503109936216184,127.11231772404248
40,(사)열린정보장애인협회,송파1동,송파동 94-29,37.50322008844607,127.11169435621986
41,(사)열린정보장애인협회,송파1동,송파동 93-10,37.50428503401349,127.11077446362793
42,(사)열린정보장애인협회,송파1동,송파동 91-21,37.504512323744635,127.11015948322755
43,(사)열린정보장애인협회,송파1동,송파동 95-5,37.50363693957476,127.11056308974301
44,(사)열린정보장애인협회,송파1동,송파동 90-8,37.50333610129148,127.10969900151471
45,(사)열린정보장애인협회,송파1동,송파동 89-10,37.50423842872817,127.10853840820559
46,(사)열린정보장애인협회,송파1동,송파동 86-4,37.50474217155873,127.10834735828075
47,(사)열린정보장애인협회,송파1동,송파동 84-6,37.50540081370262,127.10825396423462
48,(사)열린정보장애인협회,송파1동,송파동 111-2,37.506133377679575,127.11123573450698
49,(사)열린정보장애인협회,송파1동,송파동 116-10,37.50681460535526,127.11163011800356
50,(사)열린정보장애인협회,송파1동,송파동 106-3,37.503951548920526,127.11206590859868
51,(사)열린정보장애인협회,송파1동,송파동 110-7,37.50504905285439,127.11184098368605
52,(사)열린정보장애인협회,송파1동,송파동 110-18,37.504297046875394,127.11215125858061
53,(사)열린정보장애인협회,송파1동,송파동 110-15,37.50452349479552,127.11247686561583
54,(사)열린정보장애인협회,송파1동,송파동 110-20,37.504778249026465,127.11240429213112
55,(사)열린정보장애인협회,송파1동,송파동 109-1,37.50517997319934,127.11128675414386
56,(사)열린정보장애인협회,송파1동,송파동 104-1,37.50376727731892,127.11355063266609
57,(사)열린정보장애인협회,송파1동,송파동 105-1,37.50414879031576,127.11295844446951
58,(사)열린정보장애인협회,송파1동,송파동 118-17,37.50565398775302,127.11253140287732
59,(사)열린정보장애인협회,송파1동,송파동 117-11,37.505865128204135,127.11215800728735
60,(사)열린정보장애인협회,송파1동,송파동 130-2,37.507137286552435,127.11207644659564
61,(사)열린정보장애인협회,송파1동,송파동 128-13,37.506839204023976,127.11368795972501
62,(사)열린정보장애인협회,송파1동,송파동 128-15,37.50688001101696,127.11389090994298
63,(사)열린정보장애인협회,송파1동,송파동 128-5,37.507281064862134,127.11418812872853
64,(사)열린정보장애인협회,송파1동,송파동 143-6,37.506866684437966,127.11566785190004
65,(사)열린정보장애인협회,송파2동,송파동 148-3,37.50593579830076,127.11763888000327
66,(사)열린정보장애인협회,송파2동,송파동 150-2,37.50639230464995,127.11674895984407
67,(사)열린정보장애인협회,송파2동,송파동 146-3,37.50649780236081,127.11627726004832
68,(사)열린정보장애인협회,송파2동,송파동 150-7,37.5068806106358,127.117059836032
69,(사)열린정보장애인협회,송파2동,송파동 149-1,37.50636494872383,127.11705209747385
70,(사)열린정보장애인협회,송파2동,송파동 148-1,37.506564440228395,127.11775614076339
71,(사)열린정보장애인협회,송파2동,송파동 147-9,37.50668154489928,127.1181655096306
72,(사)열린정보장애인협회,송파2동,송파동 148-6,37.50592109580387,127.11737458088056
73,(사)열린정보장애인협회,송파2동,송파동 152-1,37.50397622177749,127.11522021981044
74,(사)열린정보장애인협회,송파2동,송파동 103-10,37.50416434774539,127.11463724184608
75,(사)열린정보장애인협회,송파2동,송파동 102-25,37.502775573015406,127.11377453808639
76,(사)열린정보장애인협회,송파2동,송파동 101-6,37.50249998497145,127.11411799655787
77,(사)열린정보장애인협회,송파2동,송파동 100-6,37.50260607479928,127.11464549958828
78,(사)열린정보장애인협회,송파2동,송파동 177-10,37.50200648558348,127.11481052902144
79,(사)열린정보장애인협회,송파2동,송파동 180-1,37.50116531808412,127.11504243876912
80,(사)열린정보장애인협회,송파2동,송파동 173-13,37.5017559854523,127.115850569609
81,(사)열린정보장애인협회,송파2동,송파동 176-6,37.502018151952875,127.11559507124065
82,(사)열린정보장애인협회,송파2동,송파동 175-3,37.50284315577406,127.11562710439605
83,(사)열린정보장애인협회,송파2동,송파동 173-2,37.50195685096597,127.11667815060109
84,(사)열린정보장애인협회,송파2동,송파동 180-15,37.50099803434409,127.11540077675761
85,(사)열린정보장애인협회,송파2동,송파동 182-3,37.50055994438796,127.11587595947985
86,(사)열린정보장애인협회,송파2동,송파동 183-18,37.500358931525426,127.11658248282129
87,(사)열린정보장애인협회,송파2동,송파동 186-6,37.4993835806194,127.114057502884
88,(사)열린정보장애인협회,송파2동,송파동 187-11,37.4995980910864,127.11512102119019
89,(사)열린정보장애인협회,송파2동,송파동 189-1,37.499954343848415,127.11526398293279
90,(사)열린정보장애인협회,송파2동,송파동 189-10,37.50013403129396,127.11523403902838
91,(사)열린정보장애인협회,송파2동,송파동 189-7,37.4999537801192,127.11496000031552
92,(사)열린정보장애인협회,송파2동,송파동 189-5,37.49986567555375,127.11472342760122
93,(사)열린정보장애인협회,송파2동,송파동 180-4,37.50101805702627,127.11461229018633
94,(사)열린정보장애인협회,송파2동,송파동 194-1,37.50042242058717,127.11274604030325
95,(사)열린정보장애인협회,송파2동,송파동 97-47,37.501299533479695,127.11224307467404
96,(사)열린정보장애인협회,송파2동,송파동 97-53,37.50146941832476,127.11227715445193
97,(사)열린정보장애인협회,송파2동,송파동 103-35,37.50247912069227,127.11241647949062
98,(사)열린정보장애인협회,송파2동,송파동 103-13,37.502731639101754,127.11288122895527
99,(사)열린정보장애인협회,송파2동,송파동 149-7,37.50635998965493,127.1172936281176
100,(사)열린정보장애인협회,풍납1동,풍납동 96-2,37.540054335899804,127.11956912086217
101,(사)열린정보장애인협회,풍납1동,풍납동 95-2,37.5397461664702,127.119336622332
102,(사)열린정보장애인협회,풍납1동,풍납동 80-35,37.538815706275415,127.12078827019431
103,(사)열린정보장애인협회,풍납1동,풍납동 76-8,37.53862960494085,127.12184898855798
104,(사)열린정보장애인협회,풍납1동,풍납동 475-8,37.53727217406776,127.12199868768539
105,(사)열린정보장애인협회,풍납1동,풍납동 488-4,37.534975566887084,127.12104076933404
106,(사)열린정보장애인협회,풍납1동,풍납동 150-33,37.5364552090838,127.120368008505
107,(사)열린정보장애인협회,풍납1동,풍납동 166-8,37.53504921622848,127.11914367840771
108,(사)열린정보장애인협회,풍납1동,풍납동 163-10,37.53468246292172,127.11873266485637
109,(사)열린정보장애인협회,풍납1동,풍납동 163-5,37.53414420450437,127.11836053133408
110,(사)열린정보장애인협회,풍납1동,풍납동 137-8,37.535610236874504,127.11721093640465
111,(사)열린정보장애인협회,풍납1동,풍납동 126-160,37.53606929658454,127.11642025258547
112,(사)열린정보장애인협회,풍납1동,풍납동 126-141,37.536179301633354,127.116374001541
113,(사)열린정보장애인협회,풍납1동,풍납동 176-16,37.5359871936318,127.115440632236
114,(사)열린정보장애인협회,풍납1동,풍납동 124-17,37.53807833157202,127.11643690920494
115,(사)열린정보장애인협회,풍납1동,풍납동 126-91,37.53724839057982,127.11659289771245
116,(사)열린정보장애인협회,풍납2동,풍납동 333-20,37.52765662404421,127.1138695227227
117,(사)열린정보장애인협회,풍납2동,풍납동 403-2,37.52892535482213,127.11600157967712
118,(사)열린정보장애인협회,풍납2동,풍납동 399-1,37.52832573500971,127.11670080859173
119,(사)열린정보장애인협회,풍납2동,풍납동 400-1,37.52800774880393,127.11750583382491
120,(사)열린정보장애인협회,풍납2동,풍납동 408-1,37.53023458137713,127.11784007947679
121,(사)열린정보장애인협회,풍납2동,풍납동 411-1,37.53064241668361,127.11780302482579
122,(사)열린정보장애인협회,풍납2동,풍납동 339-1,37.530584016493734,127.1186694762218
123,(사)열린정보장애인협회,풍납2동,풍납동 503-2,37.53138985262475,127.11934805868498
124,(사)열린정보장애인협회,풍납2동,풍납동 157-5,37.532502630166604,127.11920340446255
125,(사)열린정보장애인협회,풍납2동,풍납동 156-16,37.53314810296931,127.11949733209039
126,(사)열린정보장애인협회,풍납2동,풍납동 231-39,37.53357533541194,127.11773069003848
127,(사)열린정보장애인협회,풍납2동,풍납동 159-30,37.5336130526521,127.118896689789
128,(사)열린정보장애인협회,풍납2동,풍납동 232-1,37.53254512649657,127.11786336700999
129,(사)열린정보장애인협회,풍납2동,풍납동 200-21,37.53537919985833,127.11516260790196
130,(사)열린정보장애인협회,풍납2동,풍납동 257-13,37.529929895108495,127.1150121137138
131,(사)열린정보장애인협회,풍납2동,풍납동 281-22,37.5324931363536,127.114213010231
132,(사)열린정보장애인협회,풍납2동,풍납동 279-10,37.5332974614539,127.11398682798472
133,(사)열린정보장애인협회,풍납2동,풍납동 220-8,37.534735803948124,127.11490551251669
134,(사)열린정보장애인협회,풍납2동,풍납동 202-31,37.53496972976293,127.1146641519139
135,(사)열린정보장애인협회,풍납2동,풍납동 280-20,37.53317813148527,127.11293333908017
136,(사)열린정보장애인협회,풍납2동,풍납동 290-3,37.53480881605314,127.11304015572287
137,(사)열린정보장애인협회,가락본동,가락동 118-8,37.492253499892655,127.12353183548683
138,(사)열린정보장애인협회,가락본동,가락동 118-9,35.202705748,128.889691738
139,(사)열린정보장애인협회,가락본동,가락동 109-13,34.970341153,128.068617327
140,(사)열린정보장애인협회,가락본동,가락동 109-14,37.49115548928131,127.12397447255768
141,(사)열린정보장애인협회,가락본동,가락동 109-11,37.49137292688884,127.12438298104266
142,(사)열린정보장애인협회,가락본동,가락동 118-1,35.204876948,128.906594237
143,(사)열린정보장애인협회,가락본동,가락동 93-9,37.49880506055457,127.11741086678315
144,(사)열린정보장애인협회,가락본동,가락동 71-1,35.212877978,128.909679514
145,(사)열린정보장애인협회,가락본동,가락동 74-11,37.49714920563718,127.12033866369529
146,(사)열린정보장애인협회,가락본동,가락동 35-7,37.50003726572635,127.12500684908645
147,(사)열린정보장애인협회,가락본동,가락동 38-7,37.497452966,127.126268408
148,(사)열린정보장애인협회,가락본동,가락동 38-3,35.159200520,128.892598764
149,(사)열린정보장애인협회,가락본동,가락동 38-5,37.497533775,127.126154924
150,(사)열린정보장애인협회,가락본동,가락동 15-1,37.498535484,127.118014682
151,(사)열린정보장애인협회,가락본동,가락동 17-9,37.492472550,127.131736968
152,(사)열린정보장애인협회,가락본동,가락동 6-11,37.494874568,127.117699755
153,(사)열린정보장애인협회,가락본동,가락동 6-6,37.495104840,127.117476500
154,(사)열린정보장애인협회,가락본동,가락동 20-16,35.215229453,128.912687533
155,(사)열린정보장애인협회,가락본동,가락동 6-5,37.500956966,127.128296336
156,(사)열린정보장애인협회,가락2동,가락동 194-34,37.494262891931825,127.13148486796143
157,(사)열린정보장애인협회,가락2동,가락동 194-26,37.4940033620846,127.13193649508077
158,(사)열린정보장애인협회,가락2동,가락동 196-3,35.209610193,128.913733420
159,(사)열린정보장애인협회,가락2동,가락동 196-8,37.492834976790995,127.13108997786165
160,(사)열린정보장애인협회,가락2동,가락동 188-17,37.4949192011388,127.134432593103
161,(사)열린정보장애인협회,가락2동,가락동 181-4,37.49419862478748,127.13606012326292
162,(사)열린정보장애인협회,가락2동,가락동 181-10,37.49480244755736,127.13529037515897
163,(사)열린정보장애인협회,가락2동,가락동 177-13,37.49459803743517,127.13768007531175
164,(사)열린정보장애인협회,가락2동,가락동 177-16,37.49434202314062,127.13743389202502
165,(사)열린정보장애인협회,가락2동,가락동 177-2,37.494021802141454,127.13704687053814
166,(사)열린정보장애인협회,가락2동,가락동 175-21,37.49592038373797,127.13595910907284
167,(사)열린정보장애인협회,가락2동,가락동 175-26,37.49547086391594,127.13540055796047
168,(사)열린정보장애인협회,가락2동,가락동 151-29,37.4977178117099,127.126102146211
169,(사)열린정보장애인협회,가락2동,가락동 146-6,37.49584360373565,127.12476431599183
170,(사)열린정보장애인협회,가락2동,가락동 135-1,37.493235031114736,127.12741350348574
171,(사)열린정보장애인협회,가락2동,가락동 131-11,37.49381282844298,127.12615102973697
172,(사)열린정보장애인협회,가락2동,가락동 125-8,35.029532877,126.724319694
173,(사)열린정보장애인협회,가락2동,가락동 141-6,37.494516266463506,127.12672134298936
174,(사)열린정보장애인협회,가락2동,가락동 133-1,35.029023669,126.725403486
175,(사)열린정보장애인협회,가락2동,가락동 153-3,37.49785385935199,127.12708851773942
176,(사)열린정보장애인협회,가락2동,가락동 131-1,37.49396832849816,127.12658938141894
177,(사)열린정보장애인협회,가락2동,가락동 144-1,37.495871716232415,127.12532331022086
178,(사)열린정보장애인협회,가락2동,가락동 164-2,35.1860292921457,128.899737269193
179,(사)열린정보장애인협회,가락2동,가락동 198-13,37.4920835081777,127.13185879737807
180,(사)열린정보장애인협회,가락2동,가락동 197-20,37.49349634197601,127.13318009990058
181,(사)열린정보장애인협회,가락2동,가락동 197-8,37.49248378087283,127.13173302767743
182,(사)열린정보장애인협회,가락2동,가락동 196-1,37.49363395541398,127.13221862810443
183,(사)열린정보장애인협회,가락2동,가락동 196-3,35.209610193,128.913733420
184,(사)열린정보장애인협회,가락2동,가락동 196-9,37.492759392653085,127.13099861590817
185,(사)열린정보장애인협회,가락2동,가락동 196-4,37.49311555776303,127.13150799351038
186,(사)열린정보장애인협회,가락2동,가락동 194-31,37.4942218796974,127.131661428319
187,(사)열린정보장애인협회,가락2동,가락동 194-26,37.4940033620846,127.13193649508077
188,(사)열린정보장애인협회,가락2동,가락동 190-1,37.49465690716761,127.13359422245483
189,(사)열린정보장애인협회,가락2동,가락동 174-16,37.496760155270664,127.13615144706966
190,(사)열린정보장애인협회,가락2동,가락동 173-1,37.49653109885663,127.1335730352801
191,(사)열린정보장애인협회,가락2동,가락동 171-6,37.4969093562673,127.133547426445
192,(사)열린정보장애인협회,가락2동,가락동 181-3,37.4941125427526,127.13617133246953
193,(사)열린정보장애인협회,가락2동,가락동 171-13,37.4975788384402,127.134232222858
194,(사)열린정보장애인협회,가락2동,가락동 175-21,37.49592038373797,127.13595910907284
195,(사)열린정보장애인협회,가락2동,가락동 175-26,37.49547086391594,127.13540055796047
196,(사)열린정보장애인협회,가락2동,가락동 185-1,37.49377041712296,127.13503425826819
197,(사)열린정보장애인협회,오금동,오금동 124-4,37.50439105061767,127.13725750547995
198,(사)열린정보장애인협회,오금동,오금동 125-5,37.50401488318839,127.13739101503818
199,(사)열린정보장애인협회,오금동,오금동 126-2,37.5035327996561,127.13762314218528
200,(사)열린정보장애인협회,오금동,오금동 127-1,37.328274907,127.637240081
201,(사)열린정보장애인협회,오금동,오금동 127-4,37.502776671664094,127.13735846937632
202,(사)열린정보장애인협회,오금동,오금동 128-1,37.502375816593386,127.13738639390661
203,(사)열린정보장애인협회,오금동,오금동 128-3,37.50205798600474,127.13747548309848
204,(사)열린정보장애인협회,오금동,오금동 140-3,37.50179323421729,127.13872139202998
205,(사)열린정보장애인협회,오금동,오금동 139-1,37.501491628273634,127.13895126922078
206,(사)열린정보장애인협회,오금동,오금동 139-6,37.50194349070164,127.13921177494485
207,(사)열린정보장애인협회,오금동,오금동 137-5,37.50089590979894,127.1398798699174
208,(사)열린정보장애인협회,오금동,오금동 138-9,37.5013650512188,127.139131908497
209,(사)열린정보장애인협회,오금동,오금동 145-7,37.49950972552974,127.14057181551111
210,(사)열린정보장애인협회,오금동,오금동 145-5,37.49930992045326,127.14090028279756
211,(사)열린정보장애인협회,오금동,오금동 144-1,37.49991145480756,127.13988875204677
212,(사)열린정보장애인협회,오금동,오금동 143-5,37.500186555184825,127.13939580538218
213,(사)열린정보장애인협회,오금동,오금동 142-5,37.5006792585899,127.13829471337841
214,(사)열린정보장애인협회,오금동,오금동 150-4,37.50104805703542,127.13755873461409
215,(사)열린정보장애인협회,오금동,오금동 147-12,37.49926230723442,127.13986159746635
216,(사)열린정보장애인협회,오금동,오금동 157-15,37.49868768308161,127.13991074205848
217,(사)열린정보장애인협회,오금동,오금동 122-5,37.50526948515598,127.13720942127905
218,(사)열린정보장애인협회,오금동,오금동 122-6,37.50512109158652,127.13721975471054
219,(사)열린정보장애인협회,오금동,오금동 125-3,37.504181003889656,127.13727735893318
220,(사)열린정보장애인협회,오금동,오금동 126-2,37.5035327996561,127.13762314218528
221,(사)열린정보장애인협회,오금동,오금동 127-3,37.329217029,127.638707988
222,(사)열린정보장애인협회,오금동,오금동 52-25,37.504729911645896,127.13430242413486
223,(사)열린정보장애인협회,오금동,오금동 52-9,37.503965896178684,127.13330737747135
224,(사)열린정보장애인협회,오금동,오금동 72-8,37.50446628077221,127.13497539513844
225,(사)열린정보장애인협회,오금동,오금동 58-1,37.50196887288409,127.13375331076699
226,(사)열린정보장애인협회,오금동,오금동 60-7,37.50149466505661,127.13531164117994
227,(사)열린정보장애인협회,오금동,오금동 80-1,37.50562035216877,127.13342555673239
228,(사)열린정보장애인협회,오금동,오금동 61-1,37.362378009,126.946809119
229,(사)열린정보장애인협회,오금동,오금동 60-5,37.50168127950022,127.13511012632205
230,(사)열린정보장애인협회,오금동,오금동 63-6,37.339412211,127.649588696
231,(사)열린정보장애인협회,오금동,오금동 55-7,37.369642590,126.940494011
232,(사)열린정보장애인협회,오금동,오금동 80-13,37.50551709393744,127.13298559234994
233,(사)열린정보장애인협회,오금동,오금동 90-13,37.507273710016655,127.13348697146364
234,(사)열린정보장애인협회,오금동,오금동 73-5,37.50384310711955,127.13625416699429
235,(사)열린정보장애인협회,오금동,오금동 74-11,37.50458760633776,127.13612769837704
236,(사)열린정보장애인협회,오금동,오금동 47-1,37.50399212860168,127.12818483276018
237,(사)열린정보장애인협회,오금동,오금동 47-6,37.503982533,127.133786602
238,(사)열린정보장애인협회,오금동,오금동 35-4,37.373503942,126.939923230
239,(사)열린정보장애인협회,오금동,오금동 36-9,37.374011280,126.939591380
240,(사)열린정보장애인협회,오금동,오금동 25-10,37.50673507628963,127.13089705423488
241,(사)열린정보장애인협회,오금동,오금동 22-1,37.333364938,127.643838782
242,(사)열린정보장애인협회,오금동,오금동 22-3,37.50838648879588,127.13026024825183
243,(사)열린정보장애인협회,오금동,오금동 22-9,37.371614363,126.939259878
244,(사)열린정보장애인협회,오금동,오금동 143-6,37.500121090347655,127.13952878269743
245,(사)열린정보장애인협회,오금동,오금동 118-2,37.362281553,126.945859239
246,(사)열린정보장애인협회,오금동,오금동 111-1,37.50292746910861,127.14151269111481
247,(사)열린정보장애인협회,오금동,오금동 110-7,37.5021446813673,127.142764650797
248,(사)열린정보장애인협회,오금동,오금동 110-2,37.6610287255122,126.913980374638
249,(사)열린정보장애인협회,오금동,오금동 114-5,37.502781238199134,127.1410517731135
250,(사)열린정보장애인협회,오금동,오금동 114-50,37.5019760901556,127.141125958587
251,사)한국기능장애인협회 송파구지회/ 성백리싸이클링,마천1동,마천동 129-17,37.4973420111008,127.148999750435
252,사)한국기능장애인협회 송파구지회/ 성백리싸이클링,마천1동,마천동 128-77,37.49596267678881,127.15030369308869
253,사)한국기능장애인협회 송파구지회/ 성백리싸이클링,마천1동,마천동 180-3,37.495545870360544,127.15120879248437
254,사)한국기능장애인협회 송파구지회/ 성백리싸이클링,마천1동,마천동 180-69,37.496313578912925,127.1514279945483
255,사)한국기능장애인협회 송파구지회/ 성백리싸이클링,마천1동,마천동 307,37.495613193,127.150163830
256,사)한국기능장애인협회 송파구지회/ 성백리싸이클링,마천1동,마천동 183-11,37.49476959957383,127.15271242561376
257,사)한국기능장애인협회 송파구지회/ 성백리싸이클링,마천1동,마천동 306-3,37.49414630066684,127.15244398279052
258,사)한국기능장애인협회 송파구지회/ 성백리싸이클링,마천1동,마천동 307-46,37.49369308083584,127.15260202318004
259,사)한국기능장애인협회 송파구지회/ 성백리싸이클링,마천1동,마천동 308-52,37.49340704995187,127.15258858891292
260,사)한국기능장애인협회 송파구지회/ 성백리싸이클링,마천1동,마천동 305-4,37.493358347,127.156295226
261,사)한국기능장애인협회 송파구지회/ 성백리싸이클링,마천1동,마천동 301-26,37.49471555000396,127.15395043570263
262,사)한국기능장애인협회 송파구지회/ 성백리싸이클링,마천1동,마천동 184-25,37.49628952484028,127.15270100277905
263,사)한국기능장애인협회 송파구지회/ 성백리싸이클링,마천1동,마천동 183-89,37.4960898899827,127.15184622139137
264,사)한국기능장애인협회 송파구지회/ 성백리싸이클링,마천1동,마천동 178-58,37.49663350341211,127.15143916755696
265,사)한국기능장애인협회 송파구지회/ 성백리싸이클링,마천1동,마천동 186-3,37.496535042522865,127.15341080202302
266,사)한국기능장애인협회 송파구지회/ 성백리싸이클링,마천1동,마천동 299-16,37.49578819507312,127.15412637157439
267,사)한국기능장애인협회 송파구지회/ 성백리싸이클링,마천1동,마천동 184-70,37.49611578371945,127.15346172287607
268,사)한국기능장애인협회 송파구지회/ 성백리싸이클링,마천1동,마천동 311-125,37.49440812551703,127.15429172840894
269,사)한국기능장애인협회 송파구지회/ 성백리싸이클링,마천1동,마천동 311-116,37.49376530932027,127.15464894739378
270,사)한국기능장애인협회 송파구지회/ 성백리싸이클링,마천1동,마천동 311-3,37.493113010310736,127.1548077785755
271,사)한국기능장애인협회 송파구지회/ 성백리싸이클링,마천1동,마천동 322-12,37.493035428778896,127.15444571554814
272,사)한국기능장애인협회 송파구지회/ 성백리싸이클링,마천1동,마천동 308-11,37.49287205283923,127.15338717072001
273,사)한국기능장애인협회 송파구지회/ 성백리싸이클링,마천1동,마천동 373-8,37.49242508146463,127.15405426486737
274,사)한국기능장애인협회 송파구지회/ 성백리싸이클링,마천1동,마천동 373-15,37.49242221328184,127.15466482200576
275,사)한국기능장애인협회 송파구지회/ 성백리싸이클링,마천1동,마천동 321-4,37.49272320703328,127.15471380602334
276,사)한국기능장애인협회 송파구지회/ 성백리싸이클링,마천1동,마천동 376-18,37.4921028389815,127.15553475595087
277,사)한국기능장애인협회 송파구지회/ 성백리싸이클링,마천1동,마천동 376-19,37.49195123696549,127.15552997515624
278,사)한국기능장애인협회 송파구지회/ 성백리싸이클링,마천1동,마천동 375-3,37.491963782948574,127.15505441748493
279,사)한국기능장애인협회 송파구지회/ 성백리싸이클링,마천1동,마천동 323-206,37.49115516955267,127.15633226398978
280,사)한국기능장애인협회 송파구지회/ 성백리싸이클링,마천1동,마천동 323-256,37.49115564867694,127.15636183717028
281,사)한국기능장애인협회 송파구지회/ 성백리싸이클링,마천1동,마천동 202-21,37.49745059444266,127.15502317170746
282,사)한국기능장애인협회 송파구지회/ 성백리싸이클링,마천1동,마천동 355-1,37.497137929612606,127.1555312890664
283,사)한국기능장애인협회 송파구지회/ 성백리싸이클링,마천1동,마천동 358-1,37.49620882912093,127.15571050777237
284,사)한국기능장애인협회 송파구지회/ 성백리싸이클링,마천1동,마천동 354-13,37.49707775957326,127.15498391337417
285,사)한국기능장애인협회 송파구지회/ 성백리싸이클링,마천1동,마천동 207-42,37.496594966028056,127.15494196269876
286,사)한국기능장애인협회 송파구지회/ 성백리싸이클링,마천1동,마천동 207-1,37.496501777809485,127.15438710607589
287,사)한국기능장애인협회 송파구지회/ 성백리싸이클링,마천1동,마천동 216-8,37.4956174927304,127.15537997335797
288,사)한국기능장애인협회 송파구지회/ 성백리싸이클링,마천1동,마천동 362-1,37.49535306183914,127.15580367131919
289,사)한국기능장애인협회 송파구지회/ 성백리싸이클링,마천1동,마천동 361-22,37.49471236079761,127.15640470337533
290,사)한국기능장애인협회 송파구지회/ 성백리싸이클링,마천1동,마천동 363-22,37.494517564674155,127.1554811580625
291,사)한국기능장애인협회 송파구지회/ 성백리싸이클링,마천1동,마천동 307-7,37.49353092641774,127.15210822237421
292,사)한국기능장애인협회 송파구지회/ 성백리싸이클링,마천2동,마천동 7-9,37.493243677,127.155036968
293,사)한국기능장애인협회 송파구지회/ 성백리싸이클링,마천2동,마천동 7-5,35.123164460,128.788197722
294,사)한국기능장애인협회 송파구지회/ 성백리싸이클링,마천2동,마천동 5-4,35.125875354,128.782986637
295,사)한국기능장애인협회 송파구지회/ 성백리싸이클링,마천2동,마천동 7,35.125015294,128.784664506
296,사)한국기능장애인협회 송파구지회/ 성백리싸이클링,마천2동,마천동 10,35.133918892,128.783965213
297,사)한국기능장애인협회 송파구지회/ 성백리싸이클링,마천2동,마천동 13-6,37.498334461,127.148625543
298,사)한국기능장애인협회 송파구지회/ 성백리싸이클링,마천2동,마천동 12-12,35.126336436,128.782118959
299,사)한국기능장애인협회 송파구지회/ 성백리싸이클링,마천2동,마천동 14-17,37.503072051,127.145008588
300,사)한국기능장애인협회 송파구지회/ 성백리싸이클링,마천2동,마천동 15-3,37.498659078,127.148841953
301,사)한국기능장애인협회 송파구지회/ 성백리싸이클링,마천2동,마천동 19-10,37.50078387509628,127.14432206274296
302,사)한국기능장애인협회 송파구지회/ 성백리싸이클링,마천2동,마천동 18,37.497549643,127.148321476
303,사)한국기능장애인협회 송파구지회/ 성백리싸이클링,마천2동,마천동 26-6,37.496149514,127.155870473
304,사)한국기능장애인협회 송파구지회/ 성백리싸이클링,마천2동,마천동 18-7,37.498368522,127.149614953
305,사)한국기능장애인협회 송파구지회/ 성백리싸이클링,마천2동,마천동 18,37.497549643,127.148321476
306,사)한국기능장애인협회 송파구지회/ 성백리싸이클링,마천2동,마천동 26-1,37.497877831,127.149639015
307,사)한국기능장애인협회 송파구지회/ 성백리싸이클링,마천2동,마천동 18-3,37.50124944587237,127.1437279553063
308,사)한국기능장애인협회 송파구지회/ 성백리싸이클링,마천2동,마천동 25,35.124381372,128.786964491
309,사)한국기능장애인협회 송파구지회/ 성백리싸이클링,마천2동,마천동 20-8,37.498027581,127.148909590
310,사)한국기능장애인협회 송파구지회/ 성백리싸이클링,마천2동,마천동 9,35.125304160,128.785724459
311,사)한국기능장애인협회 송파구지회/ 성백리싸이클링,마천2동,마천동 36,37.501975892,127.145167002
312,사)한국기능장애인협회 송파구지회/ 성백리싸이클링,마천2동,마천동 40-3,37.499599552,127.149934704
313,사)한국기능장애인협회 송파구지회/ 성백리싸이클링,마천2동,마천동 41-5,37.499300408,127.151681985
314,사)한국기능장애인협회 송파구지회/ 성백리싸이클링,마천2동,마천동 118-17,37.49806998822032,127.14728057266889
315,사)한국기능장애인협회 송파구지회/ 성백리싸이클링,마천2동,마천동 120-11,37.49860440882621,127.14770905093368
316,사)한국기능장애인협회 송파구지회/ 성백리싸이클링,마천2동,마천동 42-3,37.49910216851527,127.1476631531104
317,사)한국기능장애인협회 송파구지회/ 성백리싸이클링,마천2동,마천동 47-4,37.50021303144749,127.14852341427004
318,사)한국기능장애인협회 송파구지회/ 성백리싸이클링,마천2동,마천동 90-9,37.500754741400954,127.14904400685654
319,사)한국기능장애인협회 송파구지회/ 성백리싸이클링,마천2동,마천동 48,35.128475293,128.783770687
320,사)한국기능장애인협회 송파구지회/ 성백리싸이클링,마천2동,마천동 46-8,37.50008759778077,127.14897264176776
321,사)한국기능장애인협회 송파구지회/ 성백리싸이클링,마천2동,마천동 124-50,37.498642583493464,127.14829027930654
322,사)한국기능장애인협회 송파구지회/ 성백리싸이클링,마천2동,마천동 142-36,37.4989319310306,127.149565861102
323,사)한국기능장애인협회 송파구지회/ 성백리싸이클링,마천2동,마천동 89,35.123882502,128.786129861
324,사)한국기능장애인협회 송파구지회/ 성백리싸이클링,마천2동,마천동 88-28,37.50014904352348,127.15029012704002
325,사)한국기능장애인협회 송파구지회/ 성백리싸이클링,마천2동,마천동 85-11,37.4996092410832,127.14979799902791
326,사)한국기능장애인협회 송파구지회/ 성백리싸이클링,마천2동,마천동 71-7,37.501089245857074,127.15153986490625
327,사)한국기능장애인협회 송파구지회/ 성백리싸이클링,마천2동,마천동 351-9,37.50104024532347,127.15236009465247
328,사)한국기능장애인협회 송파구지회/ 성백리싸이클링,마천2동,마천동 336-5,37.501898944620464,127.15352799975746
329,사)한국기능장애인협회 송파구지회/ 성백리싸이클링,마천2동,마천동 337-5,37.50146943936031,127.15393771268444
330,사)한국기능장애인협회 송파구지회/ 성백리싸이클링,마천2동,마천동 576,37.50036608881963,127.15197225442793
331,사)한국기능장애인협회 송파구지회/ 성백리싸이클링,마천2동,마천동 345-5,37.50089558407745,127.1535466535291
332,사)한국기능장애인협회 송파구지회/ 성백리싸이클링,거여1동,거여동 4-9,37.490142261,127.157297093
333,사)한국기능장애인협회 송파구지회/ 성백리싸이클링,거여1동,거여동 2-8,37.49892817208722,127.14323546464725
334,사)한국기능장애인협회 송파구지회/ 성백리싸이클링,거여1동,거여동 3-1,37.492603243,127.143598430
335,사)한국기능장애인협회 송파구지회/ 성백리싸이클링,거여1동,거여동 127,37.498245351958914,127.1436427787466
336,사)한국기능장애인협회 송파구지회/ 성백리싸이클링,거여1동,거여동 127-5,37.49831047859939,127.14300647511985
337,사)한국기능장애인협회 송파구지회/ 성백리싸이클링,거여1동,거여동 127-13,37.49794701614405,127.14291588599318
338,사)한국기능장애인협회 송파구지회/ 성백리싸이클링,거여1동,거여동 9-8,37.496156599,127.144335865
339,사)한국기능장애인협회 송파구지회/ 성백리싸이클링,거여1동,거여동 10-05,37.494770598,127.143985603
340,사)한국기능장애인협회 송파구지회/ 성백리싸이클링,거여1동,거여동 49,37.497450426,127.146033412
341,사)한국기능장애인협회 송파구지회/ 성백리싸이클링,거여1동,거여동 136-75,37.496221559269614,127.14386208914406
342,사)한국기능장애인협회 송파구지회/ 성백리싸이클링,거여1동,거여동 12,37.493895266,127.144998173
343,사)한국기능장애인협회 송파구지회/ 성백리싸이클링,거여1동,거여동 136-89,37.496019703078545,127.14446479777186
344,사)한국기능장애인협회 송파구지회/ 성백리싸이클링,거여1동,거여동 178,37.49585474646088,127.14417971811699
345,사)한국기능장애인협회 송파구지회/ 성백리싸이클링,거여1동,거여동 178-58,37.495086547509906,127.1439565487259
346,사)한국기능장애인협회 송파구지회/ 성백리싸이클링,거여1동,거여동 173-1,37.495111685911056,127.14361328669666
347,사)한국기능장애인협회 송파구지회/ 성백리싸이클링,거여1동,거여동 16,37.494452670,127.145347111
348,사)한국기능장애인협회 송파구지회/ 성백리싸이클링,거여1동,거여동 15-4,37.492128298,127.147180828
349,사)한국기능장애인협회 송파구지회/ 성백리싸이클링,거여1동,거여동 13-27,37.495939807438575,127.1417258340338
350,사)한국기능장애인협회 송파구지회/ 성백리싸이클링,거여1동,거여동 13-6,37.492299304,127.146905639
351,사)한국기능장애인협회 송파구지회/ 성백리싸이클링,거여1동,거여동 13-11,37.49632311861507,127.14093148206824
352,사)한국기능장애인협회 송파구지회/ 성백리싸이클링,거여1동,거여동 18-6,37.496889871,127.144220835
353,사)한국기능장애인협회 송파구지회/ 성백리싸이클링,거여1동,거여동 15-5,37.492215225,127.147024503
354,사)한국기능장애인협회 송파구지회/ 성백리싸이클링,거여1동,거여동 20-7,37.49458979783316,127.14221587191246
355,사)한국기능장애인협회 송파구지회/ 성백리싸이클링,거여1동,거여동 17,37.494618314,127.144742489
356,사)한국기능장애인협회 송파구지회/ 성백리싸이클링,거여1동,거여동 553-25,37.49395928290613,127.14148716623596
357,사)한국기능장애인협회 송파구지회/ 성백리싸이클링,거여2동,거여동 569-7,37.49204583463256,127.14491355160328
358,사)한국기능장애인협회 송파구지회/ 성백리싸이클링,거여2동,거여동 251-22,37.49175016315708,127.14562555135848
359,사)한국기능장애인협회 송파구지회/ 성백리싸이클링,거여2동,거여동 251-31,37.491792160480955,127.14604311701513
360,사)한국기능장애인협회 송파구지회/ 성백리싸이클링,거여2동,거여동 258,37.498398010,127.145589991
361,사)한국기능장애인협회 송파구지회/ 성백리싸이클링,거여2동,거여동 292-136,37.48987380381163,127.14773725368448
362,사)한국기능장애인협회 송파구지회/ 성백리싸이클링,거여2동,거여동 251-40,37.49150343142535,127.14671272109535
363,사)한국기능장애인협회 송파구지회/ 성백리싸이클링,거여2동,거여동 292-4,37.49106022916418,127.14736594762309
364,사)한국기능장애인협회 송파구지회/ 성백리싸이클링,거여2동,거여동 258-19,37.49141175477942,127.14833882228527
365,사)한국기능장애인협회 송파구지회/ 성백리싸이클링,거여2동,거여동 258-4,37.49060131631593,127.1490887889195
366,사)한국기능장애인협회 송파구지회/ 성백리싸이클링,거여2동,거여동 258-53,37.49116643625298,127.14844403347443
367,사)한국기능장애인협회 송파구지회/ 성백리싸이클링,거여2동,거여동 30-1,37.493239804,127.148048293
368,사)한국기능장애인협회 송파구지회/ 성백리싸이클링,거여2동,거여동 548-13,37.491210940963235,127.14923204240768
369,사)한국기능장애인협회 송파구지회/ 성백리싸이클링,거여2동,거여동 544-2,37.49245235543324,127.14896507047001
370,사)한국기능장애인협회 송파구지회/ 성백리싸이클링,거여2동,거여동 544-10,37.492068699044154,127.14976834267246
371,사)한국기능장애인협회 송파구지회/ 성백리싸이클링,거여2동,거여동 226-18,37.49215012400826,127.15012313745858
372,사)한국기능장애인협회 송파구지회/ 성백리싸이클링,거여2동,거여동 32-7,37.497982259,127.143049560
373,사)한국기능장애인협회 송파구지회/ 성백리싸이클링,거여2동,거여동 36-13,37.49324505258938,127.14733671032045
374,사)한국기능장애인협회 송파구지회/ 성백리싸이클링,거여2동,거여동 40-10,37.497875429,127.142011512
375,사)한국기능장애인협회 송파구지회/ 성백리싸이클링,잠실본동,잠실동 193-8,37.509561354658096,127.0807633706037
376,사)한국기능장애인협회 송파구지회/ 성백리싸이클링,잠실본동,잠실동 202-7,37.509189893386946,127.08226409023577
377,사)한국기능장애인협회 송파구지회/ 성백리싸이클링,잠실본동,잠실동 203-2,37.50911411597873,127.0825521573496
378,사)한국기능장애인협회 송파구지회/ 성백리싸이클링,잠실본동,잠실동 202-1,37.509161009702254,127.08206936093364
379,사)한국기능장애인협회 송파구지회/ 성백리싸이클링,잠실본동,잠실동 224-4,37.50741455630896,127.0808595424274
380,사)한국기능장애인협회 송파구지회/ 성백리싸이클링,잠실본동,잠실동 222-17,37.50738402857529,127.07985599719214
381,사)한국기능장애인협회 송파구지회/ 성백리싸이클링,잠실본동,잠실동 227-5,37.50650167857319,127.08268976148796
382,사)한국기능장애인협회 송파구지회/ 성백리싸이클링,잠실본동,잠실동 243-5,37.507166964221554,127.08936014662005
383,사)한국기능장애인협회 송파구지회/ 성백리싸이클링,잠실본동,잠실동 242-27,37.50766905733982,127.08822904198186
384,사)한국기능장애인협회 송파구지회/ 성백리싸이클링,잠실본동,잠실동 209-17,37.50799253001269,127.08718398166471
385,사)한국기능장애인협회 송파구지회/ 성백리싸이클링,잠실본동,잠실동 214-1,37.50817330104754,127.08323601956747
386,사)한국기능장애인협회 송파구지회/ 성백리싸이클링,잠실본동,잠실동 240-12,37.507543037699264,127.08594542032365
387,사)한국기능장애인협회 송파구지회/ 성백리싸이클링,잠실본동,잠실동 211-35,37.508308052175416,127.08548664499652
388,사)한국기능장애인협회 송파구지회/ 성백리싸이클링,잠실본동,잠실동 211-36,37.508057256634004,127.08554824356074
389,사)한국기능장애인협회 송파구지회/ 성백리싸이클링,잠실본동,잠실동 211-15,37.5080627097625,127.08529180286615
390,사)한국기능장애인협회 송파구지회/ 성백리싸이클링,잠실본동,잠실동 335-10,37.50461712463889,127.08558197942557
391,사)한국기능장애인협회 송파구지회/ 성백리싸이클링,잠실본동,잠실동 338,37.50370760991852,127.08633887776955
392,사)한국기능장애인협회 송파구지회/ 성백리싸이클링,잠실본동,잠실동 339-1,37.50332345623613,127.08591583765664
393,사)한국기능장애인협회 송파구지회/ 성백리싸이클링,잠실본동,잠실동 330-15,37.50285028445023,127.08545936422155
394,사)한국기능장애인협회 송파구지회/ 성백리싸이클링,잠실본동,잠실동 330-7,37.50309638113536,127.0846466173219
395,사)한국기능장애인협회 송파구지회/ 성백리싸이클링,잠실본동,잠실동 321-14,37.50350458186164,127.08398977350888
396,사)한국기능장애인협회 송파구지회/ 성백리싸이클링,잠실본동,잠실동 231,37.50754343724263,127.08391012494016
397,사)한국기능장애인협회 송파구지회/ 성백리싸이클링,잠실본동,잠실동 233-10,37.506641734036315,127.0851411146692
398,사)한국기능장애인협회 송파구지회/ 성백리싸이클링,잠실본동,잠실동 233-8,37.50640406531136,127.08503457460593
399,사)한국기능장애인협회 송파구지회/ 성백리싸이클링,잠실본동,잠실동 236-6,37.50608288710532,127.0855422603748
400,사)한국기능장애인협회 송파구지회/ 성백리싸이클링,잠실본동,잠실동 250-6,37.5047452963849,127.087781639261
401,사)한국기능장애인협회 송파구지회/ 성백리싸이클링,잠실본동,잠실동 251-7,37.50592277713717,127.08876504439056
402,사)한국기능장애인협회 송파구지회/ 성백리싸이클링,잠실본동,잠실동 245-16,37.506352462382964,127.08878332994126
403,사)한국기능장애인협회 송파구지회/ 성백리싸이클링,잠실본동,잠실동 244-1,37.507097339813924,127.08818406201672
404,사)한국기능장애인협회 송파구지회/ 성백리싸이클링,잠실본동,잠실동 314-11,37.50506820993704,127.08399595358465
405,사)한국기능장애인협회 송파구지회/ 성백리싸이클링,잠실본동,잠실동 319-15,37.50403816894473,127.08242980236041
406,사)한국기능장애인협회 송파구지회/ 성백리싸이클링,잠실본동,잠실동 321-20,37.50398205933223,127.08288815255472
407,사)한국기능장애인협회 송파구지회/ 성백리싸이클링,잠실본동,잠실동 331-15,37.50379787160801,127.08459531351661
408,사)한국기능장애인협회 송파구지회/ 성백리싸이클링,잠실본동,잠실동 331-12,37.50458482612362,127.08493299327014
409,사)한국기능장애인협회 송파구지회/ 성백리싸이클링,잠실본동,잠실동 327-13,37.502018898930686,127.08381791129115
410,사)한국기능장애인협회 송파구지회/ 성백리싸이클링,잠실본동,잠실동 328-4,37.50226272817151,127.08426784822719
411,사)한국기능장애인협회 송파구지회/ 성백리싸이클링,잠실본동,잠실동 329-20,37.50231888397346,127.08538463079364
412,사)한국기능장애인협회 송파구지회/ 성백리싸이클링,삼전동,삼전동 163-2,37.50154527024862,127.09462095133422
413,사)한국기능장애인협회 송파구지회/ 성백리싸이클링,삼전동,삼전동 72-15,37.50194350523034,127.09367508957058
414,사)한국기능장애인협회 송파구지회/ 성백리싸이클링,삼전동,삼전동 180-19,37.502013273578115,127.09630612577386
415,사)한국기능장애인협회 송파구지회/ 성백리싸이클링,삼전동,삼전동 176-11,37.50052419108944,127.09613504722944
416,사)한국기능장애인협회 송파구지회/ 성백리싸이클링,삼전동,삼전동 176-14,37.5005405384678,127.09578733359143
417,사)한국기능장애인협회 송파구지회/ 성백리싸이클링,삼전동,삼전동 182-10,37.5001332329294,127.0963111207796
418,사)한국기능장애인협회 송파구지회/ 성백리싸이클링,삼전동,삼전동 174-13,37.49996067384188,127.09573650573621
419,사)한국기능장애인협회 송파구지회/ 성백리싸이클링,삼전동,삼전동 173-7,37.49942784398095,127.09584038739584
420,사)한국기능장애인협회 송파구지회/ 성백리싸이클링,삼전동,삼전동 176-16,37.500686059578605,127.09605116057719
421,사)한국기능장애인협회 송파구지회/ 성백리싸이클링,삼전동,삼전동 169,37.49951689999732,127.09319734936378
422,사)한국기능장애인협회 송파구지회/ 성백리싸이클링,삼전동,삼전동 166-11,37.50045042351891,127.09349884215548
423,사)한국기능장애인협회 송파구지회/ 성백리싸이클링,삼전동,삼전동 172-11,37.4982071946251,127.094833660085
424,사)한국기능장애인협회 송파구지회/ 성백리싸이클링,삼전동,삼전동 69,37.499307874725574,127.0926799714295
425,사)한국기능장애인협회 송파구지회/ 성백리싸이클링,삼전동,삼전동 58,37.503971295,127.088087107
426,사)한국기능장애인협회 송파구지회/ 성백리싸이클링,삼전동,삼전동 54-6,37.50000668848944,127.09075750815674
427,사)한국기능장애인협회 송파구지회/ 성백리싸이클링,삼전동,삼전동 49-3,37.50296244307589,127.09169154379353
428,사)한국기능장애인협회 송파구지회/ 성백리싸이클링,삼전동,삼전동 52-4,37.50041578092775,127.08970632688309
429,사)한국기능장애인협회 송파구지회/ 성백리싸이클링,삼전동,삼전동 58-8,37.50164844647591,127.09050180865073
430,사)한국기능장애인협회 송파구지회/ 성백리싸이클링,삼전동,삼전동 57-4,37.50105401649363,127.09104972399251
431,사)한국기능장애인협회 송파구지회/ 성백리싸이클링,삼전동,삼전동 57-12,37.50104614299921,127.09123981515833
432,사)한국기능장애인협회 송파구지회/ 성백리싸이클링,삼전동,삼전동 64-2,37.50095516494453,127.09214838892392
433,사)한국기능장애인협회 송파구지회/ 성백리싸이클링,삼전동,삼전동 64-4,37.50077507743717,127.0927809616859
434,사)한국기능장애인협회 송파구지회/ 성백리싸이클링,삼전동,삼전동 71-25,37.49979773662154,127.09279931404188
435,사)한국기능장애인협회 송파구지회/ 성백리싸이클링,삼전동,삼전동 65-2,37.50054968034867,127.09219432209517
436,사)한국기능장애인협회 송파구지회/ 성백리싸이클링,삼전동,삼전동 60,37.504315822,127.095859777
437,사)한국기능장애인협회 송파구지회/ 성백리싸이클링,삼전동,삼전동 59,37.504503838,127.095915810
438,사)한국기능장애인협회 송파구지회/ 성백리싸이클링,삼전동,삼전동 50-17,37.502050708642926,127.09022895220316
439,사)한국기능장애인협회 송파구지회/ 성백리싸이클링,삼전동,삼전동 46-1,37.5028899292511,127.08948560227
440,사)한국기능장애인협회 송파구지회/ 성백리싸이클링,삼전동,삼전동 48-7,37.50322186243753,127.09048612202602
441,사)한국기능장애인협회 송파구지회/ 성백리싸이클링,삼전동,삼전동 37-27,37.5011781784831,127.0867225327286
442,사)한국기능장애인협회 송파구지회/ 성백리싸이클링,삼전동,삼전동 37-26,37.50091081876659,127.08758077058476
443,사)한국기능장애인협회 송파구지회/ 성백리싸이클링,삼전동,삼전동 37-1,37.504935941,127.093699319
444,사)한국기능장애인협회 송파구지회/ 성백리싸이클링,삼전동,삼전동 40-12,37.506363085,127.094647975
445,사)한국기능장애인협회 송파구지회/ 성백리싸이클링,삼전동,삼전동 40-14,37.506059145,127.096567944
446,사)한국기능장애인협회 송파구지회/ 성백리싸이클링,삼전동,삼전동 28-21,37.50323956990649,127.08767420828346
447,사)한국기능장애인협회 송파구지회/ 성백리싸이클링,삼전동,삼전동 2,37.503984962,127.091524465
448,사)한국기능장애인협회 송파구지회/ 성백리싸이클링,장지동,장지동 107,37.405551466,127.238366174
449,사)한국기능장애인협회 송파구지회/ 성백리싸이클링,장지동,장지동 105-9,37.4864204468594,127.13043903448244
450,사)한국기능장애인협회 송파구지회/ 성백리싸이클링,장지동,장지동 91-6,37.48584282384943,127.1291676724538
451,사)한국기능장애인협회 송파구지회/ 성백리싸이클링,장지동,장지동 91-4,37.4857911032731,127.12880230891851
452,사)한국기능장애인협회 송파구지회/ 성백리싸이클링,장지동,장지동 91-1,37.405579772,127.228211483
453,사)한국기능장애인협회 송파구지회/ 성백리싸이클링,장지동,장지동 91-17,37.485986399067485,127.12829708779095
454,사)한국기능장애인협회 송파구지회/ 성백리싸이클링,장지동,장지동 106-20,37.487679445889334,127.13685267957848
455,사)한국기능장애인협회 송파구지회/ 성백리싸이클링,장지동,장지동 103-1,37.48564967451898,127.13068744738129
456,사)한국기능장애인협회 송파구지회/ 성백리싸이클링,장지동,장지동 103-23,37.48507932306369,127.13008277200328
457,사)한국기능장애인협회 송파구지회/ 성백리싸이클링,장지동,장지동 93-8,37.484593042181174,127.12951602926017
458,사)한국기능장애인협회 송파구지회/ 성백리싸이클링,장지동,장지동 93-1,37.48448821882663,127.12846038349875
459,사)한국기능장애인협회 송파구지회/ 성백리싸이클링,장지동,장지동 88-1,37.48428994834869,127.12712834308329
460,사)한국기능장애인협회 송파구지회/ 성백리싸이클링,장지동,장지동 88-6,37.395021299,127.240045539
461,사)한국기능장애인협회 송파구지회/ 성백리싸이클링,장지동,장지동 88-8,37.48349941515657,127.12723883633504
462,사)한국기능장애인협회 송파구지회/ 성백리싸이클링,장지동,장지동 95-3,37.48376882955671,127.1288292628087
463,사)한국기능장애인협회 송파구지회/ 성백리싸이클링,장지동,장지동 94-5,37.48418655665387,127.12930356568496
464,사)한국기능장애인협회 송파구지회/ 성백리싸이클링,장지동,장지동 99-17,37.48600114242827,127.13504900329715
465,사)한국기능장애인협회 송파구지회/ 성백리싸이클링,장지동,장지동 103-3,37.485556139745405,127.13086473420694
466,사)한국기능장애인협회 송파구지회/ 성백리싸이클링,장지동,장지동 116-1,37.48768113538119,127.132305150535
467,사)한국기능장애인협회 송파구지회/ 성백리싸이클링,장지동,장지동 121-7,37.48836953136513,127.1319678197476
468,사)한국기능장애인협회 송파구지회/ 성백리싸이클링,문정1동,문정동 16-6,37.486748836,127.130704753
469,사)한국기능장애인협회 송파구지회/ 성백리싸이클링,문정1동,문정동 14-9,37.485918679,127.129928858
470,사)한국기능장애인협회 송파구지회/ 성백리싸이클링,문정1동,문정동 15,36.802848605,128.602618712
471,사)한국기능장애인협회 송파구지회/ 성백리싸이클링,문정1동,문정동 16-3,37.481923052,127.127151729
472,사)한국기능장애인협회 송파구지회/ 성백리싸이클링,문정1동,문정동 14,36.802545550,128.603644626
473,사)한국기능장애인협회 송파구지회/ 성백리싸이클링,문정1동,문정동 62-19,37.484282129,127.126660710
474,사)한국기능장애인협회 송파구지회/ 성백리싸이클링,문정1동,문정동 56-5,37.483715757,127.127653596
475,사)한국기능장애인협회 송파구지회/ 성백리싸이클링,문정1동,문정동 58-19,37.48434085900573,127.12432676057276
476,사)한국기능장애인협회 송파구지회/ 성백리싸이클링,문정1동,문정동 66-1,37.48449757967235,127.1249401118863
477,사)한국기능장애인협회 송파구지회/ 성백리싸이클링,문정1동,문정동 66,36.804841728,128.607790947
478,사)한국기능장애인협회 송파구지회/ 성백리싸이클링,문정1동,문정동 68-7,37.48352887932698,127.12566098749721
479,사)한국기능장애인협회 송파구지회/ 성백리싸이클링,문정1동,문정동 68-13,37.483384278947526,127.12586600568675
480,사)한국기능장애인협회 송파구지회/ 성백리싸이클링,문정1동,문정동 70-2,37.48308629528719,127.12515761795152
481,사)한국기능장애인협회 송파구지회/ 성백리싸이클링,문정1동,문정동 38,36.800037906,128.605688650
482,사)한국기능장애인협회 송파구지회/ 성백리싸이클링,문정1동,문정동 62-5,37.4856683342098,127.12588409144709
483,사)한국기능장애인협회 송파구지회/ 성백리싸이클링,문정1동,문정동 38-1,36.797303328,128.615741805
484,사)한국기능장애인협회 송파구지회/ 성백리싸이클링,문정1동,문정동 40,36.802549183,128.597507085
485,사)한국기능장애인협회 송파구지회/ 성백리싸이클링,문정1동,문정동 40-15,36.798960209,128.612523977
486,사)한국기능장애인협회 송파구지회/ 성백리싸이클링,문정1동,문정동 47,37.484487429,127.128472810
487,사)한국기능장애인협회 송파구지회/ 성백리싸이클링,문정1동,문정동 41-8,37.48900677160637,127.123811110579
488,사)한국기능장애인협회 송파구지회/ 성백리싸이클링,문정1동,문정동 53-11,37.48853319734741,127.12206817329417
489,사)한국기능장애인협회 송파구지회/ 성백리싸이클링,문정1동,문정동 46-8,37.48792271402895,127.12286961421633
490,사)한국기능장애인협회 송파구지회/ 성백리싸이클링,문정1동,문정동 28-36,37.48964790887844,127.12528498726648
491,사)한국기능장애인협회 송파구지회/ 성백리싸이클링,문정1동,문정동 4-21,37.490683376169756,127.12675773783283
492,사)한국기능장애인협회 송파구지회/ 성백리싸이클링,문정1동,문정동 26-4,37.488808502,127.126660106
493,사)한국기능장애인협회 송파구지회/ 성백리싸이클링,문정1동,문정동 23-5,37.4889200755845,127.12624787095669
494,사)한국기능장애인협회 송파구지회/ 성백리싸이클링,문정1동,문정동 24-4,37.482074090,127.127778202
495,사)한국기능장애인협회 송파구지회/ 성백리싸이클링,문정1동,문정동 35-1,37.48728320641874,127.12558198507537
496,사)한국기능장애인협회 송파구지회/ 성백리싸이클링,방이1동,방이동 165,37.510118196,127.113125627
497,사)한국기능장애인협회 송파구지회/ 성백리싸이클링,방이1동,방이동 130-19,37.50984139671932,127.12044860052015
498,사)한국기능장애인협회 송파구지회/ 성백리싸이클링,방이1동,방이동 128,37.512214430,127.125827679
499,사)한국기능장애인협회 송파구지회/ 성백리싸이클링,방이1동,방이동 131-4,37.51031422615921,127.12017266721503
500,사)한국기능장애인협회 송파구지회/ 성백리싸이클링,방이1동,방이동 129-11,37.50915275323476,127.11870230799018
501,사)한국기능장애인협회 송파구지회/ 성백리싸이클링,방이1동,방이동 126-16,37.50864396026333,127.11790026060996
502,사)한국기능장애인협회 송파구지회/ 성백리싸이클링,방이1동,방이동 127-1,37.508497141245044,127.11843556729113
503,사)한국기능장애인협회 송파구지회/ 성백리싸이클링,방이1동,방이동 127-23,37.50823875677345,127.1189407636146
504,사)한국기능장애인협회 송파구지회/ 성백리싸이클링,방이1동,방이동 220,37.50907130815509,127.12175265560467
505,사)한국기능장애인협회 송파구지회/ 성백리싸이클링,방이1동,방이동 222-12,37.507424101824746,127.12116488493542
506,사)한국기능장애인협회 송파구지회/ 성백리싸이클링,방이1동,방이동 227-4,37.507014601281526,127.11985672011092
507,사)한국기능장애인협회 송파구지회/ 성백리싸이클링,방이1동,방이동 227-14,37.507263255284876,127.11916998734972
508,사)한국기능장애인협회 송파구지회/ 성백리싸이클링,방이1동,방이동 126-5,37.50883553644397,127.1176158674779
509,사)한국기능장애인협회 송파구지회/ 성백리싸이클링,방이1동,방이동 200-1,37.510722907444546,127.12381694321495
510,사)한국기능장애인협회 송파구지회/ 성백리싸이클링,방이1동,방이동 193-4,37.51193184785076,127.12405079095684
511,사)한국기능장애인협회 송파구지회/ 성백리싸이클링,방이1동,방이동 193-30,37.51168183149177,127.1232565267239
512,사)한국기능장애인협회 송파구지회/ 성백리싸이클링,방이1동,방이동 195,37.508434108,127.116080203
513,사)한국기능장애인협회 송파구지회/ 성백리싸이클링,방이1동,방이동 194-10,37.512036045154346,127.12278760619927
514,사)한국기능장애인협회 송파구지회/ 성백리싸이클링,방이1동,방이동 198,37.51078343058305,127.12228045947104
515,사)한국기능장애인협회 송파구지회/ 성백리싸이클링,방이1동,방이동 188-5,37.51124202146906,127.12528348260962
516,사)한국기능장애인협회 송파구지회/ 성백리싸이클링,방이1동,방이동 186-12,37.5108289225371,127.12583826899149
517,사)한국기능장애인협회 송파구지회/ 성백리싸이클링,방이2동,방이동 124-6,37.50845542395872,127.11669111293287
518,사)한국기능장애인협회 송파구지회/ 성백리싸이클링,방이2동,방이동 121,37.509648977935925,127.11583604036605
519,사)한국기능장애인협회 송파구지회/ 성백리싸이클링,방이2동,방이동 119-29,37.509836799638606,127.11596967648856
520,사)한국기능장애인협회 송파구지회/ 성백리싸이클링,방이2동,방이동 117-14,37.50948637692328,127.11541573540553
521,사)한국기능장애인협회 송파구지회/ 성백리싸이클링,방이2동,방이동 156-8,37.51311640851092,127.11821110795879
522,사)한국기능장애인협회 송파구지회/ 성백리싸이클링,방이2동,방이동 152-30,37.51298605796012,127.11617445140227
523,사)한국기능장애인협회 송파구지회/ 성백리싸이클링,방이2동,방이동 144-32,37.512581163253145,127.11553478775727
524,사)한국기능장애인협회 송파구지회/ 성백리싸이클링,방이2동,방이동 139-43,37.51055270352424,127.11908314596633
525,사)한국기능장애인협회 송파구지회/ 성백리싸이클링,방이2동,방이동 144-28,37.511768395081475,127.1163190003316
526,사)한국기능장애인협회 송파구지회/ 성백리싸이클링,방이2동,방이동 145-19,37.51162159377546,127.11545916976485
527,사)한국기능장애인협회 송파구지회/ 성백리싸이클링,방이2동,방이동 147,37.510829731,127.111562535
528,사)한국기능장애인협회 송파구지회/ 성백리싸이클링,방이2동,방이동 169-18,37.51388960987603,127.11951475883572
529,사)한국기능장애인협회 송파구지회/ 성백리싸이클링,방이2동,방이동 170-1,37.513817863451656,127.11894672663215
530,사)한국기능장애인협회 송파구지회/ 성백리싸이클링,방이2동,방이동 171,37.509794340,127.113645434
531,사)한국기능장애인협회 송파구지회/ 성백리싸이클링,방이2동,방이동 174-16,37.51449422561822,127.11802158794391
532,사)한국기능장애인협회 송파구지회/ 성백리싸이클링,방이2동,방이동 174-8,37.514529700644985,127.11781988039624
533,사)한국기능장애인협회 송파구지회/ 성백리싸이클링,방이2동,방이동 177-4,37.51520496868968,127.11773908355012
534,사)한국기능장애인협회 송파구지회/ 성백리싸이클링,방이2동,방이동 178-7,37.51521380176659,127.11689929941397
535,사)한국기능장애인협회 송파구지회/ 성백리싸이클링,방이2동,방이동 176-3,37.51426872603686,127.11661076929457
536,사)한국기능장애인협회 송파구지회/ 성백리싸이클링,방이2동,방이동 180-13,37.515657179620305,127.11618274101164
537,사)한국기능장애인협회 송파구지회/ 성백리싸이클링,방이2동,방이동 104-4,37.51202019599879,127.11164825625337
538,사)한국기능장애인협회 송파구지회/ 성백리싸이클링,방이2동,방이동 103-17,37.51282057560478,127.112282357726
539,사)한국기능장애인협회 송파구지회/ 성백리싸이클링,방이2동,방이동 102-11,37.51374802065163,127.11230670815226
540,사)한국기능장애인협회 송파구지회/ 성백리싸이클링,방이2동,방이동 98-9,37.514113768553784,127.11136009079274
541,사)한국기능장애인협회 송파구지회/ 성백리싸이클링,방이2동,방이동 71-10,37.512851713325055,127.1100212029858
542,사)한국기능장애인협회 송파구지회/ 성백리싸이클링,방이2동,방이동 98-3,37.51362932090972,127.11082206604969
543,사)한국기능장애인협회 송파구지회/ 성백리싸이클링,방이2동,방이동 57-5,37.512463783,127.112623290
544,사)한국기능장애인협회 송파구지회/ 성백리싸이클링,석촌동,석촌동 5-8,37.500759602,127.104422947
545,사)한국기능장애인협회 송파구지회/ 성백리싸이클링,석촌동,석촌동 14-12,37.501323541,127.098038726
546,사)한국기능장애인협회 송파구지회/ 성백리싸이클링,석촌동,석촌동 15-3,37.501659734,127.104156091
547,사)한국기능장애인협회 송파구지회/ 성백리싸이클링,석촌동,석촌동 19-6,37.502210950,127.103827591
548,사)한국기능장애인협회 송파구지회/ 성백리싸이클링,석촌동,석촌동 21-4,37.502686850,127.107425156
549,사)한국기능장애인협회 송파구지회/ 성백리싸이클링,석촌동,석촌동 23-9,37.502291053,127.103504394
550,사)한국기능장애인협회 송파구지회/ 성백리싸이클링,석촌동,석촌동 54-29,37.504021637293945,127.10012997815619
551,사)한국기능장애인협회 송파구지회/ 성백리싸이클링,석촌동,석촌동 54-44,37.50489417749159,127.09994354611591
552,사)한국기능장애인협회 송파구지회/ 성백리싸이클링,석촌동,석촌동 56-1,37.50530241826624,127.10115423569471
553,사)한국기능장애인협회 송파구지회/ 성백리싸이클링,석촌동,석촌동 58-16,37.50374867954105,127.10114669942124
554,사)한국기능장애인협회 송파구지회/ 성백리싸이클링,석촌동,석촌동 60-10,37.50356096197289,127.10108314088058
555,사)한국기능장애인협회 송파구지회/ 성백리싸이클링,석촌동,석촌동 77-7,37.504042481535635,127.10332086671318
556,사)한국기능장애인협회 송파구지회/ 성백리싸이클링,석촌동,석촌동 150-12,37.50452501419805,127.10263401293608
557,사)한국기능장애인협회 송파구지회/ 성백리싸이클링,석촌동,석촌동 155-16,37.506004558781186,127.10224613642546
558,사)한국기능장애인협회 송파구지회/ 성백리싸이클링,석촌동,석촌동 158-10,37.50710558188887,127.1018842367199
559,사)한국기능장애인협회 송파구지회/ 성백리싸이클링,석촌동,석촌동 159-8,37.50633768362664,127.10228425562006
560,사)한국기능장애인협회 송파구지회/ 성백리싸이클링,석촌동,석촌동 161,37.50671265819251,127.10255051453221
561,사)한국기능장애인협회 송파구지회/ 성백리싸이클링,석촌동,석촌동 171-6,37.5049195284938,127.10363538143469
562,사)한국기능장애인협회 송파구지회/ 성백리싸이클링,석촌동,석촌동 178-5,37.50610624389333,127.10446606360753
563,사)한국기능장애인협회 송파구지회/ 성백리싸이클링,석촌동,석촌동 177-11,37.50603880391102,127.1052929237483
564,사)한국기능장애인협회 송파구지회/ 성백리싸이클링,석촌동,석촌동 181-13,37.50739991574976,127.1041332997506
565,사)한국기능장애인협회 송파구지회/ 성백리싸이클링,석촌동,석촌동 213-7,37.50070390168705,127.09726779183575
566,사)한국기능장애인협회 송파구지회/ 성백리싸이클링,석촌동,석촌동 219-10,37.4993560341149,127.09739795443136
567,사)한국기능장애인협회 송파구지회/ 성백리싸이클링,석촌동,석촌동 223-1,37.49801074718322,127.09800651356773
568,사)한국기능장애인협회 송파구지회/ 성백리싸이클링,석촌동,석촌동 225-15,37.49846663558867,127.099949525624
569,사)한국기능장애인협회 송파구지회/ 성백리싸이클링,석촌동,석촌동 231-16,37.500794584995475,127.10001681143251
570,사)한국기능장애인협회 송파구지회/ 성백리싸이클링,석촌동,석촌동 237-11,37.500939091931684,127.10039276143033
571,사)한국기능장애인협회 송파구지회/ 성백리싸이클링,석촌동,석촌동 239,37.49987126370116,127.10042285625846
572,사)한국기능장애인협회 송파구지회/ 성백리싸이클링,석촌동,석촌동 240-1,37.498895978203066,127.10102152634852
573,사)한국기능장애인협회 송파구지회/ 성백리싸이클링,석촌동,석촌동 244-5,37.50121775395965,127.10138060126832
574,사)한국기능장애인협회 송파구지회/ 성백리싸이클링,석촌동,석촌동 244-17,37.50090792193349,127.10138969966536
575,사)한국기능장애인협회 송파구지회/ 성백리싸이클링,석촌동,석촌동 256,37.50039081346078,127.10406358346114
576,사)한국기능장애인협회 송파구지회/ 성백리싸이클링,석촌동,석촌동 257-7,37.50055220734826,127.10383746565793
577,사)한국기능장애인협회 송파구지회/ 성백리싸이클링,석촌동,석촌동 262,37.502152238463864,127.1030832354899
578,사)한국기능장애인협회 송파구지회/ 성백리싸이클링,석촌동,석촌동 264-8,37.5028605718025,127.10318195833486
