연번,행정동,주소,상세위치,위도,경도,데이터 기준일
1,용신동,서울특별시 동대문구 왕산로28길 39,건물앞,37.57655,127.0391,2024-04-12
2,용신동,서울특별시 동대문구 고산자로 479,건물앞,37.58281,127.0384,2024-04-12
3,용신동,서울특별시 동대문구 고산자로34길 12,건물앞,37.57749,127.0391,2024-04-12
4,용신동,서울특별시 동대문구 천호대로29가길 1,건물앞,37.57416,127.0403,2024-04-12
5,용신동,서울특별시 동대문구 천호대로35길 8,건물앞,37.57382,127.0413,2024-04-12
6,용신동,서울특별시 동대문구 천호대로29길 40,건물앞,37.57532,127.0408,2024-04-12
7,용신동,서울특별시 동대문구 천호대로45길 29,건물앞,37.57425,127.0428,2024-04-12
8,용신동,서울특별시 동대문구 천호대로45길 37,건물앞,37.57455,127.0431,2024-04-12
9,용신동,서울특별시 동대문구 천호대로45길 51,건물앞,37.57508,127.0435,2024-04-12
10,용신동,서울특별시 동대문구 천호대로45길 65,건물앞,37.57558,127.0439,2024-04-12
11,용신동,서울특별시 동대문구 천호대로45길 75,건물앞,37.57604,127.0442,2024-04-12
12,용신동,서울특별시 동대문구 천호대로45길 89,건물앞,37.5765,127.0446,2024-04-12
13,용신동,서울특별시 동대문구 천호대로45길 97,건물앞,37.5769,127.0446,2024-04-12
14,용신동,서울특별시 동대문구 천호대로21길 5,건물앞,37.57492,127.034,2024-04-12
15,용신동,서울특별시 동대문구 천호대로25길 17,건물앞,37.57491,127.034,2024-04-12
16,용신동,서울특별시 동대문구 천호대로25길 29,건물앞,37.5755,127.034,2024-04-12
17,용신동,서울특별시 동대문구 천호대로25길 37,건물앞,37.57601,127.034,2024-04-12
18,용신동,서울특별시 동대문구 천호대로25길 55,건물앞,37.57661,127.034,2024-04-12
19,용신동,서울특별시 동대문구 천호대로25길 70,건물앞,37.576,127.034,2024-04-12
20,용신동,서울특별시 동대문구 천호대로17길 32,건물앞,37.57548,127.0325,2024-04-12
21,용신동,서울특별시 동대문구 무학로30길 26,건물앞,37.57507,127.0322,2024-04-12
22,용신동,서울특별시 동대문구 무학로30길 8,건물앞,37.57505,127.0312,2024-04-12
23,용신동,서울특별시 동대문구 무학로30길 46,건물앞,37.57513,127.0334,2024-04-12
24,용신동,서울특별시 동대문구 왕산로26길 8,건물앞,37.57761,127.0363,2024-04-12
25,용신동,서울특별시 동대문구 천호대로27길 56,건물앞,37.57667,127.0376,2024-04-12
26,용신동,서울특별시 동대문구 천호대로27길 14,건물옆,37.57482,127.0375,2024-04-12
27,용신동,서울특별시 동대문구 한빛로 60,건물앞,37.57868,127.0293,2024-04-12
28,용신동,서울특별시 동대문구 한빛로 52,건물앞,37.57861,127.0283,2024-04-12
29,용신동,서울특별시 동대문구 한빛로 39,건물앞,37.57866,127.027,2024-04-12
30,용신동,서울특별시 동대문구 한빛로 33-1,건물앞,37.57838,127.0264,2024-04-12
31,용신동,서울특별시 동대문구 한빛로 16,건물앞,37.57709,127.0252,2024-04-12
32,용신동,서울특별시 동대문구 한빛로1길 6,건물앞,37.5767,127.0241,2024-04-12
33,용신동,서울특별시 동대문구 한빛로1길 13,건물앞,37.57686,127.0237,2024-04-12
34,용신동,서울특별시 동대문구 안암로6길 19,건물앞,37.57937,127.0259,2024-04-12
35,용신동,서울특별시 동대문구 무학로49길 92-1,건물옆,37.57937,127.0254,2024-04-12
36,용신동,서울특별시 동대문구 무학로49길 75,건물앞,37.57976,127.0263,2024-04-12
37,용신동,서울특별시 동대문구 무학로 60,건물앞,37.5751,127.0334,2024-04-12
38,용신동,서울특별시 동대문구 안암로14길 21,건물앞,37.58068,127.0287,2024-04-12
39,용신동,서울특별시 동대문구 안암로16길30,건물옆,37.58098,127.029,2024-04-12
40,용신동,서울특별시 동대문구 안암로 42,건물앞,37.58062,127.0269,2024-04-12
41,용신동,서울특별시 동대문구 안암로 58,건물앞,37.58156,127.0283,2024-04-12
42,용신동,서울특별시 동대문구 무학로 197 ,건물옆,37.58192,127.0294,2024-04-12
43,용신동,서울특별시 동대문구 무학로37길 9,건물앞,37.57795,127.0298,2024-04-12
44,용신동,서울특별시 동대문구 왕산로16길27,건물앞,37.57672,127.0313,2024-04-12
45,용신동,서울특별시 동대문구 왕산로9길 15,건물앞,37.57778,127.0277,2024-04-12
46,용신동,서울특별시 동대문구 무학로35길 8,건물옆,37.57703,127.0299,2024-04-12
47,용신동,서울특별시 동대문구 천호대로13길61,건물앞,37.57694,127.0297,2024-04-12
48,용신동,서울특별시 동대문구 무학로33길 34,건물앞,37.57634,127.0286,2024-04-12
49,용신동,서울특별시 동대문구 무학로33길 20,건물앞,37.57639,127.0294,2024-04-12
50,용신동,서울특별시 동대문구 무학로33길 7,건물옆,37.57625,127.03,2024-04-12
51,용신동,서울특별시 동대문구 천호대로9가길 18,건물앞,37.57488,127.0292,2024-04-12
52,용신동,서울특별시 동대문구 천호대로9길 18,건물앞,37.57481,127.0283,2024-04-12
53,용신동,서울특별시 동대문구 무학로23길 22-3,건물앞,37.57273,127.0292,2024-04-12
54,용신동,서울특별시 동대문구 무학로26길 13,건물앞,37.57349,127.0314,2024-04-12
55,용신동,서울특별시 동대문구 무학로26길 45,건물앞,37.57353,127.0333,2024-04-12
56,용신동,서울특별시 동대문구 천호대로22길 21,건물앞,37.57295,127.0334,2024-04-12
57,용신동,서울특별시 동대문구 천호대로22길 27,건물앞,37.57266,127.0334,2024-04-12
58,용신동,서울특별시 동대문구 천호대로24길 44,건물앞,37.57195,127.0336,2024-04-12
59,용신동,서울특별시 동대문구 무학로16길 57,건물앞,37.57151,127.0333,2024-04-12
60,용신동,서울특별시 동대문구 무학로16길 37,건물앞,37.5709,127.0324,2024-04-12
61,용신동,서울특별시 동대문구 무학로16길 17,건물옆,37.57056,127.0314,2024-04-12
62,용신동,서울특별시 동대문구 천호대로16길 32,건물앞,37.57233,127.0313,2024-04-12
63,용신동,서울특별시 동대문구 청계천로13길 31,건물앞,37.57341,127.0341,2024-04-12
64,용신동,서울특별시 동대문구 청계천로13길 21,건물앞,37.57289,127.0344,2024-04-12
65,용신동,서울특별시 동대문구 왕산로19가길 65,건물옆,37.58102,127.0315,2024-04-12
66,용신동,서울특별시 동대문구 왕산로19길 29,건물옆,37.5795,127.0322,2024-04-12
67,제기동,서울특별시 동대문구 제기로 27,건물옆,37.5869,127.036,2024-04-12
68,제기동,서울특별시 동대문구 안암로22길 35-9,건물옆,37.58738,127.0364,2024-04-12
69,제기동,서울특별시 동대문구 고산자로 539-1,건물앞,37.58779,127.0374,2024-04-12
70,제기동,서울특별시 동대문구 고산자로 530,건물앞,37.58698,127.0384,2024-04-12
71,제기동,서울특별시 동대문구 고산자로52길  43-3,건물앞,37.58856,127.0396,2024-04-12
72,제기동,서울특별시 동대문구 고산자로 550,건물앞,37.58892,127.0372,2024-04-12
73,제기동,서울특별시 동대문구 고산자로62길  32,건물앞,37.59023,127.0376,2024-04-12
74,제기동,서울특별시 동대문구 회기로 16,건물앞,37.5913,127.0383,2024-04-12
75,제기동,서울특별시 동대문구 약령시로13길 1,건물옆,37.58333,127.0391,2024-04-12
76,제기동,서울특별시 동대문구 고산자로30길 13,건물앞,37.57689,127.039,2024-04-12
77,제기동,서울특별시 동대문구 고산자로30길 29,건물앞,37.57649,127.0401,2024-04-12
78,제기동,서울특별시 동대문구 고산자로28가길 1,건물앞,37.57521,127.0401,2024-04-12
79,제기동,서울특별시 동대문구 약령시로28길 ,건물앞,37.58279,127.033,2024-04-12
80,제기동,서울특별시 동대문구 약령시로 74-1,건물앞,37.58354,127.0382,2024-04-12
81,제기동,서울특별시 동대문구 약령시로 43,건물앞,37.5831,127.0346,2024-04-12
82,제기동,서울특별시 동대문구 약령시로 37,건물옆,37.58306,127.0341,2024-04-12
83,제기동,서울특별시 동대문구 약령시로 20,건물앞,37.5827,127.0319,2024-04-12
84,제기동,서울특별시 동대문구 안암로 86,건물앞,37.5835,127.0305,2024-04-12
85,제기동,서울특별시 동대문구 안암로 100,건물앞,37.58467,127.0315,2024-04-12
86,제기동,서울특별시 동대문구 안암로 110,건물앞,37.58548,127.0322,2024-04-12
87,제기동,서울특별시 동대문구 약령시로9길 15,건물앞,37.58376,127.0351,2024-04-12
88,제기동,서울특별시 동대문구 제기로 28,건물옆,37.5869,127.036,2024-04-12
89,제기동,서울특별시 동대문구 안암로22길 44,건물앞,37.58737,127.0359,2024-04-12
90,제기동,서울특별시 동대문구 안암로24길 4,건물옆,37.58862,127.0353,2024-04-12
91,제기동,서울특별시 동대문구 약령시로9길 71-4,건물앞,37.58618,127.0357,2024-04-12
92,제기동,서울특별시 동대문구 약령시로9길 43,건물앞,37.58503,127.0352,2024-04-12
93,제기동,서울특별시 동대문구 제기로4나길 8,건물앞,37.58538,127.0333,2024-04-12
94,제기동,서울특별시 동대문구 제기로4길 46,건물앞,37.5854,127.0327,2024-04-12
95,제기동,서울특별시 동대문구 약령시로3길 38,건물앞,37.58426,127.0323,2024-04-12
96,제기동,서울특별시 동대문구 약령시로3길 22,건물옆,37.58457,127.0331,2024-04-12
97,제기동,서울특별시 동대문구 약령시로5길 23-6,건물옆,37.58483,127.0336,2024-04-12
98,제기동,서울특별시 동대문구 약령시로5길 22-4,건물앞,37.58382,127.0341,2024-04-12
99,제기동,서울특별시 동대문구 약령시로5길 4,건물앞,37.58315,127.0341,2024-04-12
100,제기동,서울특별시 동대문구 왕산로23길 57,건물앞,37.58085,127.03425,2024-04-12
101,제기동,서울특별시 동대문구 약령시로 20,건물앞,37.58263,127.032,2024-04-12
102,제기동,서울특별시 동대문구 무학로42길 35 ,건물앞,37.58188,127.0303,2024-04-12
103,제기동,서울특별시 동대문구 무학로44길 9,건물앞,37.58208,127.0304,2024-04-12
104,제기동,서울특별시 동대문구 무학로44길 53,건물앞,37.58224,127.033,2024-04-12
105,제기동,서울특별시 동대문구 왕산로23길 25,건물옆,37.58188,127.03027,2024-04-12
106,제기동,서울특별시 동대문구 왕산로가길 15,건물옆,37.57938,127.0329,2024-04-12
107,제기동,서울특별시 동대문구 왕산로23가길-5,건물앞,37.58085,127.0342,2024-04-12
108,제기동,서울특별시 동대문구 왕산로 95,건물옆,37.57857,127.0339,2024-04-12
109,제기동,서울특별시 동대문구 왕산로19마길 26,건물옆,37.58001,127.0341,2024-04-12
110,제기동,서울특별시 동대문구 왕산로다길 15,건물앞,37.57939,127.0329,2024-04-12
111,제기동,서울특별시 동대문구 왕산로19다길 39,건물앞,37.58044,127.0325,2024-04-12
112,제기동,서울특별시 동대문구 왕산로19마길 3,건물옆,37.57956,127.0326,2024-04-12
113,제기동,서울특별시 동대문구 전릉천동로 110,건물옆,37.57962,127.03259,2024-04-12
114,제기동,서울특별시 동대문구 전릉천동로 139,건물앞,37.58482,127.0362,2024-04-12
115,제기동,서울특별시 동대문구 전릉천동로 154,건물옆,37.58595,127.0369,2024-04-12
116,신설동,서울특별시 동대문구 하정로2길 15 ,건물앞,37.57513,127.0276,2024-04-12
117,신설동,서울특별시 동대문구 하정로2길 5,건물앞,37.57515,127.0272,2024-04-12
118,신설동,서울특별시 동대문구 하정로 44,건물앞,37.57524,127.0269,2024-04-12
119,신설동,서울특별시 동대문구 왕산로2길 37,건물앞,37.57529,127.0263,2024-04-12
120,신설동,서울특별시 동대문구 천호대로2길 32,건물앞,37.57376,127.0239,2024-04-12
121,신설동,서울특별시 동대문구 천호대로 33,건물옆,37.57431,127.027,2024-04-12
122,청량리동,서울특별시 동대문구 왕산로 193,건물옆,37.58041,127.0446,2024-04-12
123,청량리동,서울특별시 동대문구 제기로33길 23,건물앞,37.58763,127.0498,2024-04-12
124,청량리동,서울특별시 동대문구 제기로37길 27,건물앞,37.58738,127.0492,2024-04-12
125,청량리동,서울특별시 동대문구 제기로33길 7-14,건물앞,37.58721,127.049,2024-04-12
126,청량리동,서울특별시 동대문구 홍릉로47-6,건물앞,37.58526,127.0433,2024-04-12
127,청량리동,서울특별시 동대문구 홍릉로 33,건물앞,37.5835,127.0439,2024-04-12
128,청량리동,서울특별시 동대문구 약령시로 133,건물옆,37.58362,127.0448,2024-04-12
129,청량리동,서울특별시 동대문구 홍릉로 50,건물앞,37.585,127.0439,2024-04-12
130,청량리동,서울특별시 동대문구 제기로 106 ,건물옆,37.58737,127.0449,2024-04-12
131,청량리동,서울특별시 동대문구 제기로26길 18,건물앞,37.58615,127.045,2024-04-12
132,청량리동,서울특별시 동대문구 왕산로43길 74,건물앞,37.58612,127.0469,2024-04-12
133,청량리동,서울특별시 동대문구 왕산로43 다길 10,건물앞,37.58618,127.0474,2024-04-12
134,청량리동,서울특별시 동대문구 왕산로45길 18,건물앞,37.5847,127.0491,2024-04-12
135,청량리동,서울특별시 동대문구 왕산로43 나길 26,건물앞,37.58577,127.048,2024-04-12
136,청량리동,서울특별시 동대문구 왕산로47길 25-7,건물앞,37.58513,127.049,2024-04-12
137,청량리동,서울특별시 동대문구 왕산로47길 16,건물앞,37.5859,127.0499,2024-04-12
138,청량리동,서울특별시 동대문구 제기로38길 40,건물옆,37.58524,127.0495,2024-04-12
139,청량리동,서울특별시 동대문구 왕산로43길 22,건물옆,37.58464,127.0479,2024-04-12
140,청량리동,서울특별시 동대문구 왕산로43나길 7,건물앞,37.58665,127.047,2024-04-12
141,청량리동,서울특별시 동대문구 홍릉로24길 109,건물앞,37.58979,127.0487,2024-04-12
142,청량리동,서울특별시 동대문구 홍릉로24길 129,건물앞,37.59017,127.0499,2024-04-12
143,청량리동,서울특별시 동대문구 홍릉로22길 25-10,건물앞,37.58861,127.0445,2024-04-12
144,청량리동,서울특별시 동대문구 제기로 69-1,건물앞,37.58746,127.0408,2024-04-12
145,청량리동,서울특별시 동대문구 제기로 65-1,건물앞,37.58758,127.0404,2024-04-12
146,청량리동,서울특별시 동대문구 제기로17길 67,건물옆,37.59052,127.0405,2024-04-12
147,청량리동,서울특별시 동대문구 제기로21길 59-16,건물옆,37.59016,127.0409,2024-04-12
148,청량리동,서울특별시 동대문구 제기로17길 41,건물앞,37.58938,127.0409,2024-04-12
149,청량리동,서울특별시 동대문구 홍릉로 107,건물앞,37.58995,127.0423,2024-04-12
150,청량리동,서울특별시 동대문구 제기로 16,건물앞,37.58643,127.0347,2024-04-12
151,청량리동,서울특별시 동대문구 제기로4나길 40,건물앞,37.58427,127.0351,2024-04-12
152,청량리동,서울특별시 동대문구 왕산로19다길 15,건물옆,37.57943,127.0329,2024-04-12
153,청량리동,서울특별시 동대문구 왕산로19바길 14,건물앞,37.58126,127.0329,2024-04-12
154,청량리동,서울특별시 동대문구 왕산로19바길 21,건물앞,37.58149,127.0328,2024-04-12
155,청량리동,서울특별시 동대문구 왕산로19가길 59,건물옆,37.58156,127.031,2024-04-12
156,청량리동,서울특별시 동대문구 왕산로19가길 39-2,건물앞,37.58076,127.0314,2024-04-12
157,청량리동,서울특별시 동대문구 왕산로19가길 10,건물옆,37.57966,127.0324,2024-04-12
158,청량리동,서울특별시 동대문구 왕산로19나길 3,건물옆,37.57951,127.0332,2024-04-12
159,청량리동,서울특별시 동대문구 왕산로43길34,건물 옆,37.58452,127.0477,2024-04-12
160,청량리동,서울특별시 동대문구 제기로36길 17,건물앞,37.58555,127.0492,2024-04-12
161,청량리동,서울특별시 동대문구 왕산로43길50,건물앞,37.58517,127.0473,2024-04-12
162,회기동,서울특별시 동대문구 회기로 108-14,건물옆,37.59207,127.0477,2024-04-12
163,회기동,서울특별시 동대문구 회기로 108-20,건물옆,37.59198,127.0483,2024-04-12
164,회기동,서울특별시 동대문구 회기로12길 20,건물앞,37.59057,127.0499,2024-04-12
165,회기동,서울특별시 동대문구 회기로12나길 13,건물앞,37.59116,127.0491,2024-04-12
166,회기동,서울특별시 동대문구 회기로12나길 9,건물앞,37.59125,127.0494,2024-04-12
167,회기동,서울특별시 동대문구 회기로12길 24,건물옆,37.59114,127.05,2024-04-12
168,회기동,서울특별시 동대문구 회기로12길 36,건물앞,37.59082,127.0498,2024-04-12
169,회기동,서울특별시 동대문구 회기로12길 5-4,건물옆,37.59184,127.05,2024-04-12
170,회기동,서울특별시 동대문구 회기로14길 5,건물옆,37.59196,127.0509,2024-04-12
171,회기동,서울특별시 동대문구 회기로 117-3,건물앞,37.59309,127.049,2024-04-12
172,회기동,서울특별시 동대문구 경희대로 33,건물앞,37.5936,127.053,2024-04-12
173,회기동,서울특별시 동대문구 경희대로3길 41,건물앞,37.59402,127.0504,2024-04-12
174,회기동,서울특별시 동대문구 회기로25길 17-20,건물옆,37.59229,127.0544,2024-04-12
175,회기동,서울특별시 동대문구 회기로25길 30,건물앞,37.59189,127.0559,2024-04-12
176,회기동,서울특별시 동대문구 경희대로4길 42,건물앞,37.59246,127.0546,2024-04-12
177,회기동,서울특별시 동대문구 회기로23나길 20-3,건물옆,37.5936,127.055,2024-04-12
178,회기동,서울특별시 동대문구 회기로23길 49,건물앞,37.59305,127.0552,2024-04-12
179,회기동,서울특별시 동대문구 이문로9길 25-11,건물앞,37.59364,127.0562,2024-04-12
180,회기동,서울특별시 동대문구 이문로9길 27,건물앞,37.59421,127.0562,2024-04-12
181,회기동,서울특별시 동대문구 회기동로25가길 7,건물앞,37.59416,127.057,2024-04-12
182,회기동,서울특별시 동대문구 회기동로 12-26,건물옆,37.59387,127.0534,2024-04-12
183,회기동,서울특별시 동대문구 회기로26길 34,건물앞,37.59149,127.0533,2024-04-12
184,회기동,서울특별시 동대문구 회기로26길 44,건물앞,37.59155,127.0527,2024-04-12
185,회기동,서울특별시 동대문구 회기로4길 21,건물앞,37.59096,127.0372,2024-04-12
186,회기동,서울특별시 동대문구 회기로 8,건물옆,37.59182,127.0372,2024-04-12
187,회기동,서울특별시 동대문구 회기로 16-1,건물옆,37.59185,127.0382,2024-04-12
188,회기동,서울특별시 동대문구 회기로 24,건물옆,37.59313,127.0544,2024-04-12
189,회기동,서울특별시 동대문구 회기로 36,건물옆,37.59142,127.0566,2024-04-12
190,휘경동,서울특별시 동대문구 망우로 121,대진교회 앞,37.5917,127.0663,2024-04-12
191,휘경동,서울특별시 동대문구 사가정로 19,모텔 옆,37.57226,127.0499,2024-04-12
192,휘경동,서울특별시 동대문구 망우로 95,부동산 앞,37.59148,127.0632,2024-04-12
193,휘경동,서울특별시 동대문구 망우로21가길 12,건물 앞,37.59148,127.06317,2024-04-12
194,휘경동,서울특별시 동대문구 망우로 21나길 14,건물 앞,37.59169,127.061,2024-04-12
195,휘경동,서울특별시 동대문구 망우로21나길 6,GS25앞,37.59087,127.0606,2024-04-12
196,휘경동,서울특별시 동대문구 망우로21길 3,카페 앞,37.59042,127.0604,2024-04-12
197,휘경동,서울특별시 동대문구 망우로 21길 26,건물 앞,37.59089,127.0618,2024-04-12
198,휘경동,서울특별시 동대문구 망우로 20가길 34-2,건물 앞,37.59085,127.0647,2024-04-12
199,휘경동,서울특별시 동대문구 한천로53길 6,교회 골목 안,37.58746,127.067,2024-04-12
200,휘경동,서울특별시 동대문구 한천로53길 45,건물 앞,37.58587,127.0659,2024-04-12
201,휘경동,서울특별시 동대문구 한천로49길 44,건물 앞,37.58698,127.0671,2024-04-12
202,휘경동,서울특별시 동대문구 한천로49길 32,건물 앞,37.58639,127.0671,2024-04-12
203,휘경동,서울특별시 동대문구 한천로49길 30,건물 앞,37.58623,127.0673,2024-04-12
204,휘경동,서울특별시 동대문구 한천로51길 10,건물 앞,37.58615,127.0667,2024-04-12
205,휘경동,서울특별시 동대문구 한천로51길 21,건물 앞,37.58572,127.0663,2024-04-12
206,휘경동,서울특별시 동대문구 한천로51길 28,건물 앞,37.58566,127.0658,2024-04-12
207,휘경동,서울특별시 동대문구 한천로51길 38-2,건물 앞,37.58542,127.0658,2024-04-12
208,휘경동,서울특별시 동대문구 한천로51길 40,건물 앞,37.58521,127.0658,2024-04-12
209,휘경동,서울특별시 동대문구 한천로51길 51,건물 앞,37.58535,127.0659,2024-04-12
210,휘경동,서울특별시 동대문구 한천로51길 35,건물 앞,37.58586,127.0664,2024-04-12
211,휘경동,서울특별시 동대문구 한천로51길 17-13,건물 앞,37.58545,127.067,2024-04-12
212,휘경동,서울특별시 동대문구 한천로49길 18,건물 앞,37.58596,127.0675,2024-04-12
213,휘경동,서울특별시 동대문구 한천로49길 5,건물 앞,37.58512,127.0673,2024-04-12
214,휘경동,서울특별시 동대문구 한천로47길 2,건물 앞,37.5848,127.0676,2024-04-12
215,휘경동,서울특별시 동대문구 한천로47길 10,건물 앞,37.5847,127.0671,2024-04-12
216,휘경동,서울특별시 동대문구 한천로46길 70-2,건물 앞,37.58166,127.0722,2024-04-12
217,휘경동,서울특별시 동대문구 장안벚꽃로7가길 34,건물 앞,37.58201,127.0726,2024-04-12
218,휘경동,서울특별시 동대문구 한천로46길 87,건물 앞,37.58069,127.0728,2024-04-12
219,휘경동,서울특별시 동대문구 장안벚꽃로 335,건물 앞,37.58824,127.069,2024-04-12
220,휘경동,서울특별시 동대문구 망우로20길 86,건물 앞,37.59095,127.0663,2024-04-12
221,휘경동,서울특별시 동대문구 망우로20가길 4,건물 앞,37.58998,127.0633,2024-04-12
222,휘경동,서울특별시 동대문구 망우로18길 6,건물 앞,37.5898,127.0624,2024-04-12
223,휘경동,서울특별시 동대문구 망우로18가길 7-6,건물 앞,37.58916,127.0622,2024-04-12
224,휘경동,서울특별시 동대문구 망우로18가길 5-10,건물 앞,37.58914,127.0624,2024-04-12
225,휘경동,서울특별시 동대문구 망우로18길 38,건물 앞,37.58866,127.0626,2024-04-12
226,휘경동,서울특별시 동대문구 망우로18길 49,건물 앞,37.58825,127.0627,2024-04-12
227,휘경동,서울특별시 동대문구 망우로 18길 53,건물 앞,37.58796,127.0628,2024-04-12
228,휘경동,서울특별시 동대문구 망우로18길 77,건물 앞,37.58696,127.0629,2024-04-12
229,휘경동,서울특별시 동대문구 망우로18나길 39,건물 앞,37.58775,127.0626,2024-04-12
230,휘경동,서울특별시 동대문구 망우로16길 56,건물 앞,37.58787,127.0613,2024-04-12
231,휘경동,서울특별시 동대문구 망우로18라길 2,건물 앞,37.58743,127.0611,2024-04-12
232,휘경동,서울특별시 동대문구 망우로18라길 8,건물 앞,37.58714,127.0612,2024-04-12
233,휘경동,서울특별시 동대문구 망우로18마길 23,건물 앞,37.58677,127.0612,2024-04-12
234,휘경동,서울특별시 동대문구 망우로18라길 39,건물 앞,37.58578,127.0613,2024-04-12
235,휘경동,서울특별시 동대문구 망우로18다길 41,건물 앞,37.58564,127.061,2024-04-12
236,휘경동,서울특별시 동대문구 망우로18다길 25,건물 앞,37.58632,127.0609,2024-04-12
237,휘경동,서울특별시 동대문구 망우로18다길 15,건물 앞,37.58675,127.0609,2024-04-12
238,휘경동,서울특별시 동대문구 망우로18가길 85-2,건물 앞,37.58657,127.0602,2024-04-12
239,휘경동,서울특별시 동대문구 망우로18마길 4-19,건물 앞,37.58548,127.0602,2024-04-12
240,휘경동,서울특별시 동대문구 망우로14가길 29-26,건물 앞,37.5878,127.0599,2024-04-12
241,휘경동,서울특별시 동대문구 망우로14가길 19-9,건물 앞,37.58834,127.0604,2024-04-12
242,휘경동,서울특별시 동대문구 망우로14가길 9-1,건물 앞,37.5894,127.05998,2024-04-12
243,휘경동,서울특별시 동대문구 망우로12길 17,건물 앞,37.58856,127.059,2024-04-12
244,휘경동,서울특별시 동대문구 망우로12길 42,건물 앞,37.58825,127.0576,2024-04-12
245,휘경동,서울특별시 동대문구 망우로12길 41-4,건물 앞,37.58931,127.059,2024-04-12
246,휘경동,서울특별시 동대문구 망우로10길 22,건물 앞,37.58825,127.0573,2024-04-12
247,휘경동,서울특별시 동대문구 망우로10가길 12,건물 앞,37.58729,127.0574,2024-04-12
248,휘경동,서울특별시 동대문구 망우로12라길 17-1,건물 앞,37.5874,127.0583,2024-04-12
249,휘경동,서울특별시 동대문구 망우로12라길 12,건물 앞,37.58736,127.058,2024-04-12
250,휘경동,서울특별시 동대문구 망우로12나길 38,건물 앞,37.58778,127.0583,2024-04-12
251,휘경동,서울특별시 동대문구 망우로12나길 27,건물 앞,37.58825,127.0588,2024-04-12
252,휘경동,서울특별시 동대문구 망우로6길 38,건물 앞,37.58669,127.0562,2024-04-12
253,휘경동,서울특별시 동대문구 서울시립대로29가길 45,건물 앞,37.58628,127.0557,2024-04-12
254,휘경동,서울특별시 동대문구 서울시립대로29나길 10,건물 앞,37.58519,127.0555,2024-04-12
255,휘경동,서울특별시 동대문구 망우로10길 60,건물 앞,37.58703,127.0558,2024-04-12
256,휘경동,서울특별시 동대문구 망우로10길 54,건물 앞,37.58726,127.0561,2024-04-12
257,휘경동,서울특별시 동대문구 망우로4길 13,건물 앞,37.58755,127.0549,2024-04-12
258,휘경동,서울특별시 동대문구 전농로38길 80,건물 앞,37.5878,127.0558,2024-04-12
259,휘경동,서울특별시 동대문구 망우로8길 11,건물 앞,37.58782,127.0563,2024-04-12
260,휘경동,서울특별시 동대문구 망우로 28-10,건물 앞,37.58839,127.0564,2024-04-12
261,휘경동,서울특별시 동대문구 망우로 16,건물 앞,37.58832,127.0565,2024-04-12
262,휘경동,서울특별시 동대문구 망우로14길 18,건물 앞,37.58942,127.0602,2024-04-12
263,휘경동,서울특별시 동대문구 망우로 14길 28,건물 앞,37.58947,127.0607,2024-04-12
264,휘경동,서울특별시 동대문구 망우로 41,건물 앞,37.58948,127.058,2024-04-12
265,휘경동,서울특별시 동대문구 망우로 35,건물 앞,37.58941,127.0576,2024-04-12
266,휘경동,서울특별시 동대문구 망우로1길 1,건물 앞,37.58859,127.0545,2024-04-12
267,휘경동,서울특별시 동대문구 망우로1길 7,건물 앞,37.58873,127.0548,2024-04-12
268,휘경동,서울특별시 동대문구 이문로14-7,건물 앞,37.58946,127.0553,2024-04-12
269,휘경동,서울특별시 동대문구 회기로28길 19,건물 앞,37.58943,127.0565,2024-04-12
270,휘경동,서울특별시 동대문구 회기로 189,건물 앞,37.5905,127.0568,2024-04-12
271,휘경동,서울특별시 동대문구 회기로29길 21,건물 앞,37.59155,127.0579,2024-04-12
272,휘경동,서울특별시 동대문구 이문로6길 4,건물 앞,37.59165,127.0571,2024-04-12
273,휘경동,서울특별시 동대문구 이문로 50,건물 앞,37.59215,127.0574,2024-04-12
274,휘경동,서울특별시 동대문구 이문로 58,건물 앞,37.59275,127.0577,2024-04-12
275,휘경동,서울특별시 동대문구 회기로29길 59-5,건물 앞,37.59305,127.0587,2024-04-12
276,휘경동,서울특별시 동대문구 회기로31길 1,건물 앞,37.5907,127.0584,2024-04-12
277,휘경동,서울특별시 동대문구 회기로31길 11,건물 앞,37.59088,127.0589,2024-04-12
278,휘경동,서울특별시 동대문구 회기로31길 23,건물 앞,37.59087,127.0589,2024-04-12
279,휘경동,서울특별시 동대문구 회기로31길 47,건물 앞,37.59187,127.0602,2024-04-12
280,이문동,서울특별시 동대문구 휘경로 60,건물 앞,37.59379,127.0661,2024-04-12
281,이문동,서울특별시 동대문구 휘경로 71,건물 앞,37.59485,127.0677,2024-04-12
282,이문동,서울특별시 동대문구 휘경로 43,건물 앞,37.59543,127.0647,2024-04-12
283,이문동,서울특별시 동대문구 휘경로15길 6,건물 앞,37.59593,127.064,2024-04-12
284,이문동,서울특별시 동대문구 휘경로14길 9,건물 앞,37.59549,127.0633,2024-04-12
285,이문동,서울특별시 동대문구 외대역동로16길 2,건물 앞,37.59714,127.0658,2024-04-12
286,이문동,서울특별시 동대문구 외대역동로 93,건물 앞,37.59706,127.0655,2024-04-12
287,이문동,서울특별시 동대문구 휘경로17길 29,건물 앞,37.59661,127.0649,2024-04-12
288,이문동,서울특별시 동대문구 휘경로11가길 11-2,건물 앞,37.59652,127.0644,2024-04-12
289,이문동,서울특별시 동대문구 휘경로11가길 4-2,건물 앞,37.59614,127.0638,2024-04-12
290,이문동,서울특별시 동대문구 외대역동로 102-1,건너편,37.59793,127.065,2024-04-12
291,이문동,서울특별시 동대문구 외대역동로 104,건물 앞,37.59798,127.065,2024-04-12
292,이문동,서울특별시 동대문구 외대역동로 114,건물 앞,37.59849,127.0652,2024-04-12
293,이문동,서울특별시 동대문구 외대역동로 114-1,건물 앞,37.59851,127.0654,2024-04-12
294,이문동,서울특별시 동대문구 외대역동로30길 6,건물 앞,37.59797,127.0657,2024-04-12
295,이문동,서울특별시 동대문구 이문동 116-28,지하차도입구,37.59863,127.0657,2024-04-12
296,이문동,서울특별시 동대문구 외대역동로 128-2,건물 앞,37.59892,127.0663,2024-04-12
297,이문동,서울특별시 동대문구 외대역동로32길 1,건물 앞,37.59906,127.0667,2024-04-12
298,이문동,서울특별시 동대문구 외대역동로 133-1,건물 앞,37.59934,127.0669,2024-04-12
299,이문동,서울특별시 동대문구 한천로 431,건물 앞,37.59918,127.0674,2024-04-12
300,이문동,서울특별시 동대문구 한천로 417,건물 앞,37.59865,127.0674,2024-04-12
301,이문동,서울특별시 동대문구 한천로55길 10,건물 앞,37.59764,127.0672,2024-04-12
302,이문동,서울특별시 동대문구 휘경로31길 37,건물 앞,37.59632,127.0673,2024-04-12
303,이문동,서울특별시 동대문구 휘경로31길 27,건물 앞,37.5959,127.0673,2024-04-12
304,이문동,서울특별시 동대문구 휘경로31길 21,건물 앞,37.59576,127.0675,2024-04-12
305,이문동,서울특별시 동대문구 한천로 445,건물 앞,37.60045,127.0674,2024-04-12
306,이문동,서울특별시 동대문구 한천로 452,건물 앞,37.60163,127.0678,2024-04-12
307,이문동,서울특별시 동대문구 외대역동로27길 82,건물 앞,37.60148,127.0672,2024-04-12
308,이문동,서울특별시 동대문구 이문로42길 73,건물 앞,37.60169,127.0662,2024-04-12
309,이문동,서울특별시 동대문구 신이문12길 67-9,건물 앞,37.60133,127.0668,2024-04-12
310,이문동,서울특별시 동대문구 이문로46길 40,건물 앞,37.6024,127.0644,2024-04-12
311,이문동,서울특별시 동대문구 이문로46길 30,건물 앞,37.60229,127.0638,2024-04-12
312,이문동,서울특별시 동대문구 신이문로 10,건물 앞,37.60303,127.0632,2024-04-12
313,이문동,서울특별시 동대문구 신이문로 28,건물 앞,37.60292,127.0653,2024-04-12
314,이문동,서울특별시 동대문구 신이문로 34-1,건물 앞,37.60302,127.0659,2024-04-12
315,이문동,서울특별시 동대문구 신이문로28길 2,건물 앞,37.60294,127.0668,2024-04-12
316,이문동,서울특별시 동대문구 신이문로 43,건물 앞,37.60329,127.067,2024-04-12
317,이문동,서울특별시 동대문구 신이문로 39,건물 앞,37.60334,127.0664,2024-04-12
318,이문동,서울특별시 동대문구 신이문로 27-12,건물 앞,37.60349,127.0655,2024-04-12
319,이문동,서울특별시 동대문구 한천로63길 17,건물 앞,37.60409,127.0665,2024-04-12
320,이문동,서울특별시 동대문구 한천로63길 5,건물 앞,37.60436,127.0669,2024-04-12
321,이문동,서울특별시 동대문구 신이문로 17,건물 앞,37.60347,127.0642,2024-04-12
322,이문동,서울특별시 동대문구 신이문로9길 5-2,건물 앞,37.60348,127.0637,2024-04-12
323,이문동,서울특별시 동대문구 이문로 196-17,건물 앞,37.60454,127.0629,2024-04-12
324,이문동,서울특별시 동대문구 이문로50길 20,건물 앞,37.60338,127.063,2024-04-12
325,이문동,서울특별시 동대문구 신이문로 3,건물 앞,37.60328,127.0626,2024-04-12
326,이문동,서울특별시 동대문구 이문로51길 30,건물 앞,37.60387,127.0613,2024-04-12
327,이문동,서울특별시 동대문구 이문로 178,건너편,37.60263,127.0623,2024-04-12
328,이문동,서울특별시 동대문구 이문로 147,건물 앞,37.59993,127.0617,2024-04-12
329,이문동,서울특별시 동대문구 이문로 131,건물 앞,37.59858,127.0611,2024-04-12
330,이문동,서울특별시 동대문구 이문로 85,건물 앞,37.59494,127.0589,2024-04-12
331,이문동,서울특별시 동대문구 이문로17길 7,건물 앞,37.59473,127.0584,2024-04-12
332,이문동,서울특별시 동대문구 이문로25길 91,건물 앞,37.59653,127.0579,2024-04-12
333,이문동,서울특별시 동대문구 이문로9길 3,건물 앞,37.59292,127.0574,2024-04-12
334,이문동,서울특별시 동대문구 이문로 64-1,건물 앞,37.59309,127.058,2024-04-12
335,이문동,서울특별시 동대문구 이문로12길 41,건물 앞,37.59304,127.0599,2024-04-12
336,이문동,서울특별시 동대문구 이문로 70,건물 앞,37.59754,127.0591,2024-04-12
337,이문동,서울특별시 동대문구 이문로 80,건물 앞,37.5942,127.0589,2024-04-12
338,이문동,서울특별시 동대문구 이문로 90,건물 앞,37.59505,127.0594,2024-04-12
339,이문동,서울특별시 동대문구 휘경로2길 24,건물 앞,37.59522,127.0604,2024-04-12
340,이문동,서울특별시 동대문구 이문로16길 35,건물 앞,37.59441,127.0607,2024-04-12
341,이문동,서울특별시 동대문구 이문로16길 47,건물 앞,37.59427,127.0613,2024-04-12
342,이문동,서울특별시 동대문구 휘경로10길 38,건물 앞,37.59396,127.0618,2024-04-12
343,이문동,서울특별시 동대문구 휘경로10길 28,건물 앞,37.59429,127.062,2024-04-12
344,이문동,서울특별시 동대문구 휘경로 26-7,건물 앞,37.59507,127.0624,2024-04-12
345,이문동,서울특별시 동대문구 휘경로 15,건물뒤,37.59611,127.062,2024-04-12
346,이문동,서울특별시 동대문구 이문로 118,건물 앞,37.59729,127.0609,2024-04-12
347,이문동,서울특별시 동대문구 이문로 136,건물 앞,37.59867,127.0619,2024-04-12
348,이문동,서울특별시 동대문구 이문로 156,건물 앞,37.6006,127.0623,2024-04-12
349,이문동,서울특별시 동대문구 이문로42길 17,건물 앞,37.60105,127.063,2024-04-12
350,이문동,서울특별시 동대문구 이문로46길 44-17,건물 앞,37.60109,127.0646,2024-04-12
351,이문동,서울특별시 동대문구 이문로 166,건물 앞,37.60149,127.0622,2024-04-12
352,이문동,서울특별시 동대문구 이문로25길 11,건물 앞,37.59568,127.059,2024-04-12
353,이문동,서울특별시 동대문구 이문로25길 22-1,건물 앞,37.596,127.0582,2024-04-12
354,이문동,서울특별시 동대문구 이문로21길 17,건물 앞,37.59547,127.0584,2024-04-12
355,이문동,서울특별시 동대문구 회기로25가길 22,건물 앞,37.59433,127.057,2024-04-12
356,이문동,서울특별시 동대문구 이문로13길 31,건물 앞,37.59385,127.0565,2024-04-12
357,이문동,서울특별시 동대문구 이문로9길 52,학교 정문쪽,37.59467,127.0565,2024-04-12
358,이문동,서울특별시 동대문구 이문동 산 15-11,자율방법대 앞,37.5948,127.0565,2024-04-12
359,이문동,서울특별시 동대문구 이문로9길 74,건물 앞,37.59544,127.0569,2024-04-12
360,이문동,서울특별시 동대문구 이문로9길 84,건물 앞,37.59593,127.0579,2024-04-12
361,이문동,서울특별시 동대문구 이문로9길 105-13,건물 앞,37.59697,127.0565,2024-04-12
362,이문동,서울특별시 동대문구 이문로9길 103,건물 앞,37.59683,127.0567,2024-04-12
363,이문동,서울특별시 동대문구 이문로9길 105,건물 앞,37.59697,127.0566,2024-04-12
364,이문동,서울특별시 동대문구 이문로9길 105-16,건물 앞,37.59663,127.056,2024-04-12
365,이문동,서울특별시 동대문구 이문로9가길 5-13,건물 앞,37.59675,127.0559,2024-04-12
366,이문동,서울특별시 동대문구 경희대로 26,삼의원창업센터,37.59691,127.0514,2024-04-12
367,이문동,서울특별시 동대문구 이문로9길 115,건물 앞,37.59748,127.0567,2024-04-12
368,이문동,서울특별시 동대문구 이문로9길 123,건물 앞,37.59775,127.0568,2024-04-12
369,이문동,서울특별시 동대문구 천장산로7길 10-1,건물 앞,37.59872,127.0572,2024-04-12
370,이문동,서울특별시 동대문구 이문로9나길 20,건물 앞,37.59785,127.056,2024-04-12
371,이문동,서울특별시 동대문구 천장산로7길 54,건물 앞,37.59849,127.0548,2024-04-12
372,이문동,서울특별시 동대문구 천장산로7길 62,건물 앞,37.59846,127.0545,2024-04-12
373,이문동,서울특별시 동대문구 천장산로9길 30-3,건물 앞,37.59941,127.0558,2024-04-12
374,이문동,서울특별시 동대문구 천장산로9길 16-4,건물 앞,37.59935,127.0569,2024-04-12
375,이문동,서울특별시 동대문구 천장산로9길 8-4,건물 앞,37.59937,127.0572,2024-04-12
376,이문동,서울특별시 동대문구 천장산로 31,건물 앞,37.59879,127.0577,2024-04-12
377,이문동,서울특별시 동대문구 천장산로 39,건물 앞,37.59943,127.0574,2024-04-12
378,이문동,서울특별시 동대문구 천장산로11길 36,건물 앞,37.60008,127.0554,2024-04-12
379,답십리1동,서울특별시 동대문구 답십리로40길 7,한성빌딩주차장 입구 담,37.5734543,127.0510538,2024-04-12
380,답십리1동,서울특별시 동대문구 답십리로 78,쌈짓돈생삼겹 맞은편,37.574938,127.0491627,2024-04-12
381,답십리1동,서울특별시 동대문구 답십리로30길 28,간데메공원 방범초소옆,37.5741033,127.0481767,2024-04-12
382,답십리1동,서울특별시 동대문구 답십리로38길 25,간데메공원 (답3동 새마을방역봉사대옆),37.5731991,127.0498592,2024-04-12
383,답십리1동,서울특별시 동대문구 답십리로38길 39,간데메공원 ,37.5726668,127.049355,2024-04-12
384,답십리1동,서울특별시 동대문구 답십리로30길 44 ,빛과진리교회 맞은편 간데메공원 입구,37.5735261,127.0477549,2024-04-12
385,답십리1동,서울특별시 동대문구 답십리로30길 44 ,빛과진리교회 맞은편 간데메공원 입구,37.5735261,127.0477549,2024-04-12
386,답십리1동,서울특별시 동대문구 서울시립대로2길 16-1,한양빌라 입구,37.5736356,127.0469405,2024-04-12
387,답십리1동,서울특별시 동대문구 고미술로 43,고미술상가6동옆,37.5678097,127.0527841,2024-04-12
388,답십리1동,서울특별시 동대문구 황물로 111,이마트24 건너편,37.5690637,127.0518664,2024-04-12
389,답십리1동,서울특별시 동대문구 고미술로14,개미포차 건너편,37.5696646,127.0502401,2024-04-12
390,답십리1동,서울특별시 동대문구 천호대로67길 28,중경빌딩 건너편,37.5699108,127.0511415,2024-04-12
391,답십리1동,서울특별시 동대문구 천호대로67길 43,착한부동산 건너편 ,37.570574,127.0516526,2024-04-12
392,답십리1동,서울특별시 동대문구 천호대로71길 44,세운종합상사 건너편,37.5689327,127.0538512,2024-04-12
393,답십리1동,서울특별시 동대문구 사가정로2길 100,또와수퍼 건너편,37.5683683,127.0545834,2024-04-12
394,답십리1동,서울특별시 동대문구 사가정로2길 121,신진케미칼 옆,37.5678432,127.0556021,2024-04-12
395,답십리1동,서울특별시 동대문구 전농로3가길 2,명지피아노건너편 ,37.5696293,127.0561121,2024-04-12
396,답십리1동,서울특별시 동대문구 전농로3길 68-1,답십리재림교회옆,37.5707907,127.0559842,2024-04-12
397,답십리2동,서울특별시 동대문구 한천로11길 51,문화이발관건너편,37.566834,127.0593852,2024-04-12
398,답십리2동,서울특별시 동대문구 답십리로56길 89,공영주차장옆,37.5687294,127.0588778,2024-04-12
399,답십리2동,서울특별시 동대문구 답십리로56길 90,,37.5689449,127.0587296,2024-04-12
400,답십리2동,서울특별시 동대문구 답십리로56길 56,답십리두산박스터널입구,37.5703724,127.059181,2024-04-12
401,답십리2동,서울특별시 동대문구 답십리로52길 19,신답교회주차장,37.5715893,127.0590659,2024-04-12
402,답십리2동,서울특별시 동대무구 답십리로59길 57,디지털 봉제기기앞,37.5751945,127.0669634,2024-04-12
403,답십리2동,서울특별시 동대문구 답십리로59길 26,우성그린공인중개사 옆,37.573813,127.0664917,2024-04-12
404,답십리2동,서울특별시 동대문구 한천로 123,레이지코지앞,37.572368,127.0654598,2024-04-12
405,답십리2동,서울특별시 동대문구 답십리로60길 45,장수빌라트앞,37.5707599,127.0643996,2024-04-12
406,답십리2동,서울특별시 동대문구 답십리로60길 92,민중빌라트옆,37.5693221,127.0627031,2024-04-12
407,답십리2동,서울특별시 동대문구 한천로11길 18,답십리2동 주민센터 앞,37.5674156,127.0613256,2024-04-12
408,답십리2동,서울특별시 동대문구 황물로15길 1,황금정육점 건너편,37.5663421,127.0589646,2024-04-12
409,답십리2동,서울특별시 동대문구 황물로15길 34,"케이원,엑스프로베터리 사이",37.5660425,127.0587303,2024-04-12
410,전농1동,서울특별시 동대문구 서울시립대로19길55,,37.583063,127.0512009,2024-04-12
411,전농1동,서울특별시 동대문구 전농로37길 96-14,,37.5815274,127.0510986,2024-04-12
412,전농1동,서울특별시 동대문구 전농로37길 21,전일청소년독서실 주차장 대각선방향,37.5843734,127.0515575,2024-04-12
413,전농1동,서울특별시 서울시립대로19길 21,,37.5825141,127.0501679,2024-04-12
414,전농1동,서울특별시 동대문구 답십리로29길 28,텃골근린공원,37.5774923,127.0507966,2024-04-12
415,전농1동,서울특별시 동대문구 전농로37길 21,,37.5843642,127.0515618,2024-04-12
416,전농1동,서울특별시 동대문구 전농로37길 2,,37.5852558,127.0530537,2024-04-12
417,전농1동,서울특별시 동대문구 전농로38나길 4,현대미싱옆,37.5858115,127.0528148,2024-04-12
418,전농1동,서울특별시 동대문구 전농로38길 12,은주네반찬 앞,37.5852731,127.0530473,2024-04-12
419,전농1동,서울특별시 동대문구 전농로38다길 4,,37.5860505,127.0532033,2024-04-12
420,전농1동,서울특별시 동대문구 전농로38길 24,뉴화양빌라 건너편,37.5863263,127.0531894,2024-04-12
421,전농1동,서울특별시 동대문구 전농로38길 30,세화아파트 건너편,37.586369,127.0534023,2024-04-12
422,전농1동,서울특별시 동대문구 전농로38길 46,cu편의점 대각선방향,37.5864543,127.0542279,2024-04-12
423,전농1동,서울특별시 동대문구 서울시립대로29길 70,해봄빌라옆,37.586635,127.0549363,2024-04-12
424,전농1동,서울특별시 동대문구 서울시립대로29길 24,,37.5846637,127.0547099,2024-04-12
425,전농1동,서울특별시 동대문구 전농로36가길 23-1,,37.5845299,127.0532947,2024-04-12
426,전농1동,서울특별시 동대문구 전농로29길 42,전곡마을마당공원입구,37.5809644,127.0546995,2024-04-12
427,전농1동,서울특별시 동대문구 답십리로23다길 32,로얄하이츠빌라옆,37.5802742,127.0538974,2024-04-12
428,전농1동,서울특별시 동대문구 전농로27길 25,,37.5808551,127.0537844,2024-04-12
429,전농1동,서울특별시 동대문구 답십리로23길 120,,37.5802762,127.0518715,2024-04-12
430,전농1동,서울특별시 동대문구 답십리로23길 58,샛말어린이공원입구,37.5778602,127.0499919,2024-04-12
431,전농1동,서울특별시 동대문구 시립대로5길 4,,37.5757645,127.0469077,2024-04-12
432,전농1동,서울특별시 동대문구 답십리로15길 26,럭키연립옆,37.5775372,127.0472055,2024-04-12
433,전농1동,서울특별시 동대문구 답십리로15길 39,전농1동주민센터방향,37.5781206,127.0473787,2024-04-12
434,전농1동,서울특별시 동대문구 전농로21길 55,대한불교진각종무애심인당 오른쪽 담,37.579014,127.0546839,2024-04-12
435,전농1동,서울특별시 동대문구 전농로17길 7,봉순이네 뼈 감자탕집 건너편,37.5784526,127.0565952,2024-04-12
436,전농1동,서울특별시 동대문구 서울시립대로3길 22,바이림 건너편,37.5756202,127.0456979,2024-04-12
437,전농2동,서울특별시 동대문구 전농로30길 7,동대문구보훈회관,37.5827234,127.0548661,2024-04-12
438,전농2동,서울특별시 동대문구 한천로 185,동트리움102,37.5775808,127.0677978,2024-04-12
439,전농2동,서울특별시 동대문구 한천로 185,동트리움101,37.5775808,127.0677978,2024-04-12
440,전농2동,서울특별시 동대문구 전농로20길 31,혜성여자고등학교 입구  바마이클커피전문점 건너편,37.5795786,127.0571495,2024-04-12
441,전농2동,서울특별시 동대문구 사가정로15길 20,성덕교회입구,37.5786007,127.0595919,2024-04-12
442,전농2동,서울특별시 동대문구 사가정로17길 21,아름드리어린이공원입구,37.5788962,127.059926,2024-04-12
443,전농2동,서울특별시 동대문구 한천로43길 23,41차퍼시픽하우스앞 배봉산입구계단,37.5804323,127.0669251,2024-04-12
444,전농2동,서울특별시 동대문구 한천로41길 11,한살림앞,37.5795442,127.0678444,2024-04-12
445,전농2동,서울특별시 동대문구 한천로33가길 17,,37.5775112,127.0666986,2024-04-12
446,전농2동,서울특별시 동대문구 한천로33가길 17-2,정춘정 공예교실 건너편,37.5776936,127.0665328,2024-04-12
447,전농2동,서울특별시 동대문구 사가정로13가길 32,CU편의점 건너편 아름드리어린이공원입구,37.5795952,127.0597105,2024-04-12
448,장안1동,동대문구 천호대로95길 16,장안동 제이에스아파트 앞,37.5624378,127.070386,2024-04-12
449,장안1동,동대문구 천호대로 89길 52,동아쉐르빌 앞,37.563917,127.0692468,2024-04-12
450,장안1동,동대문구 답십리로68길 35,장수연립 맞은편,37.5709006,127.0690594,2024-04-12
451,장안1동,동대문구 장안로26가길 113,장안1동 문화센터 앞,37.5670296,127.0693389,2024-04-12
452,장안1동,동대문구 천호대로87길 43,미나리어린이공원 화장실 근처,37.56369,127.0684306,2024-04-12
453,장안1동,동대문구 장한로34,장안소방서 주차장 옆,37.5641586,127.0672403,2024-04-12
454,장안1동,동대문구 장한로10길 48,금성아트빌 101동 앞,37.5645165,127.0696163,2024-04-12
455,장안1동,동대문구 장한로10길 28,홍해오크팰리스 정문 앞,37.5648108,127.0687543,2024-04-12
456,장안1동,동대문구 장한로12길 18,장안동 임진강 메기메운탕 건너편,37.5655745,127.0686369,2024-04-12
457,장안1동,동대문구 장한로12길 62,형인허브빌 아파트 어린이 보호구역 앞,37.5648823,127.0707451,2024-04-12
458,장안1동,동대문구 장한로12길 73,장안동 정석빌딩 앞,37.5645714,127.0717029,2024-04-12
459,장안1동,동대문구 장한로12길 90,장안동 상록파라브아파트 101동 옆,37.5642708,127.0721253,2024-04-12
460,장안1동,동대문구 장한로14길 61,안평초등학교 횡단보도 앞,37.5650576,127.0723097,2024-04-12
461,장안1동,동대문구 장한로18길 26-10,장안동 장평중학교 후문 앞,37.5669936,127.0700631,2024-04-12
462,장안1동,동대문구 장한로18길 26-14,장평중학교후문 아르떼피아노 앞,37.5665374,127.0695959,2024-04-12
463,장안1동,동대문구 답십리로68길 24,장미어린이공원 CU옆,37.5714705,127.0693476,2024-04-12
464,장안1동,동대문구 답십리로68길 32,장안동U포그니 2차아파트 옆,37.5711345,127.068461,2024-04-12
465,장안1동,동대문구 답십리로64길 16,동대문구 선거관리위원회 앞,37.571852,127.0671045,2024-04-12
466,장안1동,동대문구 장한로17길 20,샛별어린이공원 앞,37.5682177,127.0673363,2024-04-12
467,장안1동,동대문구 장한로17길 20,샛별어린이공원 앞,37.5682177,127.0673363,2024-04-12
468,장안1동,동대문구 장한로17길 20,샛별어린이공원 옆,37.5677757,127.0671429,2024-04-12
469,장안1동,동대문구 한천로18길 52,장안제1동주민센터 앞,37.5678505,127.0665504,2024-04-12
470,장안1동,동대문구 한천로72,민지빌딩(스피드메이트타이어) 뒤,37.5677813,127.0633136,2024-04-12
471,장안1동,동대문구 천호대로83길 77-3,대명빌라맨션 앞,37.5658732,127.0659736,2024-04-12
472,장안1동,동대문구 장한로6길 10,조현약국 맞은편,37.563578,127.0668772,2024-04-12
473,장안1동,동대문구 천호대로 97길 9,장안푸르미에 CU 앞,37.561484,127.0697803,2024-04-12
474,장안1동,동대문구 천호대로89길 33,형인허브빌 아파트 미나리공원 맞은편,37.5637087,127.0684501,2024-04-12
475,장안1동,동대문구 천호대로89길 33,형인허브빌 정문롤이터 앞,37.5633967,127.0688499,2024-04-12
476,장안1동,동대문구 천호대로91길 62,금성연립 가동 옆,37.5643037,127.0701448,2024-04-12
477,장안1동,동대문구 천호대로77가길 27,신일해피트리2차아파트 관리실뒤,37.564107,127.0635072,2024-04-12
478,장안1동,동대문구 천호대로77다길 20,안골어린이공원앞,37.5653934,127.0645418,2024-04-12
479,장안1동,동대문구 장한로3길 34,SK텔레콤 뒤편,37.5645409,127.0639359,2024-04-12
480,장안1동,동대문구 천호대로79길 18 ,금성빌라 앞,37.5633543,127.0628255,2024-04-12
481,장안1동,동대문구 한천로6길,금성빌라 옆,37.5630385,127.0629773,2024-04-12
482,장안1동,동대문구 한천로6길 21, 서울군자초등학교 담 평화발레오동판점건너편,37.5640675,127.0619213,2024-04-12
483,장안1동,동대문구 한천로6길 21,서울군자초등학교 담 홀가하우스 B동 건너편,37.5635719,127.0610011,2024-04-12
484,장안1동,동대문구 한천로6길 21,서울군자초등학교 담 대명이룸아파트 건너편,37.5646743,127.0619497,2024-04-12
485,장안1동,동대문구 한천로 100,버거킹 장안SK점 뒷담,37.5701327,127.0651854,2024-04-12
486,장안1동,동대문구 천호대로77나길 2,장안동 명성세탁소 앞,37.5650946,127.0628442,2024-04-12
487,장안2동,동대문구 장안벚꽃로 3길18,은석초등학교 어린이보호구역 길,37.5786673,127.0751872,2024-04-12
488,장안2동,동대문구 장한로31길 33,장안동성당 앞,37.5754888,127.0696346,2024-04-12
489,장안2동,동대문구 장한로26나길 51,신준용연립 앞,37.5693037,127.0716163,2024-04-12
490,장안2동,동대문구 장안로20길 7,서희스타힐스아파트 앞,37.5684896,127.0701647,2024-04-12
491,장안2동,동대문구 장한로26다길 84,똘비왕족발 건너편,37.5681466,127.070949,2024-04-12
492,장안2동,동대문구 장한로26다길 77,솔향기어린이집옆,37.5683215,127.0718841,2024-04-12
493,장안2동,동대문구 장한로24길 40,제일열립 성수공인중개사사무소건너편,37.5701538,127.0729303,2024-04-12
494,장안2동,서울특별시 동대문구 장한로26나길 31,장안빌하우스,37.5703838,127.0722135,2024-04-12
495,장안2동,서울특별시 동대문구 장한로26길 32,신우상사 옆,37.5712373,127.0734633,2024-04-12
496,장안2동,서울특별시 동대문구 장한로26나길 6,늘봄어린이공원입구,37.5715391,127.0727081,2024-04-12
497,장안2동,서울특별시 동대문구 장한로28가길 11,하은어린이집 옆,37.5736185,127.0726169,2024-04-12
498,장안2동,서울특별시 동대문구 장한로32길,마로니에어린이공원 나정향영어학원건너편,37.5751756,127.0736195,2024-04-12
499,장안2동,서울특별시 동대문구 장한로 178,성광니트 앞,37.5762906,127.0724717,2024-04-12
500,장안2동,서울특별시 동대문구 사가정로 253,미도빌라입구,37.5800668,127.0726259,2024-04-12
501,장안2동,서울특별시 동대문구 사가정로23가길 51,참사랑교회건너편 미도빌라,37.5806588,127.0731661,2024-04-12
502,장안2동,서울특별시 동대문구 사가정로23가길 35,방원예뜨랑아파트 101동 담 화성빌라 건너편,37.580865,127.0721065,2024-04-12
503,장안2동,서울특별시 동대문구 장안동 579,은하수드림필아트101동 ,37.5810807,127.0713607,2024-04-12
504,장안2동,서울특별시 동대문구 사가정로23길 64,성우스타밸리스 103동 건너편 ,37.582022,127.06999,2024-04-12
505,장안2동,서울특별시 동대문구 사가정로23길 40,연후빌딩주차장 건너편,37.5806711,127.069828,2024-04-12
506,장안2동,서울특별시 동대문구 장한로 191,장안교회 입구 건너편,37.5772798,127.070793,2024-04-12
507,장안2동,서울특별시 동대문구 장한로 33길 20,오복연립 다동 천지어패럴 대각선뱡향,37.5764535,127.0706594,2024-04-12
508,장안2동,서울특별시 동대문구 장한로 33길 20,오복연립 다동 장안파크뷰아파트입구,37.5764192,127.0712088,2024-04-12
509,장안2동,서울특별시 동대문구 답십리로65길 44,가든시티 1차 옆,37.5743495,127.0695328,2024-04-12
510,장안2동,서울특별시 동대문구 답십리로63길 48,아름다운교회,37.5745892,127.0688474,2024-04-12
511,장안2동,서울특별시 동대문구 장한로34길 23-12,,37.577209,127.073591,2024-04-12
512,장안2동,서울특별시 동대문구 장한로26나길 72,드립스카이빌(가동) 건너편,37.5687481,127.0712059,2024-04-12
