데이터기준일,연번,도로명주소,지번주소,경도,위도
2024-04-17,1,서울특별시 성북구 종암로 3길 29-17,서울특별시 성북구 종암동 31-50,127.0347952,37.59236557
2024-04-17,2,서울특별시 성북구 종암로 3길 37-22,서울특별시 성북구 종암동31-37번지 ,127.0341879,37.59203624
2024-04-17,3,서울특별시 성북구 북악산로 27길 24,서울특별시 성북구 종암동31-36번지 ,127.0340189,37.59197178
2024-04-17,4,서울특별시 성북구 종암로 5길 96,서울특별시 성북구 종암동31-61번지 ,127.033377,37.59169622
2024-04-17,5,서울특별시 성북구 종암로 3길 53,서울특별시 성북구 종암동32-4번지 ,127.0332503,37.5927404
2024-04-17,6,서울특별시 성북구 종암로 3길 53,서울특별시 성북구 종암동32-4번지 ,127.0332503,37.5927404
2024-04-17,7,서울특별시 성북구 종암로 3길 47,서울특별시 성북구 종암동32-8번지 ,127.0334311,37.59276891
2024-04-17,8,서울특별시 성북구 종암로 3길 50,서울특별시 성북구 종암동34-9번지 한일주택 ,127.0332566,37.5931279
2024-04-17,9,서울특별시 성북구 종암로 9다길 40-25,서울특별시 성북구 종암동54-442번지 ,127.0323444,37.593616
2024-04-17,10,서울특별시 성북구 종암로 9다길 40-21,서울특별시 성북구 종암동54-327번지 ,127.0320942,37.59370406
2024-04-17,11,서울특별시 성북구 종암로 9다길 37,서울특별시 성북구 종암동54-311번지 ,127.0327235,37.59407864
2024-04-17,12,서울특별시 성북구 종암로 13가길 1,서울특별시 성북구 종암동45-181번지 휴먼팰리스 ,127.032998,37.59649567
2024-04-17,13,서울특별시 성북구 종암로 21다길 14-20,서울특별시 성북구 ,127.0198086,37.59191787
2024-04-17,14,서울특별시 성북구 종암로 19가길 44,서울특별시 성북구 종암동62-4번지 ,127.0319882,37.59839761
2024-04-17,15,서울특별시 성북구 종암로 19가길 32,서울특별시 성북구 종암동62-15번지 노블레스타운 ,127.0312058,37.5984723
2024-04-17,16,서울특별시 성북구 종암로 19가길 10,서울특별시 성북구 종암동62-29번지 ,127.0304467,37.59850211
2024-04-17,17,서울특별시 성북구 종암로 19길 93,서울특별시 성북구 종암동57-39번지 ,127.0296529,37.5977117
2024-04-17,18,서울특별시 성북구 종암로 19길 109,서울특별시 성북구 종암동125-85번지 ,127.0292123,37.59850099
2024-04-17,19,서울특별시 성북구 종암로 19다길 30,서울특별시 성북구 종암동125-59번지 ,127.027824,37.5990212
2024-04-17,20,서울특별시 성북구 종암로 19다길 38,서울특별시 성북구 종암동125-62번지 ,127.0275115,37.59866722
2024-04-17,21,서울특별시 성북구 종암로 19다길 56,서울특별시 성북구 종암동57-159번지 ,127.0275223,37.59783835
2024-04-17,22,서울특별시 성북구 종암로 19라길 26,서울특별시 성북구 종암동125-32번지 성도아트빌 ,127.0282716,37.59856535
2024-04-17,23,서울특별시 성북구 종암로 19라길 14,서울특별시 성북구 종암동125-35번지 유민아트빌 ,127.0285194,37.5986665
2024-04-17,24,서울특별시 성북구 종암로 19라길 5,서울특별시 성북구 종암동125-20번지 성도아트빌 ,127.0284221,37.59917929
2024-04-17,25,서울특별시 성북구 종암로 19다길 1,서울특별시 성북구 종암동78-80번지 ,127.0292218,37.59951925
2024-04-17,26,서울특별시 성북구 종암로 25길 24,서울특별시 성북구 종암동79-179번지 ,127.0316444,37.60045818
2024-04-17,27,서울특별시 성북구 종암로 25길 22-14,서울특별시 성북구 종암동82-9번지 ,127.0317623,37.60097274
2024-04-17,28,서울특별시 성북구 종암로 25길 22-24,서울특별시 성북구 종암동79-530번지 ,127.0318018,37.60142358
2024-04-17,29,서울특별시 성북구 월곡로 13길 7,서울특별시 성북구 종암동112-4번지 ,127.039842,37.60057913
2024-04-17,30,서울특별시 성북구 월곡로 7길 7,서울특별시 성북구 종암동3-1048번지 ,127.0389355,37.59797676
2024-04-17,31,서울특별시 성북구 월곡로 7길 25,서울특별시 성북구 종암동3-337번지 ,127.0381154,37.59833952
2024-04-17,32,서울특별시 성북구 월곡로 7길 45,서울특별시 성북구 종암동3-301번지 해가온팰리스아파트 ,127.0370888,37.59891683
2024-04-17,33,서울특별시 성북구 종암로 24가길 50,서울특별시 성북구 종암동127번지 SK아파트 ,127.0370648,37.59989877
2024-04-17,34,서울특별시 성북구 월곡로 10길 42,서울특별시 성북구 종암동1-10번지 종암힐스톤 ,127.0399626,37.5982374
2024-04-17,35,서울특별시 성북구 월곡로 10길 80,서울특별시 성북구 종암동3-612번지 ,127.0402455,37.59649168
2024-04-17,36,서울특별시 성북구 회기로 3길 24,서울특별시 성북구 종암동27-2번지 ,127.0373534,37.59243149
2024-04-17,37,서울특별시 성북구 회기로 3가길 1-24,서울특별시 성북구 종암동28-387번지 ,127.0377833,37.59246202
2024-04-17,38,서울특별시 성북구 월곡로 18가길 57,서울특별시 성북구 하월곡동13-9번지 ,127.0442296,37.6037413
2024-04-17,39,서울특별시 성북구 화랑로 14길 64,서울특별시 성북구 하월곡동38-49번지 ,127.0433659,37.60220254
2024-04-17,40,서울특별시 성북구 화랑로 14길 88,서울특별시 성북구 하월곡동40-6번지 터틀하우스 ,127.0430731,37.60119101
2024-04-17,41,서울특별시 성북구 월곡로 14길 43-2,서울특별시 성북구 하월곡동40-120번지 ,127.0430024,37.60051465
2024-04-17,42,서울특별시 성북구 월곡로 14길 33,서울특별시 성북구 하월곡동41-31번지 ,127.0422676,37.6004186
2024-04-17,43,서울특별시 성북구 월곡로 14길 3,서울특별시 성북구 하월곡동34-57번지 ,127.0414344,37.60092544
2024-04-17,44,서울특별시 성북구 화랑로 18가길 11-8,서울특별시 성북구 상월곡동24-191번지 ,127.0493477,37.60559367
2024-04-17,45,서울특별시 성북구 화랑로 18가길 51,서울특별시 성북구 상월곡동24-51번지 한솔아파트 ,127.0501668,37.60441989
2024-04-17,46,서울특별시 성북구 화랑로 18길 51,서울특별시 성북구 상월곡동24-200번지 ,127.0505362,37.60564828
2024-04-17,47,서울특별시 성북구 화랑로 19길 7 ,서울특별시 성북구 상월곡동28-7번지 우남빌라 ,127.0485872,37.60750677
2024-04-17,48,서울특별시 성북구 화랑로 152 ,서울특별시 성북구 상월곡동97-22번지 ,127.047873,37.60578003
2024-04-17,49,서울특별시 성북구 화랑로 15길 1,서울특별시 성북구 ,127.0451579,37.60554188
2024-04-17,50,서울특별시 성북구 장월로 1길 9,서울특별시 성북구 상월곡동46번지 ,127.0469458,37.60743948
2024-04-17,51,서울특별시 성북구 장월로 1길 49,서울특별시 성북구 상월곡동57-1번지 ,127.0454106,37.60615663
2024-04-17,52,서울특별시 성북구 장월로1길 28,서울특별시 성북구 상월곡동101번지 동아에코빌아파트 ,127.0456151,37.60877129
2024-04-17,53,서울특별시 성북구 장월로 1마길 46-1,서울특별시 성북구 상월곡동85-27번지 ,127.0430728,37.60652517
2024-04-17,54,서울특별시 성북구 장월로 1마길 40,서울특별시 성북구 상월곡동78-5번지 ,127.0430567,37.60601144
2024-04-17,55,서울특별시 성북구 화랑로 5길 69,서울특별시 성북구 하월곡동222-2번지 ,127.0399603,37.60548175
2024-04-17,56,서울특별시 성북구 화랑로 5길 64,서울특별시 성북구 하월곡동53-12번지 ,127.0402712,37.60507881
2024-04-17,57,서울특별시 성북구 화랑로 5길 54,서울특별시 성북구 하월곡동52-8번지 ,127.0398116,37.60471466
2024-04-17,58,서울특별시 성북구 오패산로 3길 36-4,서울특별시 성북구 하월곡동71-2번지 ,127.0361379,37.60504517
2024-04-17,59,서울특별시 성북구 오패산로 3가길 34,서울특별시 성북구 하월곡동90-1614번지 ,127.0341269,37.60465932
2024-04-17,60,서울특별시 성북구 오패산로 1길 39,서울특별시 성북구 하월곡동90-1838번지 ,127.0347157,37.60379013
2024-04-17,61,서울특별시 성북구 정릉로 46길 31,서울특별시 성북구 ,127.0253219,37.60071256
2024-04-17,62,서울특별시 성북구 정릉로 46길 17,서울특별시 성북구 돈암동625-5번지 ,127.0254944,37.60138076
2024-04-17,63,서울특별시 성북구 정릉로 44길 19,서울특별시 성북구 돈암동627-3번지 구현대3차아파트 ,127.0249429,37.60111491
2024-04-17,64,서울특별시 성북구 정릉로 44길 37,서울특별시 성북구 돈암동628번지 ,127.025007,37.60053877
2024-04-17,65,서울특별시 성북구 숭인로 2길 28,서울특별시 성북구 길음동1118-2번지 ,127.0231465,37.61032671
2024-04-17,66,서울특별시 성북구 숭인로 2길 14,서울특별시 성북구 길음동1125-1번지 스위트휴 ,127.0227548,37.61083706
2024-04-17,67,서울특별시 성북구 삼양로 2길 22,서울특별시 성북구 길음동1069번지 ,127.0255397,37.60572414
2024-04-17,68,서울특별시 성북구 삼양로 2길 19-5,서울특별시 성북구 길음동1083번지 대원연립 ,127.0248157,37.60566411
2024-04-17,69,서울특별시 성북구 삼양로 4길 11,서울특별시 성북구 길음동1086-1번지 ,127.0246523,37.60603218
2024-04-17,70,서울특별시 성북구 삼양로 4길 33,서울특별시 성북구 길음동1089번지 ,127.0243467,37.60688565
2024-04-17,71,서울특별시 성북구 숭인로 2길 84,서울특별시 성북구 길음동1094번지 ,127.0240284,37.60784713
2024-04-17,72,서울특별시 성북구 숭인로 2길 60,서울특별시 성북구 길음동1104번지 ,127.0236174,37.60896102
2024-04-17,73,서울특별시 성북구 삼양로 2길 70,서울특별시 성북구 길음동1064-1번지 ,127.027281,37.60681072
2024-04-17,74,서울특별시 성북구 길음로 15가길 29    ,서울특별시 성북구 정릉동227-21번지 대림파크빌 ,127.0146691,37.61159888
2024-04-17,75,서울특별시 성북구 길음로 15가길 53    ,서울특별시 성북구 정릉동227-185번지 그레이스빌 ,127.0143969,37.61247963
2024-04-17,76,서울특별시 성북구 서경로 6길  6    ,서울특별시 성북구 정릉동192-57번지 쉐누빌 ,127.0159413,37.60701418
2024-04-17,77,서울특별시 성북구 서경로 18길 26    ,서울특별시 성북구 정릉동227-26번지 이안휴빌 ,127.0146507,37.61127435
2024-04-17,78,서울특별시 성북구 서경로 18길 10    ,서울특별시 성북구 정릉동227-160번지 ,127.0149543,37.61058308
2024-04-17,79,서울특별시 성북구 서경로 87   ,서울특별시 성북구 정릉동227-154번지 ,127.0140325,37.61090878
2024-04-17,80,서울특별시 성북구 서경로 9가길 10   ,서울특별시 성북구 정릉동218-21번지 한아름빌2차 ,127.01372,37.6088428
2024-04-17,81,서울특별시 성북구 서경로 18길 18   ,서울특별시 성북구 정릉동227-30번지 ,127.0148365,37.6109245
2024-04-17,82,서울특별시 성북구 보국문로 8다길 38   ,서울특별시 성북구 정릉동221-3번지 ,127.0129884,37.60935028
2024-04-17,83,서울특별시 성북구 보국문로 8다길 40  ,서울특별시 성북구 정릉동226-56번지 ,127.0129076,37.60946674
2024-04-17,84,서울특별시 성북구 보국문로 8다길 67   ,서울특별시 성북구 정릉동226-65번지 ,127.0120703,37.60940568
2024-04-17,85,서울특별시 성북구 보국문로 8다길 26   ,서울특별시 성북구 정릉동206-179번지 온니원쉐르빌 ,127.0131545,37.60878401
2024-04-17,86,서울특별시 성북구 아리랑로 19길 70,서울특별시 성북구 정릉동506번지 ,127.0099262,37.60196318
2024-04-17,87,서울특별시 성북구 아리랑로 5길 133,서울특별시 성북구 정릉동561번지 ,127.0111313,37.59990088
2024-04-17,88,서울특별시 성북구 아리랑로 18길 45,서울특별시 성북구 정릉동16-343번지 ,127.0162604,37.60170071
2024-04-17,89,서울특별시 성북구 아리랑로 5길 153,서울특별시 성북구 정릉동547번지 ,127.0111753,37.60085635
2024-04-17,90,서울특별시 성북구 아리랑로 18길 23,서울특별시 성북구 정릉동112-25번지 ,127.0150264,37.6016634
2024-04-17,91,서울특별시 성북구 동소문로 35가길 29,서울특별시 성북구 돈암동38-19번지 ,127.0212232,37.59977765
2024-04-17,92,서울특별시 성북구 동소문로 35가길 47,서울특별시 성북구 돈암동48-30번지 ,127.0207107,37.59913367
2024-04-17,93,서울특별시 성북구 정릉로 42길 22   ,서울특별시 성북구 정릉동16-55번지 ,127.0202668,37.60103118
2024-04-17,94,서울특별시 성북구 정릉로 42길 28   ,서울특별시 성북구 정릉동16-70번지 ,127.0200882,37.60083147
2024-04-17,95,서울특별시 성북구 정릉로 27길 85   ,서울특별시 성북구 정릉동203-1번지 풍산그레이스 ,127.0133767,37.60738926
2024-04-17,96,서울특별시 성북구 정릉로 27다길 14   ,서울특별시 성북구 정릉동218-39번지 ,127.0133443,37.60899284
2024-04-17,97,서울특별시 성북구 정릉로 42길 38   ,서울특별시 성북구 정릉동16-411번지 ,127.0197047,37.60072017
2024-04-17,98,서울특별시 성북구 정릉로 34길 45   ,서울특별시 성북구 정릉동16-505번지 삼성그린빌라 ,127.0180629,37.60069753
2024-04-17,99,서울특별시 성북구 정릉로 38다길 23   ,서울특별시 성북구 ,127.0177898,37.60165937
2024-04-17,100,서울특별시 성북구 북악산로 3길 40   ,서울특별시 성북구 ,127.0103274,37.59902915
2024-04-17,101,서울특별시 성북구 북악산로 825-12   ,서울특별시 성북구 정릉동968-1번지 ,127.016969,37.60034604
2024-04-17,102,서울특별시 성북구 북악산로 825-44   ,서울특별시 성북구 정릉동125-6번지 ,127.0171953,37.60122193
2024-04-17,103,서울특별시 성북구 솔샘로 17길 26,서울특별시 성북구 정릉동712-13번지 ,127.0054045,37.61241329
2024-04-17,104,서울특별시 성북구 정릉로 9가길 14,서울특별시 성북구 정릉동885-4번지 ,126.9999669,37.6099346
2024-04-17,105,서울특별시 성북구 솔샘로 15길 64-2,서울특별시 성북구 정릉동727-13번지 영진연립 ,127.0020925,37.61191683
2024-04-17,106,서울특별시 성북구 솔샘로 15길 28,서울특별시 성북구 정릉동735번지 ,127.0032927,37.61279195
2024-04-17,107,서울특별시 성북구 솔샘로 5길 52,서울특별시 성북구 정릉동718-8번지 ,127.0029489,37.61054547
2024-04-17,108,서울특별시 성북구 솔샘로 5길 62,서울특별시 성북구 정릉동727-19번지 ,127.0023461,37.6107296
2024-04-17,109,서울특별시 성북구 솔샘로 11길 43-3,서울특별시 성북구 정릉동716-115번지 ,127.0027341,37.6113636
2024-04-17,110,서울특별시 성북구 솔샘로 11길 40,서울특별시 성북구 정릉동716-116번지 ,127.0031101,37.61119558
2024-04-17,111,서울특별시 성북구 솔샘로 15다길 49,서울특별시 성북구 정릉동717-12번지 ,127.004077,37.61003238
2024-04-17,112,서울특별시 성북구 솔샘로 9길 4-3,서울특별시 성북구 정릉동716-205번지 서광빌라 ,127.0047846,37.61047985
2024-04-17,113,서울특별시 성북구 정릉로 15길 47,서울특별시 성북구 정릉동665-7번지 ,127.0026765,37.60974125
2024-04-17,114,서울특별시 성북구 정릉로 12길 18,서울특별시 성북구 정릉동647-6번지 ,127.0021003,37.60708734
2024-04-17,115,서울특별시 성북구 정릉로 12길 22,서울특별시 성북구 정릉동647-7번지 ,127.001907,37.60713977
2024-04-17,116,서울특별시 성북구 정릉로 12길 52,서울특별시 성북구 정릉동642-2번지 ,127.0015094,37.60637954
2024-04-17,117,서울특별시 성북구 정릉로 10가길 62,서울특별시 성북구 정릉동640-19번지 ,127.0019972,37.60547361
2024-04-17,118,서울특별시 성북구 정릉로 10가길 48,서울특별시 성북구 정릉동640-21번지 한본빌라 ,127.0016182,37.60586686
2024-04-17,119,서울특별시 성북구 정릉로 10라길 17,서울특별시 성북구 정릉동905-8번지 ,127.0000069,37.60609652
2024-04-17,120,서울특별시 성북구 정릉로 10라길 50,서울특별시 성북구 정릉동908번지 에덴빌라 ,127.0001854,37.60460231
2024-04-17,121,서울특별시 성북구 정릉로 10라길 5,서울특별시 성북구 정릉동903-13번지 보광빌라 ,126.9994373,37.60634399
2024-04-17,122,서울특별시 성북구 정릉로 10길 120-5,서울특별시 성북구 정릉동921-8번지 에버빌1차 ,126.9979409,37.60476351
2024-04-17,123,서울특별시 성북구 정릉로 10다길 10,서울특별시 성북구 정릉동898-20번지 ,126.9986549,37.60641846
2024-04-17,124,서울특별시 성북구 정릉로 10다길 49,서울특별시 성북구 정릉동927번지 한전주택 ,126.9969853,37.60592675
2024-04-17,125,서울특별시 성북구 정릉로 10길 46,서울특별시 성북구 정릉동895번지 이화연립주택 ,126.9986886,37.60813071
2024-04-17,126,서울특별시 성북구 정릉로 8가길 51,서울특별시 성북구 정릉동879번지 ,126.9962219,37.60710963
2024-04-17,127,서울특별시 성북구 정릉로 8가길 86-4,서울특별시 성북구 정릉동941-5번지 ,126.9944856,37.60652722
2024-04-17,128,서울특별시 성북구 정릉로 6가길 20,서울특별시 성북구 정릉동955-2번지 ,126.9948988,37.60948614
2024-04-17,129,서울특별시 성북구 정릉로 16길 14,서울특별시 성북구 정릉동649-7번지 ,127.0032326,37.6071059
2024-04-17,130,서울특별시 성북구 보국문로 12길 15-6    ,서울특별시 성북구 정릉동402-71번지 영강하이츠빌라 ,127.0106248,37.60908723
2024-04-17,131,서울특별시 성북구 보국문로 8길 109   ,서울특별시 성북구 정릉동266-402번지 ,127.0129191,37.6111698
2024-04-17,132,서울특별시 성북구 보국문로 16다길 49    ,서울특별시 성북구 정릉동266-35번지 서경하이츠빌라 ,127.0118731,37.61318839
2024-04-17,133,서울특별시 성북구 보국문로 18길 42    ,서울특별시 성북구 정릉동266-172번지 진영빌라 ,127.0111632,37.61119116
2024-04-17,134,서울특별시 성북구 보국문로 18길 35    ,서울특별시 성북구 정릉동266-368번지 ,127.0106417,37.61123184
2024-04-17,135,서울특별시 성북구 보국문로 24길 9    ,서울특별시 성북구 정릉동290-44번지 다오아트빌 ,127.0081835,37.61296826
2024-04-17,136,서울특별시 성북구 보국문로 28길 32   ,서울특별시 성북구 정릉동772-26번지 에덴빌라 ,127.0056095,37.6174428
2024-04-17,137,서울특별시 성북구 보국문로 36길 30   ,서울특별시 성북구 정릉동815-13번지 충신빌라 ,126.9999497,37.6188457
2024-04-17,138,서울특별시 성북구 보국문로 32길 26   ,서울특별시 성북구 정릉동966-24번지 ,127.0025069,37.61820956
2024-04-17,139,서울특별시 성북구 보국문로 29길 5  ,서울특별시 성북구 정릉동770번지 산장연립 ,127.0036663,37.61621003
2024-04-17,140,서울특별시 성북구 보국문로 29길 49  ,서울특별시 성북구 정릉동764-4번지 ,127.0016454,37.61570642
2024-04-17,141,서울특별시 성북구 보국문로 137  ,서울특별시 성북구 정릉동771-59번지 영빈빌라 ,127.0055441,37.61554106
2024-04-17,142,서울특별시 성북구 솔샘로 20길 18  ,서울특별시 성북구 정릉동252-129번지 ,127.0087861,37.61364909
2024-04-17,143,서울특별시 성북구 솔샘로 73-7 ,서울특별시 성북구 정릉동293-4번지 ,127.007204,37.61337451
2024-04-17,144,서울특별시 성북구 장위로 17길 16-18,서울특별시 성북구 장위동229-10번지 중앙클래식하우스 ,127.0429487,37.61533633
2024-04-17,145,서울특별시 성북구 장위로 15길 34-24,서울특별시 성북구 장위동230-64번지 토암트윈스빌 ,127.0434705,37.61527748
2024-04-17,146,서울특별시 성북구 장위로 21길 17-14,서울특별시 성북구 장위동229-5번지 동방라온가 ,127.0434209,37.61472745
2024-04-17,147,서울특별시 성북구 장위로 21가길 9,서울특별시 성북구 장위동225-91번지 성원그린빌 ,127.0442874,37.61428394
2024-04-17,148,서울특별시 성북구 장위로 21가길 22,서울특별시 성북구 장위동225-81번지 ,127.0449464,37.61412708
2024-04-17,149,서울특별시 성북구 장위로 29길 11-16,서울특별시 성북구 장위동225-20번지 ,127.0460964,37.61454184
2024-04-17,150,서울특별시 성북구 장위로 29길 14,서울특별시 성북구 장위동232-13번지 해마루빌4차 ,127.0470033,37.61448608
2024-04-17,151,서울특별시 성북구 장위로 21길 60,서울특별시 성북구 장위동225-13번지 인성하우징 ,127.0462265,37.61500241
2024-04-17,152,서울특별시 성북구 장위로 21나길 50,서울특별시 성북구 장위동219-252번지 삼성쉐르빌 ,127.0454271,37.61640158
2024-04-17,153,서울특별시 성북구 장위로 21라길 28,서울특별시 성북구 장위동219-257번지 공간행복 ,127.04555,37.6156457
2024-04-17,154,서울특별시 성북구 장위로 21다길 5-26,서울특별시 성북구 장위동219-260번지 ,127.0452095,37.61569701
2024-04-17,155,서울특별시 성북구 장위로 15길 74-10,서울특별시 성북구 장위동219-341번지 ,127.0440448,37.61642645
2024-04-17,156,서울특별시 성북구 장위로 10길 13,서울특별시 성북구 장위동231-309번지 ,127.039858,37.61344611
2024-04-17,157,서울특별시 성북구 장위로 10길 35,서울특별시 성북구 장위동231-318번지 도원맨션 ,127.0397941,37.61224721
2024-04-17,158,서울특별시 성북구 장위로 10길 48,서울특별시 성북구 장위동231-559번지 장계빌라 ,127.039186,37.61197195
2024-04-17,159,서울특별시 성북구 장위로 16길 27,서울특별시 성북구 장위동231-116번지 ,127.0413138,37.61298038
2024-04-17,160,서울특별시 성북구 장위로 4길 80,서울특별시 성북구 장위동231-297번지 ,127.0414518,37.61193629
2024-04-17,161,서울특별시 성북구 장위로 16길 67,서울특별시 성북구 장위동231-539번지 ,127.0424048,37.61181787
2024-04-17,162,서울특별시 성북구 장위로 22길 40,서울특별시 성북구 장위동233-378번지 ,127.0437254,37.61217096
2024-04-17,163,서울특별시 성북구 장위로 24길 46,서울특별시 성북구 장위동233-357번지 ,127.0448179,37.61177433
2024-04-17,164,서울특별시 성북구 장위로 24길 48,서울특별시 성북구 ,127.0448073,37.6126032
2024-04-17,165,서울특별시 성북구 장월로 9나길 11-14,서울특별시 성북구 장위동246-398번지 ,127.0464773,37.61131919
2024-04-17,166,서울특별시 성북구 장월로 3길 22,서울특별시 성북구 장위동246-268번지 ,127.0463979,37.60866949
2024-04-17,167,서울특별시 성북구 장월로 11길 65-13,서울특별시 성북구 장위동233-512번지 ,127.0463353,37.61179559
2024-04-17,168,서울특별시 성북구 장월로 11길 39-14,서울특별시 성북구 장위동233-145번지 ,127.0462423,37.61198406
2024-04-17,169,서울특별시 성북구 장월로 11길 39-8,서울특별시 성북구 장위동233-519번지 ,127.0464662,37.61219311
2024-04-17,170,서울특별시 성북구 장월로 11길  9,서울특별시 성북구 장위동233-41번지 ,127.0484914,37.61237162
2024-04-17,171,서울특별시 성북구 장위로 32길 24,서울특별시 성북구 장위동233-76번지 ,127.0478648,37.6126549
2024-04-17,172,서울특별시 성북구 장위로 30길 24,서울특별시 성북구 장위동233-86번지 대성아트빌 ,127.0474106,37.61274135
2024-04-17,173,서울특별시 성북구 장위로 26길 17-13,서울특별시 성북구 장위동233-532번지 ,127.0463515,37.61319233
2024-04-17,174,서울특별시 성북구 장위로 26길 17-23,서울특별시 성북구 장위동233-99번지 ,127.046671,37.61300569
2024-04-17,175,서울특별시 성북구 장월로 9길 13,서울특별시 성북구 장위동246-303번지 장위아띠끄빌 ,127.0475528,37.6113639
2024-04-17,176,서울특별시 성북구 장월로 44,서울특별시 성북구 장위동246-122번지 ,127.0477642,37.60987889
2024-04-17,177,서울특별시 성북구울 장월로 40,서울특별시 성북구 ,127.0198086,37.59191787
2024-04-17,178,서울특별시 성북구 장월로 5길 43,서울특별시 성북구 장위동246-149번지 그린빌라 ,127.0471172,37.60999081
2024-04-17,179,서울특별시 성북구 장월로 56-23,서울특별시 성북구 장위동68-1205번지 ,127.0490894,37.61077258
2024-04-17,180,서울특별시 성북구 돌곶이로 32-27,서울특별시 성북구 ,127.0534941,37.61355611
2024-04-17,181,서울특별시 성북구 장월로 49길 18,서울특별시 성북구 ,127.0198086,37.59191787
2024-04-17,182,서울특별시 성북구 장월로 49길 17,서울특별시 성북구 ,127.0198086,37.59191787
2024-04-17,183,서울특별시 성북구 장월로 49길 16,서울특별시 성북구 ,127.0198086,37.59191787
2024-04-17,184,서울특별시 성북구 돌곶이로 9나길 12,서울특별시 성북구 석관동332-155번지 ,127.0601807,37.60604073
2024-04-17,185,서울특별시 성북구 돌곶이로 22가길 5,서울특별시 성북구 ,127.0599686,37.60939993
2024-04-17,186,서울특별시 성북구 한천로 81길 23,서울특별시 성북구 석관동192-37번지 ,127.0603396,37.61142121
2024-04-17,187,서울특별시 성북구 한천로 69길 10-2,서울특별시 성북구 석관동65-76번지 ,127.0645814,37.60824715
2024-04-17,188,서울특별시 성북구 한천로 76다길 4-7,서울특별시 성북구 석관동118-42번지 ,127.0661491,37.6115033
2024-04-17,189,서울특별시 성북구 한천로 66길 203,서울특별시 성북구 석관동134-2번지 ,127.0655242,37.61347164
2024-04-17,190,서울특별시 성북구 화랑로 42길 36,서울특별시 성북구 석관동168-61번지 ,127.064194,37.61386658
2024-04-17,191,서울특별시 성북구 보문로 29나길 1,서울특별시 성북구 삼선동5가151-6번지 ,127.01642,37.58697003
2024-04-17,192,서울특별시 성북구 보문로 31길 36,서울특별시 성북구 삼선동5가66-11번지 ,127.0147968,37.58813688
2024-04-17,193,서울특별시 성북구 보문로 36길 12,서울특별시 성북구 삼선동4가350-6번지 ,127.0149185,37.59094013
2024-04-17,194,서울특별시 성북구 삼선교로 18길 5,서울특별시 성북구 삼선동3가6번지 ,127.0122516,37.58880944
2024-04-17,195,서울특별시 성북구 동소문로 2길 15,서울특별시 성북구 동소문동2가76번지 ,127.0073241,37.58811039
2024-04-17,196,서울특별시 성북구 삼선교로 2길 15,서울특별시 성북구 삼선동1가11-2번지 ,127.0056772,37.58763702
2024-04-17,197,서울특별시 성북구 삼선교로 4길 10,서울특별시 성북구 삼선동1가16-7번지 ,127.0067902,37.58738508
2024-04-17,198,서울특별시 성북구 삼선교로 4길 47-1,서울특별시 성북구 삼선동1가216-6번지 ,127.0074586,37.58565168
2024-04-17,199,서울특별시 성북구 삼선교로 4길 115,서울특별시 성북구 삼선동1가290-28번지 ,127.0075628,37.58291339
2024-04-17,200,서울특별시 성북구 삼선교로 4길 133,서울특별시 성북구 삼선동1가291-15번지 ,127.0084852,37.58251566
2024-04-17,201,서울특별시 성북구 삼선교로 4길 162,서울특별시 성북구 삼선동1가302-7번지 ,127.0092587,37.58138684
2024-04-17,202,서울특별시 성북구 삼선교로 16길 67,서울특별시 성북구 삼선동2가232번지 ,127.0111761,37.58536748
2024-04-17,203,서울특별시 성북구 삼선교로 14길 58,서울특별시 성북구 삼선동2가203-1번지 타임아트빌 ,127.0102801,37.58548612
2024-04-17,204,서울특별시 성북구 삼선교로 10다길 28,서울특별시 성북구 삼선동1가246번지 ,127.0084661,37.58566915
2024-04-17,205,서울특별시 성북구 삼선교로 10다길 59,서울특별시 성북구 삼선동1가288번지 ,127.0089721,37.58422272
2024-04-17,206,서울특별시 성북구 삼선교로 8길 56,서울특별시 성북구 삼선동1가224번지 ,127.0075212,37.58520169
2024-04-17,207,서울특별시 성북구 북악산로 766,서울특별시 성북구 정릉동545-1번지 ,127.0107894,37.60091619
2024-04-17,208,서울특별시 성북구 북악산로 1길 71,서울특별시 성북구 정릉동508-171번지 ,127.0051931,37.59765251
2024-04-17,209,서울특별시 성북구 북악산로 1길 80,서울특별시 성북구 ,127.0051661,37.59883264
2024-04-17,210,서울특별시 성북구 북악산로 1길 118,서울특별시 성북구 정릉동508-150번지 ,127.0034373,37.59853876
2024-04-17,211,서울특별시 성북구 북악산로 1길 134,서울특별시 성북구 정릉동508-155번지 ,127.0028746,37.5991287
2024-04-17,212,서울특별시 성북구 선잠로 101,서울특별시 성북구 성북동15-24번지 ,126.9950451,37.60028779
2024-04-17,213,서울특별시 성북구 선잠로 96-1,서울특별시 성북구 ,126.9974261,37.59754182
2024-04-17,214,서울특별시 성북구 선잠로 84,서울특별시 성북구 성북동15-68번지 ,126.9971357,37.59977394
2024-04-17,215,서울특별시 성북구 선잠로 66,서울특별시 성북구 성북동9-11번지 ,126.9974968,37.59818216
2024-04-17,216,서울특별시 성북구 선잠로 76-1,서울특별시 성북구 ,126.9974261,37.59754182
2024-04-17,217,서울특별시 성북구 대사관로 152,서울특별시 성북구 성북동15-29번지 ,126.9965591,37.60139091
2024-04-17,218,서울특별시 성북구 대사관로 7길 31,서울특별시 성북구 성북동330-379번지 ,126.9885849,37.59731332
2024-04-17,219,서울특별시 성북구 대사관로 11길 31,서울특별시 성북구 성북동330-255번지 ,126.989513,37.59818625
2024-04-17,220,서울특별시 성북구 대사관로 13길 123,서울특별시 성북구 성북동330-267번지 ,126.9890295,37.59876779
2024-04-17,221,서울특별시 성북구 동소문로 7길 16,서울특별시 성북구 동소문동4가97-1번지 ,127.0088753,37.59067336
2024-04-17,222,서울특별시 성북구 동소문로 3길 68,서울특별시 성북구 동소문동1가129번지 삼선파크빌 ,127.0083278,37.59097512
2024-04-17,223,서울특별시 성북구 동소문로 25-30,서울특별시 성북구 동소문동1가130번지 ,127.0081467,37.5909736
2024-04-17,224,서울특별시 성북구 동소문로 3길 54,서울특별시 성북구 동소문동1가55-1번지 광국빌라 ,127.0078558,37.59070985
2024-04-17,225,서울특별시 성북구 동소문로 3길 26,서울특별시 성북구 동소문동1가45-1번지 ,127.0069071,37.58966569
2024-04-17,226,서울특별시 성북구 성북로 23길 137,서울특별시 성북구 성북동217-119번지 ,126.9911306,37.59244244
2024-04-17,227,서울특별시 성북구 성북로 14가길 5,서울특별시 성북구 성북동145-177번지 ,127.0016486,37.59425274
2024-04-17,228,서울특별시 성북구 성북로 14가길 17,서울특별시 성북구 성북동145-34번지 ,127.0021673,37.5944193
2024-04-17,229,서울특별시 성북구 성북로 12길 11-14,서울특별시 성북구 성북동164-1번지 팔복빌라 ,127.002804,37.59337947
2024-04-17,230,서울특별시 성북구 선잠로 34-1,서울특별시 성북구 ,126.9974261,37.59754182
2024-04-17,231,서울특별시 성북구 선잠로 27,서울특별시 성북구 성북동75-17번지 ,126.9977533,37.59509377
2024-04-17,232,서울특별시 성북구 성북로 28길 14,서울특별시 성북구 성북동253-2번지 ,126.9938546,37.59533997
2024-04-17,233,서울특별시 성북구 성북로 26길 43,서울특별시 성북구 성북동300-3번지 ,126.9932348,37.59595641
2024-04-17,234,서울특별시 성북구 성북로 28길 50,서울특별시 성북구 성북동300-5번지 ,126.9924672,37.59661664
2024-04-17,235,서울특별시 성북구 성북로 28길 27,서울특별시 성북구 성북동260-65번지 ,126.9931694,37.59576663
2024-04-17,236,서울특별시 성북구 성북로 31길 48 (1),서울특별시 성북구 성북동349-1번지 사보이빌라 1호,126.9890744,37.59460538
2024-04-17,237,서울특별시 성북구 지봉로 21길 32,서울특별시 성북구 보문동2가53번지 ,127.0171666,37.5861653
2024-04-17,238,서울특별시 성북구 보문로 29길 10,서울특별시 성북구 삼선동5가242번지 ,127.0172718,37.58763488
2024-04-17,239,서울특별시 성북구 보문로 25길 19,서울특별시 성북구 보문동2가64-4번지 ,127.0177243,37.58594468
2024-04-17,240,서울특별시 성북구 보문로 21길 38,서울특별시 성북구 보문동6가10번지 ,127.0184783,37.58284235
2024-04-17,241,서울특별시 성북구 보문사길 39,서울특별시 성북구 보문동3가207-2번지 베쏘하우스 ,127.0178419,37.58388227
2024-04-17,242,서울특별시 성북구 고려대로 10길 3,서울특별시 성북구 안암동2가141-12번지 ,127.0216661,37.58582419
2024-04-17,243,서울특별시 성북구 고려대로 10길 37,서울특별시 성북구 안암동3가41-1번지 ,127.0222046,37.58446808
2024-04-17,244,서울특별시 성북구 고려대로 12길 69    ,서울특별시 성북구 안암동3가133-4번지 ,127.0233525,37.58327017
2024-04-17,245,서울특별시 성북구 고려대로 14길 44    ,서울특별시 성북구 안암동3가55-9번지 ,127.0228601,37.5845636
2024-04-17,246,서울특별시 성북구 고려대로 22길 41    ,서울특별시 성북구 ,127.0287501,37.58525188
2024-04-17,247,서울특별시 성북구 안암로 5길 8   ,서울특별시 성북구 안암동4가41-39번지 ,127.0243063,37.57958377
2024-04-17,248,서울특별시 성북구 안암로 9길 49  ,서울특별시 성북구 안암동3가130-13번지 ,127.023881,37.58181484
2024-04-17,249,서울특별시 성북구 안암로 89-3,서울특별시 성북구 안암동5가104-17번지 ,127.0304534,37.5839954
2024-04-17,250,서울특별시 성북구 안암로 69-1 ,서울특별시 성북구 안암동5가134-35번지 ,127.028863,37.58265781
2024-04-17,251,서울특별시 성북구 안암로 1길   ,서울특별시 성북구 ,127.0224215,37.5808657
2024-04-17,252,서울특별시 성북구 개운사길 76-1 ,서울특별시 성북구 안암동5가10-1번지 ,127.0298312,37.59007233
