연번,관리번호,관리단체,행정동,설치장소(도로명),경도,위도
1,1-지,지체장애인협회,충현동,서대문구 북아현로14가길 43,126.9586116,37.5640076
2,2-지,지체장애인협회,충현동,서대문구 북아현로48,126.9560283,37.5617593
3,3-지,지체장애인협회,충현동,서대문구 북아현로16길 18-2,126.9560981,37.5632466
4,4-지,지체장애인협회,충현동,서대문구 북아현로18길39,126.9562018,37.5639233
5,5-지,지체장애인협회,충현동,서대문구 북아현로68-9,126.9553462,37.5635913
6,6-지,지체장애인협회,충현동,서대문구 북아현로14길40,126.9576384,37.5631791
7,7-지,지체장애인협회,충현동,서대문구 북아현로14길55,126.9578549,37.5638838
8,8-지,지체장애인협회,충현동,서대문구 북아현로18길63-14,126.9575614,37.5638272
9,9-지,지체장애인협회,충현동,서대문구 북아현로20길69,126.9571374,37.5642019
10,10-지,지체장애인협회,충현동,서대문구 북아현로20길45,126.9559116,37.5644433
11,11-지,지체장애인협회,충현동,서대문구 북아현로20길37-5,126.9552065,37.5646803
12,12-지,지체장애인협회,충현동,서대문구 북아현로80-8,126.9542276,37.5642572
13,13-지,지체장애인협회,충현동,서대문구 북아현로24나길100,126.9548056,37.5625864
14,14-지,지체장애인협회,충현동,서대문구 북아현로22나길52,126.955499,37.56562
15,15-지,지체장애인협회,충현동,서대문구 북아현로22나길21-8,126.9540055,37.5663817
16,16-지,지체장애인협회,충현동,서대문구 북아현로22나길8,126.9531822,37.5661671
17,17-지,지체장애인협회,충현동,서대문구 북아현로26길42,126.9519737,37.5667781
18,18-지,지체장애인협회,충현동,서대문구 북아현로11가길30,126.9543333,37.5631769
19,19-지,지체장애인협회,충현동,서대문구 북아현로22길53,126.9556549,37.5649907
20,20-지,지체장애인협회,충현동,서대문구 경기대로7길27,126.9604332,37.5632488
21,21-지,지체장애인협회,충현동,서대문구 경기대로5길6-15,126.9608096,37.5630449
22,22-지,지체장애인협회,충현동,서대문구 경기대로7길34-10,126.960433,37.5640777
23,23-지,지체장애인협회,충현동,서대문구 경기대로5길31,126.9597922,37.5629458
24,24-지,지체장애인협회,충현동,서대문구 경기대로7길48,126.9596423,37.5639627
25,25-지,지체장애인협회,충현동,서대문구 경기대로3길7,126.9611767,37.5618768
26,26-지,지체장애인협회,충현동,서대문구 경기대로3길23,126.9606993,37.5620167
27,27-지,지체장애인협회,충현동,서대문구 경기대로9길15,126.9630072,37.5645509
28,28-지,지체장애인협회,충현동,서대문구 경기대로9길47,126.9613183,37.5639053
29,29-지,지체장애인협회,홍제1동,서대문구 통일로19길21,126.9510326,37.5798077
30,30-지,지체장애인협회,홍제1동,서대문구 모래내로24다길20,126.9427546,37.5831488
31,31-지,지체장애인협회,홍제1동,서대문구 모래내로24다길35-20,126.9421429,37.5831703
32,32-지,지체장애인협회,홍제1동,서대문구 모래내로24다길35,126.9418763,37.5836095
33,33-지,지체장애인협회,홍제1동,서대문구 모래내로24길52,126.9429597,37.5822586
34,34-지,지체장애인협회,홍제1동,서대문구 모래내로24나길15,126.9444522,37.5832
35,35-지,지체장애인협회,홍제1동,서대문구 모래내로24나길22,126.9448261,37.5831763
36,36-지,지체장애인협회,홍제1동,서대문구 모래내로24가길32,126.9449947,37.5840699
37,37-지,지체장애인협회,홍제1동,서대문구 모래내로426,126.9424845,37.5838312
38,38-지,지체장애인협회,홍제1동,서대문구 통일로37다길28,126.9435674,37.585724
39,39-지,지체장애인협회,홍제1동,서대문구 통일로37길39-2,126.9442588,37.586469
40,40-지,지체장애인협회,홍제1동,서대문구 통일로37가길27,126.9446203,37.5865263
41,41-지,지체장애인협회,홍제1동,서대문구 통일로35길46,126.9454968,37.5870027
42,42-지,지체장애인협회,홍제1동,서대문구 통일로35길18,126.9455276,37.5864263
43,43-지,지체장애인협회,홍제1동,서대문구 통일로35길29,126.9451786,37.586279
44,44-지,지체장애인협회,홍제1동,서대문구 통일로37나길12,126.9431122,37.587486
45,45-지,지체장애인협회,홍제1동,서대문구 통일로37나길39,126.9425252,37.5865616
46,46-지,지체장애인협회,홍제1동,서대문구 통일로37나길49,126.9421342,37.5861887
47,47-지,지체장애인협회,홍제1동,서대문구 통일로37나길59,126.9417505,37.5860952
48,48-지,지체장애인협회,홍제1동,서대문구 통일로39길59-7,126.9413899,37.5867767
49,49-지,지체장애인협회,홍제1동,서대문구 통일로39길59-20,126.941096,37.586738
50,50-지,지체장애인협회,홍제1동,서대문구 통일로39길113-16,126.9404501,37.5859754
51,51-지,지체장애인협회,홍제1동,서대문구 통일로39길22-43,126.9422653,37.58892
52,52-지,지체장애인협회,홍제1동,서대문구 통일로39길22-46,126.9416205,37.5896801
53,53-지,지체장애인협회,홍제1동,서대문구 통일로39길38-24,126.9421676,37.5878289
54,54-지,지체장애인협회,홍제1동,서대문구 통일로39길68,126.9413142,37.5873257
55,55-지,지체장애인협회,홍제1동,서대문구 통일로39길80-8,126.9407743,37.5870685
56,56-지,지체장애인협회,홍제1동,서대문구 통일로39길92,126.9405791,37.5864631
57,57-지,지체장애인협회,홍제1동,서대문구 통일로39길102,126.9406084,37.5859948
58,58-지,지체장애인협회,홍제1동,서대문구 통일로39길114,126.9411111,37.585675
59,59-지,지체장애인협회,홍제1동,서대문구 홍제내길152,126.9375139,37.588625
60,60-지,지체장애인협회,홍제1동,서대문구 홍제내길174,126.938675,37.5889869
61,61-지,지체장애인협회,홍제1동,서대문구 홍제내길118,126.936285,37.5874607
62,62-지,지체장애인협회,홍제1동,서대문구 홍제내4길19,126.9375725,37.5876885
63,63-지,지체장애인협회,홍제1동,서대문구 홍제내2길66-10,126.9370323,37.5874584
64,64-지,지체장애인협회,홍제1동,서대문구 홍제내2길56,126.9372112,37.5868203
65,65-지,지체장애인협회,홍제1동,서대문구 홍제내2길67,126.936655,37.5869234
66,66-지,지체장애인협회,홍제1동,서대문구 홍제내2길33,126.9372009,37.5859552
67,67-지,지체장애인협회,홍제1동,서대문구 송죽길57,126.9379336,37.5853851
68,68-지,지체장애인협회,홍제1동,서대문구 송죽길57-8,126.9379947,37.5850703
69,69-지,지체장애인협회,홍제1동,서대문구 홍제내2바길23,126.9378961,37.5848352
70,70-지,지체장애인협회,홍제1동,서대문구 홍제내2길28,126.9370925,37.5856118
71,71-지,지체장애인협회,홍제1동,서대문구 홍제내2마길6,126.9366841,37.5848783
72,72-지,지체장애인협회,홍제1동,서대문구 홍제내2마길11-7,126.9370786,37.584999
73,73-지,지체장애인협회,홍제1동,서대문구 홍제내길46,126.9362586,37.5845411
74,74-지,지체장애인협회,홍제1동,서대문구 홍제내길12,126.9371493,37.5832156
75,75-지,지체장애인협회,홍제1동,서대문구 홍제내2라길13,126.9375526,37.5835166
76,76-지,지체장애인협회,홍제1동,서대문구 홍제내2마길24,126.9372829,37.5841719
77,77-지,지체장애인협회,홍제1동,서대문구 홍제내2마길25,126.9375881,37.5842017
78,78-지,지체장애인협회,홍제1동,서대문구 송죽길8,126.9400339,37.5841876
79,79-지,지체장애인협회,홍제1동,서대문구 송죽길49,126.9383231,37.5850643
80,80-지,지체장애인협회,홍제1동,서대문구 송죽길16,126.9396479,37.5842652
81,81-지,지체장애인협회,홍제2동,서대문구 통일로32길3,126.9490103,37.5851419
82,82-지,지체장애인협회,홍제2동,서대문구 통일로28길3-8,126.9497507,37.5840222
83,83-지,지체장애인협회,홍제2동,서대문구 홍제원6길5,126.9477997,37.5866899
84,84-지,지체장애인협회,홍제2동,서대문구 홍제원길15-12,126.9475192,37.5873091
85,85-지,지체장애인협회,홍제2동,서대문구 통일로36길20-2,126.9471408,37.5876481
86,86-지,지체장애인협회,홍제2동,서대문구 홍제원6길21,126.9484779,37.586768
87,87-지,지체장애인협회,홍제2동,서대문구 홍제원길30,126.948418,37.5870017
88,88-지,지체장애인협회,홍제2동,서대문구 홍제원6안길26,126.9491301,37.5870892
89,89-지,지체장애인협회,홍제2동,서대문구 통일로428-10,126.9463244,37.5877309
90,90-지,지체장애인협회,홍제2동,서대문구 통일로36길11,126.9465405,37.5876608
91,91-지,지체장애인협회,홍제2동,서대문구 통일로36나길4,126.9467638,37.587888
92,92-지,지체장애인협회,홍제2동,서대문구 통일로32길38-5,126.9505322,37.584804
93,93-지,지체장애인협회,홍제2동,서대문구 통일로32길38-3,126.9503951,37.5848929
94,94-지,지체장애인협회,홍제2동,서대문구 통일로36길46,126.9482643,37.5882708
95,95-지,지체장애인협회,홍제2동,서대문구 홍제원길45,126.9486269,37.5874451
96,96-지,지체장애인협회,홍제2동,서대문구 홍제원길22,126.9480012,37.5868539
97,97-지,지체장애인협회,홍제2동,서대문구 홍제원6안길16,126.9486357,37.5868235
98,98-지,지체장애인협회,홍제2동,서대문구 통일로36나길1,126.9465825,37.5878954
99,99-지,지체장애인협회,홍제2동,서대문구 홍제원6길36,126.9490533,37.5861064
100,100-지,지체장애인협회,홍제2동,서대문구 통일로20길40,126.9541009,37.5806008
101,101-지,지체장애인협회,홍제3동,서대문구 간호대로4길12,126.9481465,37.5974423
102,102-지,지체장애인협회,홍제3동,서대문구 간호대로48,126.9469112,37.5975123
103,103-지,지체장애인협회,홍제3동,서대문구 세검정로3길69-6,126.947409,37.5943271
104,104-지,지체장애인협회,홍제3동,서대문구 세검정로3길24,126.9458146,37.5925649
105,105-지,지체장애인협회,홍제3동,서대문구 간호대로25-40,126.9472232,37.5962627
106,106-지,지체장애인협회,홍제3동,서대문구 간호대로1길5,126.9486377,37.5963384
107,107-지,지체장애인협회,홍제3동,서대문구 세검정로78-10,126.9493167,37.5947586
108,108-지,지체장애인협회,홍제3동,서대문구 세검정로4가길13-28,126.9495658,37.5947608
109,109-지,지체장애인협회,홍제3동,서대문구 세검정로4가길13-14,126.9501188,37.5948919
110,110-지,지체장애인협회,홍제3동,서대문구 세검정로78-19,126.9490389,37.5951886
111,111-지,지체장애인협회,홍제3동,서대문구 문화촌1길3,126.9502651,37.5933434
112,112-지,지체장애인협회,홍제3동,서대문구 문화촌1길40,126.9515392,37.5921203
113,113-지,지체장애인협회,홍제3동,서대문구 세검정로4길91,126.9521652,37.5918916
114,114-지,지체장애인협회,홍제3동,서대문구 세검정로4길112,126.9525261,37.591183
115,115-지,지체장애인협회,홍제3동,서대문구 세검정로4길130,126.9532155,37.5904683
116,116-지,지체장애인협회,홍제3동,서대문구 세검정로4길51,126.9505933,37.5933553
117,117-지,지체장애인협회,홍제3동,서대문구 세검정로4다길14,126.9507094,37.5939601
118,118-지,지체장애인협회,홍제3동,서대문구 세무서길106-39,126.9479341,37.5924216
119,119-지,지체장애인협회,홍제3동,서대문구 세무서10길28,126.9487384,37.5915908
120,120-지,지체장애인협회,홍제3동,서대문구 세무서10길56,126.9478444,37.5907539
121,121-지,지체장애인협회,홍제3동,서대문구 세무서7길12-6,126.9465082,37.5915619
122,122-지,지체장애인협회,홍제3동,서대문구 간호대로1길52,126.9476796,37.5944106
123,123-지,지체장애인협회,홍제3동,서대문구 통일로40길37,126.9445818,37.5908599
124,124-지,지체장애인협회,홍제3동,서대문구 통일로40길28,126.9442948,37.5903348
125,125-지,지체장애인협회,홍제3동,서대문구 세무서3길25,126.9445254,37.5900395
126,126-지,지체장애인협회,홍제3동,서대문구 세무서길27,126.9454303,37.5893087
127,127-지,지체장애인협회,홍은1동,서대문구 통일로48나길14,126.940746,37.5962588
128,128-지,지체장애인협회,홍은1동,서대문구 통일로48가길13,126.9412073,37.5948663
129,129-지,지체장애인협회,홍은1동,서대문구 통일로48가길37,126.9420675,37.5949011
130,130-지,지체장애인협회,홍은1동,서대문구 세검정로1길71,126.9452317,37.5937491
131,131-지,지체장애인협회,홍은1동,서대문구 세검정로1길129,126.9462414,37.5960287
132,132-지,지체장애인협회,홍은1동,서대문구 세검정로1길95,126.9448914,37.5953949
133,133-지,지체장애인협회,홍은1동,서대문구 홍은중앙로3길22,126.9460376,37.5984326
134,134-지,지체장애인협회,홍은1동,서대문구 홍은중앙로5길64,126.9457927,37.6005388
135,135-지,지체장애인협회,홍은1동,서대문구 홍은중앙로9길15,126.9479633,37.5999995
136,136-지,지체장애인협회,홍은1동,서대문구 홍은중앙로9길25,126.9483407,37.6005435
137,137-지,지체장애인협회,홍은1동,서대문구 홍은중앙로9길88,126.9477964,37.6030075
138,138-지,지체장애인협회,홍은1동,서대문구 홍은중앙로9나길50,126.9470216,37.6017301
139,139-지,지체장애인협회,홍은1동,서대문구 홍은중앙로11길7,126.9487504,37.6012049
140,140-지,지체장애인협회,홍은1동,서대문구 홍은중앙로124-1,126.9495726,37.6015276
141,141-지,지체장애인협회,홍은1동,서대문구 홍은중앙로125,126.9490865,37.6014602
142,142-지,지체장애인협회,홍은1동,서대문구 홍은중앙로161-2,126.9497202,37.6047186
143,143-지,지체장애인협회,홍은1동,서대문구 홍은중앙로161-1,126.9496425,37.6046098
144,144-지,지체장애인협회,홍은1동,서대문구 홍은중앙로171,126.949755,37.6054667
145,145-지,지체장애인협회,홍은1동,서대문구 포방터길149,126.9500808,37.6032351
146,146-지,지체장애인협회,홍은1동,서대문구 포방터길143,126.9499921,37.6030991
147,147-지,지체장애인협회,홍은1동,서대문구 포방터길116,126.9498405,37.6018003
148,148-지,지체장애인협회,홍은1동,서대문구 포방터길99,126.9495783,37.6011222
149,149-지,지체장애인협회,홍은1동,서대문구 포방터8길4,126.949701,37.6004475
150,150-지,지체장애인협회,홍은1동,서대문구 포방터8길8,126.9499281,37.6004045
151,151-지,지체장애인협회,홍은1동,서대문구 포방터2가길5,126.9496183,37.5990772
152,152-지,지체장애인협회,홍은1동,서대문구 포방터2다길11,126.9505944,37.5989237
153,153-지,지체장애인협회,홍은1동,서대문구 포방터2길56,126.950802,37.5970424
154,154-지,지체장애인협회,홍은1동,서대문구 포방터2길71,126.951128,37.5964056
155,155-지,지체장애인협회,홍은1동,서대문구 포방터2길77-2,126.9513814,37.5961015
156,156-지,지체장애인협회,홍은1동,서대문구 포방터2길95,126.9520942,37.5961438
157,157-지,지체장애인협회,홍은1동,서대문구 홍은중앙로81,126.9466832,37.5984203
158,158-지,지체장애인협회,홍은1동,서대문구 홍지문길31,126.9556125,37.5972022
159,159-지,지체장애인협회,홍은1동,서대문구 홍지문2길43,126.956003,37.5976201
160,160-지,지체장애인협회,홍은1동,서대문구 홍지문2길23,126.9557883,37.5967803
161,161-지,지체장애인협회,홍은1동,서대문구 홍지문길6,126.9548846,37.5966191
162,162-지,지체장애인협회,홍은2동,서대문구 연희로41가길3,126.9351503,37.5900184
163,163-지,지체장애인협회,홍은2동,서대문구 연희로41가길11-29,126.934537,37.590148
164,164-지,지체장애인협회,홍은2동,서대문구 연희로41가길17,126.9344779,37.5903186
165,165-지,지체장애인협회,홍은2동,서대문구 연희로41길69-28,126.9341138,37.5912344
166,166-지,지체장애인협회,홍은2동,서대문구 연희로41나길1,126.9335388,37.5918599
167,167-지,지체장애인협회,홍은2동,서대문구 연희로41나길6,126.9338774,37.5919351
168,168-지,지체장애인협회,홍은2동,서대문구 연희로41나길5-8,126.9334104,37.5921291
169,169-지,지체장애인협회,홍은2동,서대문구 연희로41가길6,126.9350478,37.5900535
170,170-지,지체장애인협회,홍은2동,서대문구 연희로41가길93,126.9334303,37.5931114
171,171-지,지체장애인협회,홍은2동,서대문구 연희로41나길36,126.9339515,37.5930891
172,172-지,지체장애인협회,홍은2동,서대문구 연희로41나길16-2,126.934419,37.5920661
173,173-지,지체장애인협회,홍은2동,서대문구 연희로41길102,126.9346873,37.5931047
174,174-지,지체장애인협회,홍은2동,서대문구 연희로41길137,126.9341107,37.5946313
175,175-지,지체장애인협회,홍은2동,서대문구 연희로41라길5,126.9337371,37.5954208
176,176-지,지체장애인협회,홍은2동,서대문구 연희로41라길30,126.9330029,37.5944951
177,177-지,지체장애인협회,홍은2동,서대문구 연희로41가길103-13,126.9336923,37.5937985
178,178-지,지체장애인협회,홍은2동,서대문구 연희로41길51,126.9350138,37.5908551
179,179-지,지체장애인협회,홍은2동,서대문구 연희로41길35,126.9352603,37.5902446
180,180-지,지체장애인협회,홍은2동,서대문구 연희로39길12,126.934223,37.5867573
181,181-지,지체장애인협회,홍은2동,서대문구 연희로39길26-4,126.9342382,37.58728
182,182-지,지체장애인협회,홍은2동,서대문구 연희로39길40,126.9332874,37.5872534
183,183-지,지체장애인협회,홍은2동,서대문구 연희로39길48-1,126.9329468,37.5873224
184,184-지,지체장애인협회,홍은2동,서대문구 연희로39길56,126.9325397,37.5872827
185,185-지,지체장애인협회,홍은2동,서대문구 연희로39길54,126.9328211,37.5874024
186,186-지,지체장애인협회,홍은2동,서대문구 연희로39길63,126.9326604,37.5867612
187,187-지,지체장애인협회,홍은2동,서대문구 연희로39가길23-4,126.9322419,37.5875233
188,188-지,지체장애인협회,홍은2동,서대문구 연희로39길98 앞,126.9315706,37.5861656
189,189-지,지체장애인협회,홍은2동,서대문구 연희로39마길6,126.9308466,37.586916
190,190-지,지체장애인협회,홍은2동,서대문구 연희로39길141 앞,126.9304512,37.5876422
191,191-지,지체장애인협회,홍은2동,서대문구 연희로39길47-18,126.9327667,37.5864558
192,192-지,지체장애인협회,홍은2동,서대문구 연희로37길97,126.9344586,37.5861107
193,193-지,지체장애인협회,홍은2동,서대문구 연희로37길71,126.9346324,37.58504
194,194-지,지체장애인협회,홍은2동,서대문구 연희로37길83-5,126.9342824,37.5857667
195,195-지,지체장애인협회,홍은2동,서대문구 연희로37안길9-8 앞,126.9347132,37.5841397
196,196-지,지체장애인협회,홍은2동,서대문구 연희로37안길19-22,126.9351444,37.5832786
197,197-지,지체장애인협회,홍은2동,서대문구 연희로37안길19-14,126.9346756,37.5835987
198,198-지,지체장애인협회,홍은2동,서대문구 연희로37안길14-3,126.9344025,37.5844883
199,199-지,지체장애인협회,홍은2동,서대문구 연희로37길77-23,126.9334423,37.5859213
200,200-지,지체장애인협회,홍은2동,서대문구 연희로37길7,126.9357246,37.5822837
201,201-지,지체장애인협회,홍은2동,서대문구 모래내로17길80-1,126.9354545,37.5821731
202,202-지,지체장애인협회,홍은2동,서대문구 모래내로17길67,126.9347904,37.5818968
203,203-지,지체장애인협회,홍은2동,서대문구 모래내로17길61,126.9344984,37.581732
204,204-지,지체장애인협회,홍은2동,서대문구 모래내로17길53-3,126.9340282,37.5813583
205,205-지,지체장애인협회,홍은2동,서대문구 모래내로17길42,126.9338529,37.5809513
206,206-지,지체장애인협회,홍은2동,서대문구 백련사길28-8,126.9330802,37.5811516
207,207-지,지체장애인협회,홍은2동,서대문구 모래내로17안길40,126.932248,37.5815495
208,208-지,지체장애인협회,홍은2동,서대문구 모래내로17안길20,126.9333401,37.5819738
209,209-지,지체장애인협회,홍은2동,서대문구 모래내로17길29-10 앞,126.9329583,37.5809612
210,210-지,지체장애인협회,홍은2동,서대문구 모래내로17길21,126.9327274,37.5804816
211,211-지,지체장애인협회,홍은2동,서대문구 모래내로342-12,126.9350408,37.5802142
212,212-지,지체장애인협회,홍은2동,서대문구 연희로261-60,126.932882,37.5791675
213,213-지,지체장애인협회,홍은2동,서대문구 명지길6-8 앞,126.9308019,37.5789595
214,214-지,지체장애인협회,홍은2동,서대문구 명지길30,126.9300343,37.5795922
215,215-지,지체장애인협회,홍은2동,서대문구 명지길16,126.9305293,37.5790201
216,216-지,지체장애인협회,홍은2동,서대문구 명지길61,126.9287524,37.5805627
217,217-지,지체장애인협회,홍은2동,서대문구 명지길89,126.9277304,37.5815626
218,218-지,지체장애인협회,홍은2동,서대문구 명지길97,126.9274543,37.5818664
219,219-지,지체장애인협회,홍은2동,서대문구 가좌로100-21,126.9269183,37.5821409
220,220-지,지체장애인협회,홍은2동,서대문구 명지길137,126.9261202,37.583314
221,221-지,지체장애인협회,홍은2동,서대문구 명지길114 앞,126.9271736,37.5824946
222,222-지,지체장애인협회,홍은2동,서대문구 명지길130-10 앞,126.9271307,37.5831159
223,223-지,지체장애인협회,홍은2동,서대문구 가좌로2안길29,126.9261352,37.5846386
224,224-지,지체장애인협회,홍은2동,서대문구 가좌로2안길37-2,126.9264807,37.5850202
225,225-지,지체장애인협회,홍은2동,서대문구 가좌로2안길44-1 앞,126.9267852,37.5851041
226,226-지,지체장애인협회,홍은2동,서대문구 가좌로2안길7,126.9258788,37.5851409
227,227-지,지체장애인협회,홍은2동,서대문구 가좌로 2길 31,126.9251834,37.5854769
228,228-지,지체장애인협회,홍은2동,서대문구 가좌로 2길 26-11,126.9250475,37.5854757
229,229-지,지체장애인협회,홍은2동,서대문구 가좌로 2길 26-10,126.9247755,37.5854912
230,230-지,지체장애인협회,홍은2동,서대문구 가좌로 2길 50,126.9261873,37.5857384
231,231-지,지체장애인협회,홍은2동,서대문구 백련사길179,126.9272736,37.5857843
232,232-지,지체장애인협회,홍은2동,서대문구 가좌로2길23 앞,126.9246409,37.5854089
233,233-지,지체장애인협회,홍은2동,서대문구 가좌로4길9,126.9236764,37.5855533
234,234-지,지체장애인협회,홍은2동,서대문구 백련사길 187,126.927055,37.5860256
235,235-지,지체장애인협회,홍은2동,서대문구 가좌로2길5,126.9236909,37.5853282
236,236-지,지체장애인협회,홍은2동,서대문구 가재울로12,126.9227006,37.5739121
237,237-지,지체장애인협회,홍은2동,서대문구 가재울로2안길29-8,126.9240526,37.5751498
238,238-지,지체장애인협회,홍은2동,서대문구 가재울로2안길33,126.9243705,37.5750807
239,239-지,지체장애인협회,홍은2동,서대문구 가재울로4길36,126.9237661,37.5753905
240,240-지,지체장애인협회,홍은2동,서대문구 가재울로4길6,126.9225916,37.5744067
241,241-지,지체장애인협회,홍은2동,서대문구 가재울로10길34,126.9227402,37.5766606
242,242-지,지체장애인협회,홍은2동,서대문구 가재울로10길22,126.9222941,37.576197
243,243-지,지체장애인협회,홍은2동,서대문구 가재울로6길53-13,126.9234935,37.576235
244,244-지,지체장애인협회,홍은2동,서대문구 가재울로80,126.9204809,37.5763246
245,245-지,지체장애인협회,홍은2동,서대문구 가재울로12길24,126.9219372,37.5766082
246,246-지,지체장애인협회,홍은2동,서대문구 가재울로12길29,126.9220473,37.5768255
247,247-지,지체장애인협회,홍은2동,서대문구 증가로10길4 앞,126.923076,37.5777179
248,248-지,지체장애인협회,홍은2동,서대문구 증가로10길 74,126.9258198,37.5797972
249,249-지,지체장애인협회,홍은2동,서대문구 증가로10길 82-3,126.9262915,37.5800628
250,250-지,지체장애인협회,홍은2동,서대문구 증가로10길89,126.9264109,37.5804153
251,251-지,지체장애인협회,홍은2동,서대문구 증가로10길96-10,126.9270703,37.5802231
252,252-지,지체장애인협회,홍은2동,서대문구 가좌로79,126.9280233,37.5800876
253,253-지,지체장애인협회,홍은2동,서대문구 증가로8길 82-17,126.9282387,37.5792786
254,254-지,지체장애인협회,홍은2동,서대문구 가좌로65,126.9289666,37.5790419
255,255-지,지체장애인협회,홍은2동,서대문구 증가로6길82,126.9285397,37.5788128
256,256-지,지체장애인협회,홍은2동,서대문구 증가로4길83-2,126.9294171,37.5784153
257,257-지,지체장애인협회,홍은2동,서대문구 가좌로55 앞,126.9297224,37.5784451
258,258-지,지체장애인협회,홍은2동,서대문구 증가로4길74,126.9289101,37.5782485
259,259-지,지체장애인협회,홍은2동,서대문구 증가로64-5,126.9275118,37.5739109
260,260-지,지체장애인협회,홍은2동,서대문구 증가로6길50-15,126.9274542,37.5779289
261,261-지,지체장애인협회,홍은2동,서대문구 증가로8길56-7,126.9267271,37.5788954
262,262-지,지체장애인협회,홍은2동,서대문구 증가로8길70,126.9270138,37.5794297
263,263-지,지체장애인협회,홍은2동,서대문구 증가로8길70,126.9270138,37.5794297
264,264-지,지체장애인협회,홍은2동,서대문구 증가로8길76-15,126.9277656,37.5791121
265,265-지,지체장애인협회,홍은2동,서대문구 증가로4길38-16앞,126.9275045,37.5767941
266,266-지,지체장애인협회,홍은2동,서대문구 증가로4길39,126.9272222,37.5775304
267,267-지,지체장애인협회,홍은2동,서대문구 증가로4길26-65,126.9272675,37.5767379
268,268-지,지체장애인협회,홍은2동,서대문구 증가로8길47,126.9258439,37.5789054
269,269-지,지체장애인협회,홍은2동,서대문구 증가로10길60-23,126.9256286,37.5789215
270,270-지,지체장애인협회,홍은2동,서대문구 증가로10길48-5,126.9249365,37.5790233
271,271-지,지체장애인협회,홍은2동,서대문구 거북골로12-29,126.9251991,37.5812332
272,272-지,지체장애인협회,홍은2동,서대문구 거북골로8-15,126.925421,37.5815506
273,273-지,지체장애인협회,홍은2동,서대문구 명지대2길28,126.9254649,37.582434
274,274-지,지체장애인협회,홍은2동,서대문구 명지대2안길46,126.9241086,37.5838453
275,275-지,지체장애인협회,홍은2동,서대문구 명지대2안길46,126.9241086,37.5838453
276,276-지,지체장애인협회,홍은2동,서대문구 명지대2안길26,126.9245509,37.5830024
277,277-지,지체장애인협회,홍은2동,서대문구 명지대2안길17앞,126.9244768,37.5826503
278,278-지,지체장애인협회,남가좌2동,서대문구 증가로4길26-2,126.9265056,37.5769742
279,279-지,지체장애인협회,남가좌2동,서대문구 증가로108,126.925469,37.5766314
280,280-지,지체장애인협회,남가좌2동,서대문구 증가로6길18-16,126.9258942,37.5769777
281,281-지,지체장애인협회,남가좌2동,서대문구 증가로8길32,126.9251821,37.5784759
282,282-지,지체장애인협회,남가좌2동,서대문구 명지대1길6,126.9245415,37.5812993
283,283-지,지체장애인협회,남가좌2동,서대문구 명지대1길14,126.9241346,37.5812506
284,284-지,지체장애인협회,남가좌2동,서대문구 명지대길50-4,126.9239922,37.5824927
285,285-지,지체장애인협회,남가좌2동,서대문구 명지대5길1,126.9232724,37.5829456
286,286-지,지체장애인협회,남가좌2동,서대문구 명지대5길10-20,126.9227518,37.5837158
287,287-지,지체장애인협회,남가좌2동,서대문구 명지대2안길39,126.924034,37.5835202
288,288-지,지체장애인협회,남가좌2동,서대문구 명지대1가길14,126.9230008,37.5813664
289,289-지,지체장애인협회,남가좌2동,서대문구 명지대1가길23,126.9224835,37.5811184
290,290-지,지체장애인협회,남가좌2동,서대문구 명지대1나길5,126.9228239,37.5810674
291,291-지,지체장애인협회,남가좌2동,서대문구 명지대1나길28-1,126.9214244,37.5807663
292,292-지,지체장애인협회,남가좌2동,서대문구 명지대3길47-10,126.9212693,37.5813145
293,293-지,지체장애인협회,남가좌2동,서대문구 명지대3길47-6,126.921142,37.5815026
294,1-의,의류협동조합,신촌동,서대문구 연세로2다길 74,126.9417775,37.557785
295,2-의,의류협동조합,신촌동,서대문구 연세로2길 73-4,126.9409036,37.5571554
296,3-의,의류협동조합,신촌동,서대문구 이화여대2나길 23,126.946442,37.5584934
297,4-의,의류협동조합,신촌동,서대문구 이화여대8길 36,126.9477978,37.5586587
298,5-의,의류협동조합,신촌동,서대문구 성산로24길 1-20,126.9480784,37.5676806
299,6-의,의류협동조합,신촌동,서대문구 성산로 573-58,126.9475956,37.5682079
300,7-의,의류협동조합,신촌동,서대문구 성산로 573,126.9469422,37.5671839
301,8-의,의류협동조합,신촌동,서대문구 봉원사길 13,126.9463642,37.5672328
302,9-의,의류협동조합,신촌동,서대문구 봉원사길 31,126.9460592,37.5679869
303,10-의,의류협동조합,신촌동,서대문구 봉원사길 45,126.9458467,37.5686067
304,11-의,의류협동조합,신촌동,서대문구 봉원사길 41-5,126.9456223,37.5684696
305,12-의,의류협동조합,신촌동,서대문구 연대동문1길 73,126.9439381,37.5698962
306,13-의,의류협동조합,신촌동,서대문구 연대동문1길 31,126.9449898,37.5683648
307,14-의,의류협동조합,신촌동,서대문구 연대동문길 128,126.9459186,37.5675261
308,15-의,의류협동조합,신촌동,서대문구 연대동문길 128,126.9459186,37.5675261
309,16-의,의류협동조합,신촌동,서대문구 성산로 567-8,126.9462924,37.5667005
310,17-의,의류협동조합,신촌동,서대문구 성산로 559,126.9462105,37.5660871
311,18-의,의류협동조합,신촌동,서대문구 연대동문길 29,126.9438414,37.5639215
312,19-의,의류협동조합,신촌동,서대문구 신촌역로 22-5,126.9430407,37.5589045
313,20-의,의류협동조합,신촌동,서대문구 신촌역로 22-5,126.9430407,37.5589045
314,21-의,의류협동조합,신촌동,서대문구 이화여대5길 35,126.9437647,37.5581271
315,22-의,의류협동조합,신촌동,서대문구 이화여대5길 35,126.9437647,37.5581271
316,23-의,의류협동조합,신촌동,서대문구 이화여대1안길 22,126.9439519,37.5576963
317,24-의,의류협동조합,신촌동,서대문구 이화여대1길 33,126.9438354,37.5571276
318,25-의,의류협동조합,신촌동,서대문구 이화여대3길 6,126.9454067,37.5580697
319,26-의,의류협동조합,신촌동,서대문구 이화여대3길 6,126.9454067,37.5580697
320,27-의,의류협동조합,신촌동,서대문구 이화여대 2나길 5,126.946522,37.5576292
321,28-의,의류협동조합,연희동,서대문구 홍제천로174-8,126.9328086,37.5779685
322,29-의,의류협동조합,연희동,서대문구 홍연6길 56,126.933072,37.5769617
323,30-의,의류협동조합,연희동,서대문구 연희로33나길 20,126.9331339,37.5773857
324,31-의,의류협동조합,연희동,서대문구 연희로 233,126.9352988,37.578
325,32-의,의류협동조합,연희동,서대문구 가좌로 16-30,126.9339993,37.5770331
326,33-의,의류협동조합,연희동,서대문구 홍연길 101,126.9318563,37.5772661
327,34-의,의류협동조합,연희동,서대문구 홍연길 77,126.9305748,37.5766327
328,35-의,의류협동조합,연희동,서대문구 홍연길 16,126.9280181,37.5749246
329,36-의,의류협동조합,연희동,서대문구 증가로2길 74,126.9281019,37.5738171
330,37-의,의류협동조합,연희동,서대문구 증가로2길 52,126.9289961,37.5730323
331,38-의,의류협동조합,연희동,서대문구 증가로 71,126.9275118,37.5739109
332,39-의,의류협동조합,연희동,서대문구 홍제천로 94,126.9250561,37.5738525
333,40-의,의류협동조합,연희동,서대문구 홍제천로 40,126.9207684,37.5705246
334,41-의,의류협동조합,연희동,서대문구 연희로15길 104,126.9283933,37.5716483
335,42-의,의류협동조합,연희동,서대문구 홍제천로 34-2,126.9201415,37.5700323
336,43-의,의류협동조합,연희동,서대문구 연희로10가길 51-16,126.9311345,37.5644018
337,44-의,의류협동조합,연희동,서대문구 홍제천로2길 101,126.9232515,37.5718177
338,45-의,의류협동조합,연희동,서대문구 홍제천로 54-57,126.9233161,37.5704758
339,46-의,의류협동조합,연희동,서대문구 홍제천로 16-24,126.919388,37.5689081
340,47-의,의류협동조합,연희동,서대문구 성산로7안길 51,126.9220608,37.5672476
341,48-의,의류협동조합,연희동,서대문구 성산로7안길 25,126.9206643,37.5675412
342,49-의,의류협동조합,연희동,서대문구 성산로7길 11,126.9191755,37.5679511
343,50-의,의류협동조합,연희동,서대문구 연희로5길 98,126.9239329,37.5661565
344,51-의,의류협동조합,연희동,서대문구 연희로5길 52,126.9263331,37.5653313
345,52-의,의류협동조합,연희동,서대문구 연희로5길 16-13,126.9281997,37.5646185
346,53-의,의류협동조합,연희동,서대문구 연희로11가길 5,126.9294568,37.5677384
347,54-의,의류협동조합,연희동,서대문구 연희로11길 42,126.9295378,37.5684059
348,55-의,의류협동조합,연희동,서대문구 연희로25길 26,126.934054,37.5724023
349,56-의,의류협동조합,연희동,서대문구 연희로 193-7,126.9350247,37.5741951
350,57-의,의류협동조합,연희동,서대문구 연희로29길 42,126.9332586,37.5741972
351,58-의,의류협동조합,연희동,서대문구 연희로29길 5,126.9350734,37.5747452
352,59-의,의류협동조합,연희동,서대문구 연희로26나길 21,126.9367639,37.5736882
353,60-의,의류협동조합,연희동,서대문구 연희로24길 9-2,126.9355838,37.5714971
354,61-의,의류협동조합,연희동,서대문구 연희로22길 34-8,126.9351876,37.5691148
355,62-의,의류협동조합,연희동,서대문구 연희로20길 17,126.934501,37.5696312
356,63-의,의류협동조합,연희동,서대문구 연희로16길 26-1,126.9333604,37.5678549
357,64-의,의류협동조합,연희동,서대문구 연희로18길 40,126.9339372,37.5678871
358,65-의,의류협동조합,연희동,서대문구 연희로18길 35-4,126.9342382,37.5682142
359,66-의,의류협동조합,연희동,서대문구 연희로14길 40,126.9334619,37.5670899
360,67-의,의류협동조합,연희동,서대문구 연희로12길 13,126.9318336,37.566967
361,68-의,의류협동조합,연희동,서대문구 연희로10길 27,126.9321437,37.5658616
362,69-의,의류협동조합,연희동,서대문구 연희로12길 10-10,126.9315599,37.5663158
363,70-의,의류협동조합,연희동,서대문구 연희로12길 10-10,126.9315599,37.5663158
364,71-의,의류협동조합,연희동,서대문구 연희로8길 35,126.9320036,37.5653647
365,72-의,의류협동조합,연희동,서대문구 연희로10가길 51-16,126.9311345,37.5644018
366,73-의,의류협동조합,연희동,서대문구 연희로6길 9,126.9288319,37.5631555
367,74-의,의류협동조합,남가좌1동,서대문구 모래내로179,126.9202426,37.5716551
368,75-의,의류협동조합,북가좌1동,서대문구 거북골로223,126.9066644,37.5797565
369,76-의,의류협동조합,북가좌1동,서대문구 불광천길42,126.9049902,37.5781191
370,77-의,의류협동조합,북가좌1동,서대문구 불광천길14,126.9039967,37.5771548
371,78-의,의류협동조합,북가좌1동,서대문구 거북골로23길76,126.9042142,37.5769947
372,79-의,의류협동조합,북가좌1동,서대문구 거북골로23길 39,126.9057478,37.5781802
373,80-의,의류협동조합,북가좌1동,서대문구 거북골로23길 34-14,126.9055947,37.5785843
374,81-의,의류협동조합,북가좌1동,서대문구 거북골로23길 27,126.9062064,37.5785629
375,82-의,의류협동조합,북가좌1동,서대문구 거북골로 215-8,126.9071268,37.579103
376,83-의,의류협동조합,북가좌1동,서대문구 거북골로21길 34,126.9064165,37.5781324
377,84-의,의류협동조합,북가좌1동,서대문구 거북골로21길 45,126.9061174,37.5776791
378,85-의,의류협동조합,북가좌1동,서대문구 거북골로21길 32-21,126.9058767,37.5778841
379,86-의,의류협동조합,북가좌1동,서대문구 거북골로21길 32-6,126.9064128,37.5783846
380,87-의,의류협동조합,북가좌1동,서대문구 수색로8나길 36,126.9054213,37.5772852
381,88-의,의류협동조합,북가좌1동,서대문구 수색로10길 32,126.9049022,37.5763974
382,89-의,의류협동조합,북가좌1동,서대문구 수색로8가길 22,126.9057375,37.5765673
383,90-의,의류협동조합,북가좌1동,서대문구 수색로8길 26,126.9065535,37.5757279
384,91-의,의류협동조합,북가좌1동,서대문구 수색로8길 50,126.9072526,37.5766985
385,92-의,의류협동조합,북가좌1동,서대문구 수색로8나길 24-3,126.9059565,37.5770739
386,93-의,의류협동조합,북가좌1동,서대문구 수색로8나길 24,126.90589,37.5769742
387,94-의,의류협동조합,북가좌1동,서대문구 거북골로23길 20-4,126.9062211,37.5791037
388,95-의,의류협동조합,북가좌1동,서대문구 거북골로19길 10,126.9087968,37.5779381
389,96-의,의류협동조합,북가좌1동,서대문구 응암로 35,126.9085053,37.5769623
390,97-의,의류협동조합,북가좌2동,서대문구 응암로1길 17,126.909751,37.5815961
391,98-의,의류협동조합,북가좌2동,서대문구 거북골로22길 59-13,126.9093682,37.5814484
392,99-의,의류협동조합,북가좌2동,서대문구 거북골로22길 43,126.9094143,37.5806199
393,100-의,의류협동조합,북가좌2동,서대문구 거북골로22길 49-5,126.9094556,37.5808906
394,101-의,의류협동조합,북가좌2동,서대문구 거북골로24길 25,126.9079541,37.5805974
395,102-의,의류협동조합,북가좌2동,서대문구 거북골로22길 9-24,126.9081261,37.5796709
396,103-의,의류협동조합,북가좌2동,서대문구 거북골로22길 29-51,126.908368,37.5801687
397,104-의,의류협동조합,북가좌2동,서대문구 불광천길 142,126.908585,37.5815854
398,105-의,의류협동조합,북가좌2동,서대문구 불광천길 176,126.9098582,37.5827865
399,106-의,의류협동조합,북가좌2동,서대문구 불광천길 202,126.9107624,37.5836688
400,107-의,의류협동조합,북가좌2동,서대문구 증가로32길 42,126.9132221,37.585034
401,108-의,의류협동조합,북가좌2동,서대문구 증가로29길 30-15,126.9109474,37.5818505
402,109-의,의류협동조합,북가좌2동,서대문구 증가로23길 38,126.9130659,37.5802031
403,110-의,의류협동조합,북가좌2동,서대문구 증가로21길 20-7,126.9142862,37.5803675
404,111-의,의류협동조합,북가좌2동,서대문구 증가로 197-76,126.9151899,37.5773844
405,112-의,의류협동조합,북가좌2동,서대문구 거북골로14나길 24,126.9144922,37.5786574
406,113-의,의류협동조합,북가좌2동,서대문구 증가로23다길 44,126.9141115,37.5783656
407,114-의,의류협동조합,북가좌2동,서대문구 거북골로16길 42,126.913391,37.5773048
408,115-의,의류협동조합,북가좌2동,서대문구 거북골로16길 33,126.912958,37.577499
409,116-의,의류협동조합,북가좌2동,서대문구 거북골로18가길 7,126.910951,37.5777148
410,117-의,의류협동조합,북가좌2동,서대문구 거북골로18가길 5-8,126.9111402,37.5779418
411,118-의,의류협동조합,북가좌2동,서대문구 거북골로18나길 8,126.9112389,37.5781589
412,119-의,의류협동조합,북가좌2동,서대문구 거북골로18길 12,126.9106881,37.5778925
413,120-의,의류협동조합,북가좌2동,서대문구 거북골로14길 66,126.9140247,37.5781035
414,121-의,의류협동조합,북가좌2동,서대문구 거북골로14길 81,126.9133036,37.5786465
415,122-의,의류협동조합,북가좌2동,서대문구 거북골로18다길 26,126.9128347,37.5789755
416,123-의,의류협동조합,북가좌2동,서대문구 증가로28길 21,126.9146488,37.5826865
417,124-의,의류협동조합,북가좌2동,서대문구 증가로24바길 62,126.9188194,37.5831843
418,125-의,의류협동조합,북가좌2동,서대문구 증가로24바길 40,126.9176795,37.5829305
419,126-의,의류협동조합,북가좌2동,서대문구 증가로24마길 1,126.9165085,37.5824873
420,127-의,의류협동조합,북가좌2동,서대문구 증가로12나길34앞,126.9208744,37.5804369
421,128-의,의류협동조합,북가좌2동,서대문구 증가로20가길40-9앞,126.9206268,37.5811194
422,129-의,의류협동조합,북가좌2동,서대문구 증가로20가길44,126.920378,37.5810991
423,130-의,의류협동조합,북가좌2동,서대문구 증가로20가길45,126.9202839,37.5813415
424,131-의,의류협동조합,북가좌2동,서대문구 증가로20나길8-8 앞,126.9190484,37.5814384
425,132-의,의류협동조합,북가좌2동,서대문구 증가로20길46,126.9182035,37.5811513
426,133-의,의류협동조합,북가좌2동,서대문구 증가로20길30-14,126.9178373,37.5806344
427,134-의,의류협동조합,북가좌2동,서대문구 증가로20길34,126.9176976,37.5809034
428,135-의,의류협동조합,북가좌2동,서대문구 증가로20길7-2,126.9162971,37.5806653
429,136-의,의류협동조합,북가좌2동,서대문구 증가로24가길33-16,126.9180741,37.5822674
430,137-의,의류협동조합,북가좌2동,서대문구 증가로12나길105,126.9196713,37.5829938
431,138-의,의류협동조합,북가좌2동,서대문구 증가로12나길98,126.9200696,37.5828533
432,139-의,의류협동조합,북가좌2동,서대문구 증가로20가길73-3,126.9203183,37.5820987
433,140-의,의류협동조합,북가좌2동,서대문구 증가로20나길19-1,126.9196208,37.581786
434,141-의,의류협동조합,북가좌2동,서대문구 증가로20길68-10,126.9192915,37.5818551
435,142-의,의류협동조합,북가좌2동,서대문구 가좌로7라길50,126.9180596,37.5832674
436,143-의,의류협동조합,북가좌2동,서대문구 증가로24나길12,126.9161937,37.5815564
437,144-의,의류협동조합,북가좌2동,서대문구 증가로24나길44,126.9157142,37.5826062
438,145-의,의류협동조합,북가좌2동,서대문구 증가로24나길24-11,126.9161392,37.5821866
439,146-의,의류협동조합,북가좌2동,서대문구 증가로226-1,126.9141959,37.5819074
440,147-의,의류협동조합,북가좌2동,서대문구 증가로28길18-2,126.9146995,37.5823175
441,148-의,의류협동조합,북가좌2동,서대문구 증가로28안길40,126.9149643,37.5835724
442,149-의,의류협동조합,북가좌2동,서대문구 명지대1라길21,126.9226336,37.5817054
443,150-의,의류협동조합,천연동,서대문구 독립문로 12,126.9590536,37.5704719
444,151-의,의류협동조합,천연동,서대문구 독립문로 22-4,126.9605894,37.5699268
445,152-의,의류협동조합,천연동,서대문구 독립문로8길 54,126.9584671,37.5670699
446,153-의,의류협동조합,천연동,서대문구 독립문로10길 8-1,126.961074,37.5684534
447,154-의,의류협동조합,천연동,서대문구 독립문로10길 19,126.9608755,37.5680732
448,155-의,의류협동조합,천연동,서대문구 독립문로 62,126.9636448,37.5675479
449,156-의,의류협동조합,천연동,서대문구 독립문로 27,126.9613185,37.5695999
450,157-의,의류협동조합,천연동,서대문구 통일로9길 11,126.9644111,37.566978
451,158-의,의류협동조합,천연동,서대문구 성산로 704,126.9601358,37.5716168
452,1-고,고엽제전우회,북아현동,서대문구 신촌로29길14,126.9522149,37.5576438
453,2-고,고엽제전우회,북아현동,서대문구 신촌로33길6,126.9544993,37.5577722
454,3-고,고엽제전우회,북아현동,서대문구 북아현로14,126.9566366,37.5587191
455,4-고,고엽제전우회,북아현동,서대문구 북아현로4길8,126.9570944,37.5591647
456,5-고,고엽제전우회,북아현동,서대문구 북아현로2안길12,126.9567935,37.5580177
457,6-고,고엽제전우회,북아현동,서대문구 북아현로4라길15,126.9583374,37.5584999
458,7-고,고엽제전우회,북아현동,서대문구 신촌로37길39-16,126.9590144,37.55865
459,8-고,고엽제전우회,북아현동,서대문구 북아현로4가길17-22,126.9587471,37.5591522
460,9-고,고엽제전우회,북아현동,서대문구 북아현로4가길10,126.9583181,37.5590764
461,10-고,고엽제전우회,북아현동,서대문구 북아현로4길23-5,126.9576655,37.5596112
462,11-고,고엽제전우회,북아현동,서대문구 북아현로4길29,126.9580139,37.5597855
463,12-고,고엽제전우회,북아현동,서대문구 북아현로4길41-2,126.9586893,37.5600528
464,13-고,고엽제전우회,북아현동,서대문구 북아현로4마길28-57,126.9607191,37.5597823
465,14-고,고엽제전우회,북아현동,서대문구 북아현로4마길42-7,126.9606532,37.5604485
466,15-고,고엽제전우회,북아현동,서대문구 북아현로4아길8,126.9594296,37.5605368
467,16-고,고엽제전우회,북아현동,서대문구 북아현로4자길16,126.9596805,37.5612148
468,17-고,고엽제전우회,북아현동,서대문구 북아현로4자길27옆,126.9591311,37.5616515
469,18-고,고엽제전우회,북아현동,서대문구 북아현로6길78,126.9588341,37.5610362
470,19-고,고엽제전우회,북아현동,서대문구 북아현로6길87,126.9583682,37.5611672
471,20-고,고엽제전우회,북아현동,서대문구 북아현로6길65-12,126.9583625,37.5607617
472,21-고,고엽제전우회,북아현동,서대문구 북아현로6길67,126.9585034,37.5603935
473,22-고,고엽제전우회,북아현동,서대문구 북아현로6길51,126.9577492,37.5600985
474,23-고,고엽제전우회,북아현동,서대문구 북아현로6길19-13,126.9573715,37.5612125
475,24-고,고엽제전우회,북아현동,서대문구 북아현로4가길 35-10,126.9598624,37.5587116
476,25-고,고엽제전우회,신촌동,서대문구 성산로400,126.9321389,37.5614375
477,26-고,고엽제전우회,신촌동,서대문구 신촌로9길 37-10,126.9325727,37.5588014
478,27-고,고엽제전우회,신촌동,서대문구 성산로22길4,126.9333423,37.5603941
479,28-고,고엽제전우회,신촌동,서대문구 성산로22길24-12,126.9335516,37.5599996
480,29-고,고엽제전우회,신촌동,서대문구 성산로22길36,126.9342749,37.5592853
481,30-고,고엽제전우회,신촌동,서대문구 신촌로 1안길 20,126.9298107,37.5604072
482,31-고,고엽제전우회,신촌동,서대문구 신촌로11길33,126.9332836,37.558159
483,32-고,고엽제전우회,신촌동,서대문구 신촌로7길 50-7,126.9330103,37.5590666
484,33-고,고엽제전우회,신촌동,서대문구 신촌로11길11-46,126.9326493,37.5573964
485,34-고,고엽제전우회,신촌동,서대문구 신촌로3가길21,126.9301702,37.558221
486,35-고,고엽제전우회,신촌동,서대문구 신촌로3나길7-36,126.9303147,37.5591954
487,36-고,고엽제전우회,신촌동,서대문구 신촌로3나길10,126.9299926,37.558769
488,37-고,고엽제전우회,신촌동,서대문구 연희로2길63,126.9281104,37.5590042
489,38-고,고엽제전우회,신촌동,서대문구 연희로2길55,126.9282424,37.5592667
490,39-고,고엽제전우회,신촌동,서대문구 연희로2안길7-22,126.9274774,37.5597373
491,40-고,고엽제전우회,신촌동,서대문구 연희로2길6,126.9270559,37.5607156
492,41-고,고엽제전우회,신촌동,서대문구 연희로2길11,126.9274945,37.5609088
493,42-고,고엽제전우회,신촌동,서대문구 연희로2길13,126.9276303,37.56091
494,43-고,고엽제전우회,신촌동,서대문구 연희로2길37,126.9282974,37.5601682
495,44-고,고엽제전우회,신촌동,서대문구 신촌로7안길79,126.9321361,37.5600498
496,45-고,고엽제전우회,신촌동,서대문구 신촌로7안길12,126.9316834,37.5592528
497,46-고,고엽제전우회,신촌동,서대문구 신촌로7안길59-8,126.9310608,37.560842
498,47-고,고엽제전우회,신촌동,서대문구 성산로20길24,126.9316554,37.5612168
499,48-고,고엽제전우회,신촌동,서대문구 연세로4길73,126.9403276,37.558673
500,49-고,고엽제전우회,신촌동,서대문구 연세로2나길 42,126.9392111,37.5575907
501,50-고,고엽제전우회,신촌동,서대문구 연세로2라길51,126.9412973,37.5581321
502,51-고,고엽제전우회,신촌동,서대문구 연세로2나길69,126.9404677,37.5583679
503,52-고,고엽제전우회,신촌동,서대문구 연세로2나길34,126.9389086,37.5573718
504,53-고,고엽제전우회,신촌동,서대문구 연세로2라길3,126.9394875,37.5572508
505,54-고,고엽제전우회,신촌동,서대문구 연세로2길55,126.9397885,37.556776
506,55-고,고엽제전우회,신촌동,서대문구 명물1길 30,126.9375655,37.5587022
